year,position,driver_1,driver_2,constructor
1963,1,Harry Firth,Bob Jane,Ford Cortina GT
1963,2,Frank Morgan,Ralph Sach,Holden EH S4
1963,3,Bruce McPhee,Graham Ryan,Ford Cortina GT
1963,4,Tony Reynolds,Tony Allen,Valiant AP5
1963,5,Geoff Russell,John Reaburn,Ford Zephyr
1963,6,Doug Chivas,Ken Wilkinson,Morris Cooper
1963,7,Jim Gates,Mike Nedelko,Morris Cooper
1963,8,Bill Cunliffe,Barry Broomhall,Ford Cortina GT
1963,9,Harry Budd,R. Smith,Holden EH S4
1963,10,Alan Caelli,Ern Abbott,Ford Cortina 1500
1963,11,Max Volkers,K. Burns,Ford Cortina 1500
1963,12,Wal Donnelly,John Marchiori,Morris Cooper
1963,13,Des West,John Martin,Morris Cooper
1963,14,Om Harding,Adrian Yannucelli,Morris Cooper
1963,15,Ian Grant,Trevor Marden,Holden EH S4
1963,16,Frank Matich,George Murray,Renault R8
1963,17,John Connolly,Bob Draper,Renault R8
1963,18,Bob Holden,Bill March,Peugeot 404
1963,19,Bill Ford,Barry Ferguson,Volkswagen
1963,20,Don Holland,Lindsay Little,Morris Mini 850
1963,21,Brian Foley,Peter Manton,Morris Cooper
1963,22,George Reynolds,Jim McKeown,Volkswagen
1963,23,Kevin Bartlett,Bill Reynolds,Holden EH S4
1963,24,Phil McCumisky,Lex Brailey,Holden FB
1963,25,Peter Brown,Ron Marshall,Morris Cooper
1963,26,Am Andrews,Rocky Tresise,Volkswagen
1963,27,Bert Needham,Warren Weldon,Studebaker Lark
1963,28,Charlie Smith,Ron Hodgson,Morris Cooper
1963,29,Ken Brigden,Bruce Smith,Simca Aronde
1963,30,Greg Mackie,Graham White,Volkswagen
1963,31,John Alexander,Bill Stanley,Morris Mini 850
1963,32,Barry Gurdon,Jerry Trevor-Jones,Morris Elite
1963,33,Jack Murray,Alan Edney,Morris Elite
1963,34,Barry Seton,Herb Taylor,Morris Mini 850
1963,35,Warren Blomfield,Lorraine Hill,Morris Elite
1963,36,Ron Thorp,Jim White,Morris Elite
1963,37,Frank Hann,Graham Forrest,Volkswagen
1963,38,Brian Muir,Spencer Martin,Holden EH S4
1963,39,Tom Corcoran,Digby Cooke,Morris Mini 850
1963,40,Fred Sutherland,Les Park,Renault Gordini
1963,41,Barry Collerson,Les Howard,Fiat 770
1963,42,David Walker,Ron Clarke,Renault R8
1963,43,Mike Callan,Jim Bonthorne,Triumph Herald
1963,44,Kevin Nicholson,Fred Gibson,Morris Mini 850
1963,45,Bill Burns,Brian Lawler,Humber Snipe
1963,500,Armstrong 500 Mount Panorama,Bathurst 6th October,Armstrong 500 Mount Panorama Bathurst 6th October 1963 Number of Laps: 130 Total Race Time: 7:46:99.10 Fastest lap: N/A Classes: Class A - Up to £900; Class B - £901 to £1000; Class C - £1001 to £1200; Class D - £1201 to £2000 In 1963 the race was moved to the Mount at a time when both manufacturers and sponsors were beginning to understand the potential commercial gains to be made such was the amount of support the race had so quickly garnered from the public. It was only natural for the manufacturers to want to have success on the Mountain knowing only too well that a victory at this event would ensure sales the next day. Thus began the manufacture of "Bathurst Specials" cars designed specifically for the big race. The first came in 1963 with the Holden EH S4 which featured a 179ci engine and 3.36:1 diff. Although 6 would be entered that year it was the all conquering GT Cortina 1500 of Bob Jane and Harry Firth that would take the honours. Please Note: You can sort this listing by simply clicking on the column heading PLACE DRIVER / CO DRIVER(S) VEHICLE CLASS LAPS 1 Harry Firth / Bob Jane Ford Cortina GT C 130 2 Frank Morgan / Ralph Sach Holden EH S4 C 129 3 Bruce McPhee / Graham Ryan Ford Cortina GT C 129 4 Tony Reynolds / Tony Allen Valiant AP5 D 126 5 Geoff Russell / John Reaburn Ford Zephyr D 126 6 Doug Chivas / Ken Wilkinson Morris Cooper B 125 7 Jim Gates / Mike Nedelko Morris Cooper B 125 8 Bill Cunliffe / Barry Broomhall Ford Cortina GT C 124 9 Harry Budd / R. Smith Holden EH S4 C 123 10 Alan Caelli / Ern Abbott Ford Cortina 1500 B 123 11 Max Volkers / K. Burns Ford Cortina 1500 B 123 12 Wal Donnelly / John Marchiori Morris Cooper B 122 13 Des West / John Martin Morris Cooper B 120 14 Om Harding / Adrian Yannucelli Morris Cooper B 120 15 Ian Grant / Trevor Marden Holden EH S4 C 120 16 Frank Matich / George Murray Renault R8 B 119 17 John Connolly / Bob Draper Renault R8 B 119 18 Bob Holden / Bill March Peugeot 404 D 119 19 Bill Ford / Barry Ferguson Volkswagen A 116 20 Don Holland / Lindsay Little Morris Mini 850 B 116 21 Brian Foley / Peter Manton Morris Cooper B 116 22 George Reynolds / Jim McKeown Volkswagen A 115 23 Kevin Bartlett / Bill Reynolds Holden EH S4 C 115 24 Phil McCumisky / Lex Brailey Holden FB C 115 25 Peter Brown / Ron Marshall Morris Cooper B 115 26 Am Andrews / Rocky Tresise Volkswagen A 115 27 Bert Needham / Warren Weldon Studebaker Lark D 115 28 Charlie Smith / Ron Hodgson Morris Cooper B 115 29 Ken Brigden / Bruce Smith Simca Aronde B 114 30 Greg Mackie / Graham White Volkswagen A 113 31 John Alexander / Bill Stanley Morris Mini 850 A 113 32 Barry Gurdon / Jerry Trevor-Jones Morris Elite B 113 33 Jack Murray / Alan Edney Morris Elite B 113 34 Barry Seton / Herb Taylor Morris Mini 850 A 112 35 Warren Blomfield / Lorraine Hill Morris Elite B 112 36 Ron Thorp / Jim White Morris Elite B 111 37 Frank Hann / Graham Forrest Volkswagen A 111 38 Brian Muir / Spencer Martin Holden EH S4 C 111 39 Tom Corcoran / Digby Cooke Morris Mini 850 A 111 40 Fred Sutherland / Les Park Renault Gordini B 110 41 Barry Collerson / Les Howard Fiat 770 A 103 42 David Walker / Ron Clarke Renault R8 B 102 43 Mike Callan / Jim Bonthorne Triumph Herald A 101 44 Kevin Nicholson / Fred Gibson Morris Mini 850 A 89 45 Bill Burns / Brian Lawler Humber Snipe D 21 DNF Tony Hill / Frank Kleinig Morris Mini 850 A DNF DNF Doug Kelley / Graham Kelley Morris Cooper B DNF DNF Dave Humphries / Mike Martin Morris Cooper B DNF DNF Sid Howard / Les Weiley Morris Cooper B DNF DNF Paul Bolton / Laurie Stewart Morris Cooper B DNF DNF Carl Kennedy / Doug Stewart Simca Aronde B DNF DNF Ian Geoghegan / Leo Geoghegan Ford Cortina GT C DNF DNF Jim O'Shaunnessy / John Brindley Holden EH S4 C DNF DNF Bob Cook / Alwyn Rose Valiant S D DNF DNF Jim Wright / Ian Ferguson Studebaker Lark D DNF DNF David McKay / Greg Cusack Vauxhall Velox D DNF DNF Bill Coe / Syd Fisher Peugeot 404 D DNF
1963,500,Armstrong 500 Mount Panorama,Bathurst 6th October,Armstrong 500 Mount Panorama Bathurst 6th October 1963 Number of Laps: 130 Total Race Time: 7:46:99.10 Fastest lap: N/A Classes: Class A - Up to £900; Class B - £901 to £1000; Class C - £1001 to £1200; Class D - £1201 to £2000 In 1963 the race was moved to the Mount at a time when both manufacturers and sponsors were beginning to understand the potential commercial gains to be made such was the amount of support the race had so quickly garnered from the public. It was only natural for the manufacturers to want to have success on the Mountain knowing only too well that a victory at this event would ensure sales the next day. Thus began the manufacture of "Bathurst Specials" cars designed specifically for the big race. The first came in 1963 with the Holden EH S4 which featured a 179ci engine and 3.36:1 diff. Although 6 would be entered that year it was the all conquering GT Cortina 1500 of Bob Jane and Harry Firth that would take the honours. Please Note: You can sort this listing by simply clicking on the column heading PLACE DRIVER / CO DRIVER(S) VEHICLE CLASS LAPS 1 Harry Firth / Bob Jane Ford Cortina GT C 130 2 Frank Morgan / Ralph Sach Holden EH S4 C 129 3 Bruce McPhee / Graham Ryan Ford Cortina GT C 129 4 Tony Reynolds / Tony Allen Valiant AP5 D 126 5 Geoff Russell / John Reaburn Ford Zephyr D 126 6 Doug Chivas / Ken Wilkinson Morris Cooper B 125 7 Jim Gates / Mike Nedelko Morris Cooper B 125 8 Bill Cunliffe / Barry Broomhall Ford Cortina GT C 124 9 Harry Budd / R. Smith Holden EH S4 C 123 10 Alan Caelli / Ern Abbott Ford Cortina 1500 B 123 11 Max Volkers / K. Burns Ford Cortina 1500 B 123 12 Wal Donnelly / John Marchiori Morris Cooper B 122 13 Des West / John Martin Morris Cooper B 120 14 Om Harding / Adrian Yannucelli Morris Cooper B 120 15 Ian Grant / Trevor Marden Holden EH S4 C 120 16 Frank Matich / George Murray Renault R8 B 119 17 John Connolly / Bob Draper Renault R8 B 119 18 Bob Holden / Bill March Peugeot 404 D 119 19 Bill Ford / Barry Ferguson Volkswagen A 116 20 Don Holland / Lindsay Little Morris Mini 850 B 116 21 Brian Foley / Peter Manton Morris Cooper B 116 22 George Reynolds / Jim McKeown Volkswagen A 115 23 Kevin Bartlett / Bill Reynolds Holden EH S4 C 115 24 Phil McCumisky / Lex Brailey Holden FB C 115 25 Peter Brown / Ron Marshall Morris Cooper B 115 26 Am Andrews / Rocky Tresise Volkswagen A 115 27 Bert Needham / Warren Weldon Studebaker Lark D 115 28 Charlie Smith / Ron Hodgson Morris Cooper B 115 29 Ken Brigden / Bruce Smith Simca Aronde B 114 30 Greg Mackie / Graham White Volkswagen A 113 31 John Alexander / Bill Stanley Morris Mini 850 A 113 32 Barry Gurdon / Jerry Trevor-Jones Morris Elite B 113 33 Jack Murray / Alan Edney Morris Elite B 113 34 Barry Seton / Herb Taylor Morris Mini 850 A 112 35 Warren Blomfield / Lorraine Hill Morris Elite B 112 36 Ron Thorp / Jim White Morris Elite B 111 37 Frank Hann / Graham Forrest Volkswagen A 111 38 Brian Muir / Spencer Martin Holden EH S4 C 111 39 Tom Corcoran / Digby Cooke Morris Mini 850 A 111 40 Fred Sutherland / Les Park Renault Gordini B 110 41 Barry Collerson / Les Howard Fiat 770 A 103 42 David Walker / Ron Clarke Renault R8 B 102 43 Mike Callan / Jim Bonthorne Triumph Herald A 101 44 Kevin Nicholson / Fred Gibson Morris Mini 850 A 89 45 Bill Burns / Brian Lawler Humber Snipe D 21 DNF Tony Hill / Frank Kleinig Morris Mini 850 A DNF DNF Doug Kelley / Graham Kelley Morris Cooper B DNF DNF Dave Humphries / Mike Martin Morris Cooper B DNF DNF Sid Howard / Les Weiley Morris Cooper B DNF DNF Paul Bolton / Laurie Stewart Morris Cooper B DNF DNF Carl Kennedy / Doug Stewart Simca Aronde B DNF DNF Ian Geoghegan / Leo Geoghegan Ford Cortina GT C DNF DNF Jim O'Shaunnessy / John Brindley Holden EH S4 C DNF DNF Bob Cook / Alwyn Rose Valiant S D DNF DNF Jim Wright / Ian Ferguson Studebaker Lark D DNF DNF David McKay / Greg Cusack Vauxhall Velox D DNF DNF Bill Coe / Syd Fisher Peugeot 404 D DNF
1963,500,Armstrong 500 Mount Panorama,Bathurst 6th October,Armstrong 500 Mount Panorama Bathurst 6th October 1963
1963,500,Armstrong 500 Mount Panorama,Bathurst 6th October,Number of Laps: 130 Total Race Time: 7:46:99.10 Fastest lap: N/A Classes: Class A - Up to £900; Class B - £901 to £1000; Class C - £1001 to £1200; Class D - £1201 to £2000
1964,1,Bob Jane,George Reynolds,Cortina GT
1964,2,Barry Seton,Herb Taylor,Cortina GT
1964,3,Harry Firth,John Reaburn,Cortina GT
1964,4,Bert Needham,Warren Weldon,Studebaker
1964,5,Ron Hodgson,John French,Cortina GT
1964,6,Leo Geoghegan,Ian Geoghegan,Cortina GT
1964,7,Bruce McPhee,Barry Mulholland,Cortina GT
1964,8,Fred Sutherland,Alan Mottram,Studebaker
1964,9,Charlie Smith,Bruce Maher,Morris Cooper
1964,10,Bill Buckle,Brian Foley,Citroen
1964,11,Bill Burns,Brian Lawler,Ford Zephyr
1964,12,Arthur Davis,Paul Mander,Triumph 2000
1964,13,Bob Cook,Alwyn Rose,Valiant
1964,14,Don Holland,Laurie Stewart,Morris Cooper
1964,15,Barry Thiele,Ray Kaleda,Morris Cooper
1964,16,Warren Blomfield,Jerry Trevor-Jones,Morris Cooper
1964,17,Bill March,Jim White,Renault R8
1964,18,John Connolly,Rex Emmett,Renault R8
1964,19,Bob Holden,Ken Pascal,Renault R8
1964,20,Bill Barnett,Don Johnston,Humber Vogue
1964,21,Bill Gates,Brian Fleming,Renault R8
1964,22,Peter Brown,Ray Gulson,Morris Cooper
1964,23,Les Park,John Roxburgh,Renault R8
1964,24,Lex Davison,Rocky Tresise,Triumph 2000
1964,25,Tony Reynolds,Tony Allen,Triumph 2000
1964,26,Jim Bonthorne,John Dando,Cortina 1500
1964,27,Spencer Martin,Bill Brown,Vauxhall Viva
1964,28,Brian Muir,Ron Clarke,Vauxhall Viva
1964,29,Arnold Ahrenfeld,John Marchiori,Vauxhall Viva
1964,30,Mike Martin,John Prisk,Morris Cooper
1964,31,Mike Champion,Tony Simmons,Vauxhall Viva
1964,32,Jack Gates,Mike Nedelko,Vauxhall Viva
1964,33,George Murray,C. McLean,Vauxhall Viva
1964,34,Alton Boddenberg,Digby Cooke,Simca
1964,35,David Walker,Brian Milton,VW 1200
1964,36,Peter Williamson,Midge Bosworth,Hillman Imp
1964,37,Chris McSorley,Phil West,Hillman Imp
1964,38,Lionel Ayers,Denis Geary,Hillman Imp
1964,39,Bernie Haehnle,Neil McKay,VW 1200
1964,40,Bill Ford,Barry Ferguson,VW 1200
1964,41,Lorraine Hill,Brian Reed,Hillman Imp
1964,42,Paul Bolton,John Schroder,Hillman Imp
1964,43,Frank Hann,Graham Forrest,VW 1200
1964,44,Max Stewart,Bob Salter,Triumph 2000
1964,45,Matt Daddo,Keith Russell,Morris 850
1964,46,Brian McGrath,David Burton,Renault R8
1964,47,Lyndon McLeod,Lionel Williams,Holden Premier
1964,500,Armstrong 500 Mount Panorama,Bathurst 4th October,Armstrong 500 Mount Panorama Bathurst 4th October 1964 Number of Laps: 130 Total Race Time: N/A Fastest lap: Geoghegan/Geoghegan 3:21.3 (110.38 km/h) Classes: Class A - Up to £900; Class B - £901 to £1000; Class C - £1001 to £1200; Class D - £1201 to £2000 Please Note: You can sort this listing by simply clicking on the column heading PLACE DRIVER / CO DRIVER(S) VEHICLE CLASS LAPS 1 Bob Jane / George Reynolds Cortina GT C 130 2 Barry Seton / Herb Taylor Cortina GT C 130 3 Harry Firth / John Reaburn Cortina GT C 129 4 Bert Needham / Warren Weldon Studebaker D 128 5 Ron Hodgson / John French Cortina GT C 127 6 Leo Geoghegan / Ian Geoghegan Cortina GT C 127 7 Bruce McPhee / Barry Mulholland Cortina GT C 126 8 Fred Sutherland / Alan Mottram Studebaker D 126 9 Charlie Smith / Bruce Maher Morris Cooper B 124 10 Bill Buckle / Brian Foley Citroen D 124 11 Bill Burns / Brian Lawler Ford Zephyr D 123 12 Arthur Davis / Paul Mander Triumph 2000 D 123 13 Bob Cook / Alwyn Rose Valiant D 123 14 Don Holland / Laurie Stewart Morris Cooper B 123 15 Barry Thiele / Ray Kaleda Morris Cooper B 121 16 Warren Blomfield / Jerry Trevor-Jones Morris Cooper B 120 17 Bill March / Jim White Renault R8 B 120 18 John Connolly / Rex Emmett Renault R8 B 120 19 Bob Holden / Ken Pascal Renault R8 B 119 20 Bill Barnett / Don Johnston Humber Vogue D 119 21 Bill Gates / Brian Fleming Renault R8 B 119 22 Peter Brown / Ray Gulson Morris Cooper B 118 23 Les Park / John Roxburgh Renault R8 B 117 24 Lex Davison / Rocky Tresise Triumph 2000 D 117 25 Tony Reynolds / Tony Allen Triumph 2000 D 116 26 Jim Bonthorne / John Dando Cortina 1500 B 116 27 Spencer Martin / Bill Brown Vauxhall Viva A 116 28 Brian Muir / Ron Clarke Vauxhall Viva A 115 29 Arnold Ahrenfeld / John Marchiori Vauxhall Viva A 114 30 Mike Martin / John Prisk Morris Cooper B 114 31 Mike Champion / Tony Simmons Vauxhall Viva A 114 32 Jack Gates / Mike Nedelko Vauxhall Viva A 114 33 George Murray / C. McLean Vauxhall Viva A 112 34 Alton Boddenberg / Digby Cooke Simca B 112 35 David Walker / Brian Milton VW 1200 A 112 36 Peter Williamson / Midge Bosworth Hillman Imp A 112 37 Chris McSorley / Phil West Hillman Imp A 110 38 Lionel Ayers / Denis Geary Hillman Imp A 110 39 Bernie Haehnle / Neil McKay VW 1200 A 110 40 Bill Ford / Barry Ferguson VW 1200 A 109 41 Lorraine Hill / Brian Reed Hillman Imp A 108 42 Paul Bolton / John Schroder Hillman Imp A 107 43 Frank Hann / Graham Forrest VW 1200 A 105 44 Max Stewart / Bob Salter Triumph 2000 D 105 45 Matt Daddo / Keith Russell Morris 850 A 104 46 Brian McGrath / David Burton Renault R8 B 103 47 Lyndon McLeod / Lionel Williams Holden Premier D 95 DNF Bob Skelton / Phil Ismay Holden 179 D DNF DNF Bryan Thomson / Bruce Wilson NSU Prinz A DNF DNF Peter Cray / Phil Barnes Morris 850 A DNF DNF Bill Stanley / Steve Harvey Morris 850 A DNF DNF Eric Lane / Stan Pomroy Morris 850 A DNF DNF Lex Bailey / Bill Orr Hillman Imp A DNF DNF Anthony Cooper / Joe Hills Cortina GT C DNF DNF Ian Grant / W. Mitchell Holden 179 C DNF DNF Ralph Sach / Max Brunninghausen Vauxhall Velox D DNF
1964,500,Armstrong 500 Mount Panorama,Bathurst 4th October,Armstrong 500 Mount Panorama Bathurst 4th October 1964 Number of Laps: 130 Total Race Time: N/A Fastest lap: Geoghegan/Geoghegan 3:21.3 (110.38 km/h) Classes: Class A - Up to £900; Class B - £901 to £1000; Class C - £1001 to £1200; Class D - £1201 to £2000 Please Note: You can sort this listing by simply clicking on the column heading PLACE DRIVER / CO DRIVER(S) VEHICLE CLASS LAPS 1 Bob Jane / George Reynolds Cortina GT C 130 2 Barry Seton / Herb Taylor Cortina GT C 130 3 Harry Firth / John Reaburn Cortina GT C 129 4 Bert Needham / Warren Weldon Studebaker D 128 5 Ron Hodgson / John French Cortina GT C 127 6 Leo Geoghegan / Ian Geoghegan Cortina GT C 127 7 Bruce McPhee / Barry Mulholland Cortina GT C 126 8 Fred Sutherland / Alan Mottram Studebaker D 126 9 Charlie Smith / Bruce Maher Morris Cooper B 124 10 Bill Buckle / Brian Foley Citroen D 124 11 Bill Burns / Brian Lawler Ford Zephyr D 123 12 Arthur Davis / Paul Mander Triumph 2000 D 123 13 Bob Cook / Alwyn Rose Valiant D 123 14 Don Holland / Laurie Stewart Morris Cooper B 123 15 Barry Thiele / Ray Kaleda Morris Cooper B 121 16 Warren Blomfield / Jerry Trevor-Jones Morris Cooper B 120 17 Bill March / Jim White Renault R8 B 120 18 John Connolly / Rex Emmett Renault R8 B 120 19 Bob Holden / Ken Pascal Renault R8 B 119 20 Bill Barnett / Don Johnston Humber Vogue D 119 21 Bill Gates / Brian Fleming Renault R8 B 119 22 Peter Brown / Ray Gulson Morris Cooper B 118 23 Les Park / John Roxburgh Renault R8 B 117 24 Lex Davison / Rocky Tresise Triumph 2000 D 117 25 Tony Reynolds / Tony Allen Triumph 2000 D 116 26 Jim Bonthorne / John Dando Cortina 1500 B 116 27 Spencer Martin / Bill Brown Vauxhall Viva A 116 28 Brian Muir / Ron Clarke Vauxhall Viva A 115 29 Arnold Ahrenfeld / John Marchiori Vauxhall Viva A 114 30 Mike Martin / John Prisk Morris Cooper B 114 31 Mike Champion / Tony Simmons Vauxhall Viva A 114 32 Jack Gates / Mike Nedelko Vauxhall Viva A 114 33 George Murray / C. McLean Vauxhall Viva A 112 34 Alton Boddenberg / Digby Cooke Simca B 112 35 David Walker / Brian Milton VW 1200 A 112 36 Peter Williamson / Midge Bosworth Hillman Imp A 112 37 Chris McSorley / Phil West Hillman Imp A 110 38 Lionel Ayers / Denis Geary Hillman Imp A 110 39 Bernie Haehnle / Neil McKay VW 1200 A 110 40 Bill Ford / Barry Ferguson VW 1200 A 109 41 Lorraine Hill / Brian Reed Hillman Imp A 108 42 Paul Bolton / John Schroder Hillman Imp A 107 43 Frank Hann / Graham Forrest VW 1200 A 105 44 Max Stewart / Bob Salter Triumph 2000 D 105 45 Matt Daddo / Keith Russell Morris 850 A 104 46 Brian McGrath / David Burton Renault R8 B 103 47 Lyndon McLeod / Lionel Williams Holden Premier D 95 DNF Bob Skelton / Phil Ismay Holden 179 D DNF DNF Bryan Thomson / Bruce Wilson NSU Prinz A DNF DNF Peter Cray / Phil Barnes Morris 850 A DNF DNF Bill Stanley / Steve Harvey Morris 850 A DNF DNF Eric Lane / Stan Pomroy Morris 850 A DNF DNF Lex Bailey / Bill Orr Hillman Imp A DNF DNF Anthony Cooper / Joe Hills Cortina GT C DNF DNF Ian Grant / W. Mitchell Holden 179 C DNF DNF Ralph Sach / Max Brunninghausen Vauxhall Velox D DNF
1964,500,Armstrong 500 Mount Panorama,Bathurst 4th October,Armstrong 500 Mount Panorama Bathurst 4th October 1964
1964,500,Armstrong 500 Mount Panorama,Bathurst 4th October,Number of Laps: 130 Total Race Time: N/A Fastest lap: Geoghegan/Geoghegan 3:21.3 (110.38 km/h) Classes: Class A - Up to £900; Class B - £901 to £1000; Class C - £1001 to £1200; Class D - £1201 to £2000
1965,1,Barry Seton,Midge Bosworth,Ford Cortina GT500
1965,2,Bruce McPhee,Barry Mulholland,Ford Cortina GT500
1965,3,Brian Foley,Peter Manton,Morris Cooper S
1965,4,Lindsay Little,Stan Pomroy,Morris Cooper S
1965,5,Bill McLachlan,Jack Murray,Ford Cortina GT500
1965,6,Paddy Hopkirk,Timo Makinen,Morris Cooper S
1965,7,Bill Stanley,Ralph Sach,Morris Cooper S
1965,8,Ray Kaleda,Graham Moore,Morris Cooper S
1965,9,Bob Holden,Greg Cusack,Morris Cooper S
1965,10,Max Stewart,Bob Young,Triumph 2000
1965,11,Barry Arentz,Geoff Russell,Ford Cortina GT
1965,12,Bill Ford,Des West,Volvo 122S
1965,13,Fred Sutherland,Alan Mottram,Studebaker Lark
1965,14,Harry Firth,John Raeburn,Ford Cortina 220
1965,15,Ray Morris,Bruce Maher,Ford Cortina 220
1965,16,Graham Ward,Barry Collerson,Volvo 122S
1965,17,Max Volkers,Glen Scott,Ford Cortina 240
1965,18,Des Kelly,Brian Reed,Toyota Corona
1965,19,Herb Taylor,John Hall,Ford Cortina 220
1965,20,Bill Buckle,Neil McKay,Toyota Corona
1965,21,Alton Boddenberg,Digby Cooke,Valiant
1965,22,Don Smith,Bruce Stewart,Holden X2
1965,23,Brian Sampson,Ern Abbott,Toyota Corona
1965,24,Barry Ferguson,Charlie Smith,Morris Cooper
1965,25,Bruce Hodgson,Ken Harrison,Cortina 220
1965,26,Gary Shoesmith,Tony Robards,Vauxhall Viva
1965,27,Warren Weldon,Bill Slattery,Studebaker Lark
1965,28,Ron Haylen,Kevin Bartlett,Morris de Luxe
1965,29,John Marchiori,Arnold Ahrenfeld,Ford Cortina 220
1965,30,Arthur Treloar,Colin Bond,Isuzu Bellett
1965,31,P. M. Taylor,T. M. Egan,Morris de Luxe
1965,32,John Connolly,Rex Emmett,Renault R8
1965,33,Ray Heffernan,Bill Daly,Fiat 850
1965,34,Peter Brown,Ray Gulson,Ford Cortina GT500
1965,35,Steve Harvey,Laurie Stewart,Morris de Luxe
1965,36,Peter Cray,Don Holland,Morris Cooper
1965,37,Bob Salter,Ken Wiggins,Ford Cortina GT500
1965,38,Lionel Williams,Evan Thomas,Holden X2
1965,39,Frank Hann,Graham Forrest,Morris Cooper
1965,40,David Walker,Carl Kennedy,Ford Cortina GT500
1965,41,Bill Barnett,Don Johnston,Humber Vogue
1965,42,Fred Otten,Mick Crampton,Fiat 2300
1965,43,Keith Russell,Colin Wear,Triumph 2000
1965,44,Bob Jane,George Reynolds,Ford Cortina GT500
1965,45,Bob Beasley,Ron Hodgson,Ford Cortina GT500
1965,46,Bill Burns,Brian Lawler,Fiat 850
1965,47,Don Mudd,Tony Kavanagh,Vauxhall Viva
1965,500,Armstrong 500 Mount Panorama,Bathurst 3rd October,Armstrong 500 Mount Panorama Bathurst 3rd October 1965 Number of Laps: 130 Total Race Time: 7:16:45.1 Fastest Lap: Brian Foley 3:13.7 (114.71 km/h) Classes: Class A - Up to £920; Class B - £921 to £1020; Class C - £1021 to £1300; Class D - £1301 to £2000 Car #11: Outright winner winner of Class D Cortina GT500 entered by Fairfield Motors Fairfield Sydney and driven by Barry Seton and Midge Bosworth. Car #4: Second outright and second in Class D. Cortina GT500 entered by Grawill Motors NSW and driven by Bruce McPhee and Barry Mulholland. Car #45: Winner Class A Cortina 220 entered by Ford Australia and driven by Harry Firth and John Raeburn. Car #40: Winner Class B Cortina 240 entered by Ford Australia and driven by Max Volkers and Glen Scott. 1965 was a year of dominance by the Ford Cortina GT500's  and even the lesser 220's. We couldn't put it any better than the Ford Sales Promotion team did at the time and we quote them..."On Sunday October the 3rd under a clear blue sky 55 contenders streaked away from the starting grid heading for the fastest the most hard-fought the most brutal Armstrong ever. Driving the perfectly tuned yet strictly stock-standard cars was the cream of Australia's racing drivers plus (for BMC) crack drivers from overseas. At stake: Outright or "first over the line" honours - the most coveted racing prize in Australia". In Class D for cars £1301 to £2000 and including the Studebakers Volvo's Triumph 2000's and Fiat 2300 the Cortina GT500's displayed their winning ability by coming in 1-2-3 in a line. Fourth car to finish in this class was a Triumph 2000 - 19 miles behind the winning Cortina! A Volvo 122S finished 5th 34 miles behind and a Studebaker was 6th 37 miles behind. The winning GT500 driven by Barry Seton and Midge Bosworth won after one refuelling stop only - the bonnet wasn't lifted nor were the tires changed. It covererd the distance of 500 miles in a fantastic 7 hours 16 minutes 45 seconds - clipping almost 25 minutes off last year's record which was set by a Cortina GT. It also gave Ford "4 in-a-row". Line houours were taken by Falcon in 1962 and by Cortina's in 1963 and 1964. In Class A for cars up to £920 interest was centred around the Cortina 220's Morris Mini Deluxes and the Viva's. The 220's equipped with 1500 motors proved far too fast and better on the "Esses" than their competition coming in 1st 2nd 3rd and 4th. The winning 220 was driven by Harry Firth and John Raeburn their 220 also recoring the fastest lap time for the class at 3 minutes 35 seconds. The Morris Mini Deluxes disappointed their drivers and BMC. Three were entered in the class but they couldn't keep up wiht the pace set by the Cortina 220's and finished many miles behind. Significant too is the fact that 3 Datsun Bluebirds which were entered by the Nissan Distributors never started - they were withdrawn on the eve of the event after encountering wheel trouble during Saturday's parctice sessions. A lone Cortina 240 in Class B (£921 to £1020) demonstrated its superiority in the face of what appeared to be overwhelming odds. It was pitted against 4 Morris Coopers and 3 Toyota Corona's . The 240 entered by Ford and driven by M. Volkers and G. Scott flashed to victory ahead of 2 Corona's which finished 2nd and 3rd. Of the Morris Coopers? One was forced to withdraw the others were just not good enough. Of the 60 original entries 55 started and only 42 completed the race many badly damaged. Five were complete wrecks. Please Note: You can sort this listing by simply clicking on the column heading PLACE DRIVER / CO DRIVER(S) VEHICLE CLASS LAPS 1 Barry Seton / Midge Bosworth Ford Cortina GT500 D 130 2 Bruce McPhee / Barry Mulholland Ford Cortina GT500 D 130 3 Brian Foley / Peter Manton Morris Cooper S C 129 4 Lindsay Little / Stan Pomroy Morris Cooper S C 129 5 Bill McLachlan / Jack Murray Ford Cortina GT500 D 128 6 Paddy Hopkirk / Timo Makinen Morris Cooper S C 128 7 Bill Stanley / Ralph Sach Morris Cooper S C 128 8 Ray Kaleda / Graham Moore Morris Cooper S C 125 9 Bob Holden / Greg Cusack Morris Cooper S C 125 10 Max Stewart / Bob Young Triumph 2000 D 124 11 Barry Arentz / Geoff Russell Ford Cortina GT C 124 12 Bill Ford / Des West Volvo 122S D 121 13 Fred Sutherland / Alan Mottram Studebaker Lark D 120 14 Harry Firth / John Raeburn Ford Cortina 220 A 119 15 Ray Morris / Bruce Maher Ford Cortina 220 A 119 16 Graham Ward / Barry Collerson Volvo 122S D 118 17 Max Volkers / Glen Scott Ford Cortina 240 B 118 18 Des Kelly / Brian Reed Toyota Corona B 118 19 Herb Taylor / John Hall Ford Cortina 220 A 118 20 Bill Buckle / Neil McKay Toyota Corona B 117 21 Alton Boddenberg / Digby Cooke Valiant C 116 22 Don Smith / Bruce Stewart Holden X2 C 116 23 Brian Sampson / Ern Abbott Toyota Corona B 116 24 Barry Ferguson / Charlie Smith Morris Cooper B 115 25 Bruce Hodgson / Ken Harrison Cortina 220 A 114 26 Gary Shoesmith / Tony Robards Vauxhall Viva A 113 27 Warren Weldon / Bill Slattery Studebaker Lark D 112 28 Ron Haylen / Kevin Bartlett Morris de Luxe A 111 29 John Marchiori / Arnold Ahrenfeld Ford Cortina 220 A 111 30 Arthur Treloar / Colin Bond Isuzu Bellett B 109 31 P. M. Taylor / T. M. Egan Morris de Luxe A 109 32 John Connolly / Rex Emmett Renault R8 B 108 33 Ray Heffernan / Bill Daly Fiat 850 A 106 34 Peter Brown / Ray Gulson Ford Cortina GT500 D 106 35 Steve Harvey / Laurie Stewart Morris de Luxe A 105 36 Peter Cray / Don Holland Morris Cooper B 99 37 Bob Salter / Ken Wiggins Ford Cortina GT500 D 94 38 Lionel Williams / Evan Thomas Holden X2 C 84 39 Frank Hann / Graham Forrest Morris Cooper B 81 40 David Walker / Carl Kennedy Ford Cortina GT500 D 64 41 Bill Barnett / Don Johnston Humber Vogue C DNF 42 Fred Otten / Mick Crampton Fiat 2300 D DNF 43 Keith Russell / Colin Wear Triumph 2000 D DNF 44 Bob Jane / George Reynolds Ford Cortina GT500 D DNF 45 Bob Beasley / Ron Hodgson Ford Cortina GT500 D DNF 46 Bill Burns / Brian Lawler Fiat 850 A DNF 47 Don Mudd / Tony Kavanagh Vauxhall Viva A DNF DNF Brian McGrath / David Frazer Renault R8 B DNF DNF Ron Clarke / John Prisk Morris Cooper B DNF DNF John French / John Harvey Morris Cooper S C DNF DNF Arthur Davis / Paul Mander Ford Cortina GT500 D DNF DNF Ian Cook / Ken Lindsay Morris Cooper S C DNF DNF Phil Barnes / Doug Chivas Morris Cooper S C DNF DNF Trevor Meehan / Pat Holmes Fiat 850 A DNF DNF Ian Geoghegan / Leo Geoghegan Ford Cortina GT500 D DNF
1965,500,Armstrong 500 Mount Panorama,Bathurst 3rd October,Armstrong 500 Mount Panorama Bathurst 3rd October 1965 Number of Laps: 130 Total Race Time: 7:16:45.1 Fastest Lap: Brian Foley 3:13.7 (114.71 km/h) Classes: Class A - Up to £920; Class B - £921 to £1020; Class C - £1021 to £1300; Class D - £1301 to £2000 Car #11: Outright winner winner of Class D Cortina GT500 entered by Fairfield Motors Fairfield Sydney and driven by Barry Seton and Midge Bosworth. Car #4: Second outright and second in Class D. Cortina GT500 entered by Grawill Motors NSW and driven by Bruce McPhee and Barry Mulholland. Car #45: Winner Class A Cortina 220 entered by Ford Australia and driven by Harry Firth and John Raeburn. Car #40: Winner Class B Cortina 240 entered by Ford Australia and driven by Max Volkers and Glen Scott. 1965 was a year of dominance by the Ford Cortina GT500's  and even the lesser 220's. We couldn't put it any better than the Ford Sales Promotion team did at the time and we quote them..."On Sunday October the 3rd under a clear blue sky 55 contenders streaked away from the starting grid heading for the fastest the most hard-fought the most brutal Armstrong ever. Driving the perfectly tuned yet strictly stock-standard cars was the cream of Australia's racing drivers plus (for BMC) crack drivers from overseas. At stake: Outright or "first over the line" honours - the most coveted racing prize in Australia". In Class D for cars £1301 to £2000 and including the Studebakers Volvo's Triumph 2000's and Fiat 2300 the Cortina GT500's displayed their winning ability by coming in 1-2-3 in a line. Fourth car to finish in this class was a Triumph 2000 - 19 miles behind the winning Cortina! A Volvo 122S finished 5th 34 miles behind and a Studebaker was 6th 37 miles behind. The winning GT500 driven by Barry Seton and Midge Bosworth won after one refuelling stop only - the bonnet wasn't lifted nor were the tires changed. It covererd the distance of 500 miles in a fantastic 7 hours 16 minutes 45 seconds - clipping almost 25 minutes off last year's record which was set by a Cortina GT. It also gave Ford "4 in-a-row". Line houours were taken by Falcon in 1962 and by Cortina's in 1963 and 1964. In Class A for cars up to £920 interest was centred around the Cortina 220's Morris Mini Deluxes and the Viva's. The 220's equipped with 1500 motors proved far too fast and better on the "Esses" than their competition coming in 1st 2nd 3rd and 4th. The winning 220 was driven by Harry Firth and John Raeburn their 220 also recoring the fastest lap time for the class at 3 minutes 35 seconds. The Morris Mini Deluxes disappointed their drivers and BMC. Three were entered in the class but they couldn't keep up wiht the pace set by the Cortina 220's and finished many miles behind. Significant too is the fact that 3 Datsun Bluebirds which were entered by the Nissan Distributors never started - they were withdrawn on the eve of the event after encountering wheel trouble during Saturday's parctice sessions. A lone Cortina 240 in Class B (£921 to £1020) demonstrated its superiority in the face of what appeared to be overwhelming odds. It was pitted against 4 Morris Coopers and 3 Toyota Corona's . The 240 entered by Ford and driven by M. Volkers and G. Scott flashed to victory ahead of 2 Corona's which finished 2nd and 3rd. Of the Morris Coopers? One was forced to withdraw the others were just not good enough. Of the 60 original entries 55 started and only 42 completed the race many badly damaged. Five were complete wrecks. Please Note: You can sort this listing by simply clicking on the column heading PLACE DRIVER / CO DRIVER(S) VEHICLE CLASS LAPS 1 Barry Seton / Midge Bosworth Ford Cortina GT500 D 130 2 Bruce McPhee / Barry Mulholland Ford Cortina GT500 D 130 3 Brian Foley / Peter Manton Morris Cooper S C 129 4 Lindsay Little / Stan Pomroy Morris Cooper S C 129 5 Bill McLachlan / Jack Murray Ford Cortina GT500 D 128 6 Paddy Hopkirk / Timo Makinen Morris Cooper S C 128 7 Bill Stanley / Ralph Sach Morris Cooper S C 128 8 Ray Kaleda / Graham Moore Morris Cooper S C 125 9 Bob Holden / Greg Cusack Morris Cooper S C 125 10 Max Stewart / Bob Young Triumph 2000 D 124 11 Barry Arentz / Geoff Russell Ford Cortina GT C 124 12 Bill Ford / Des West Volvo 122S D 121 13 Fred Sutherland / Alan Mottram Studebaker Lark D 120 14 Harry Firth / John Raeburn Ford Cortina 220 A 119 15 Ray Morris / Bruce Maher Ford Cortina 220 A 119 16 Graham Ward / Barry Collerson Volvo 122S D 118 17 Max Volkers / Glen Scott Ford Cortina 240 B 118 18 Des Kelly / Brian Reed Toyota Corona B 118 19 Herb Taylor / John Hall Ford Cortina 220 A 118 20 Bill Buckle / Neil McKay Toyota Corona B 117 21 Alton Boddenberg / Digby Cooke Valiant C 116 22 Don Smith / Bruce Stewart Holden X2 C 116 23 Brian Sampson / Ern Abbott Toyota Corona B 116 24 Barry Ferguson / Charlie Smith Morris Cooper B 115 25 Bruce Hodgson / Ken Harrison Cortina 220 A 114 26 Gary Shoesmith / Tony Robards Vauxhall Viva A 113 27 Warren Weldon / Bill Slattery Studebaker Lark D 112 28 Ron Haylen / Kevin Bartlett Morris de Luxe A 111 29 John Marchiori / Arnold Ahrenfeld Ford Cortina 220 A 111 30 Arthur Treloar / Colin Bond Isuzu Bellett B 109 31 P. M. Taylor / T. M. Egan Morris de Luxe A 109 32 John Connolly / Rex Emmett Renault R8 B 108 33 Ray Heffernan / Bill Daly Fiat 850 A 106 34 Peter Brown / Ray Gulson Ford Cortina GT500 D 106 35 Steve Harvey / Laurie Stewart Morris de Luxe A 105 36 Peter Cray / Don Holland Morris Cooper B 99 37 Bob Salter / Ken Wiggins Ford Cortina GT500 D 94 38 Lionel Williams / Evan Thomas Holden X2 C 84 39 Frank Hann / Graham Forrest Morris Cooper B 81 40 David Walker / Carl Kennedy Ford Cortina GT500 D 64 41 Bill Barnett / Don Johnston Humber Vogue C DNF 42 Fred Otten / Mick Crampton Fiat 2300 D DNF 43 Keith Russell / Colin Wear Triumph 2000 D DNF 44 Bob Jane / George Reynolds Ford Cortina GT500 D DNF 45 Bob Beasley / Ron Hodgson Ford Cortina GT500 D DNF 46 Bill Burns / Brian Lawler Fiat 850 A DNF 47 Don Mudd / Tony Kavanagh Vauxhall Viva A DNF DNF Brian McGrath / David Frazer Renault R8 B DNF DNF Ron Clarke / John Prisk Morris Cooper B DNF DNF John French / John Harvey Morris Cooper S C DNF DNF Arthur Davis / Paul Mander Ford Cortina GT500 D DNF DNF Ian Cook / Ken Lindsay Morris Cooper S C DNF DNF Phil Barnes / Doug Chivas Morris Cooper S C DNF DNF Trevor Meehan / Pat Holmes Fiat 850 A DNF DNF Ian Geoghegan / Leo Geoghegan Ford Cortina GT500 D DNF
1965,500,Armstrong 500 Mount Panorama,Bathurst 3rd October,Armstrong 500 Mount Panorama Bathurst 3rd October 1965
1965,500,Armstrong 500 Mount Panorama,Bathurst 3rd October,Number of Laps: 130 Total Race Time: 7:16:45.1 Fastest Lap: Brian Foley 3:13.7 (114.71 km/h) Classes: Class A - Up to £920; Class B - £921 to £1020; Class C - £1021 to £1300; Class D - £1301 to £2000
1966,1,Bob Holden,Rauno Aaltonen,Morris Cooper S
1966,2,Bill Stanley,Fred Gibson,Morris Cooper S
1966,3,Bruce McPhee,Barry Mulholland,Morris Cooper S
1966,4,Paul Mander,Arthur Davis,Morris Cooper S
1966,5,Peter Brown,Bob Cook,Morris Cooper S
1966,6,Harry Firth,Ern Abbott,Morris Cooper S
1966,7,Bill Jamison,John Leffler,Morris Cooper S
1966,8,Steve Harvey,John French,Morris Cooper S
1966,9,Barry Arentz,Barry Seton,Morris Cooper S
1966,10,Jack Nougher,David O'Keefe,Valiant VC V8
1966,11,Alton Boddenberg,Digby Cooke,Valiant VC V8
1966,12,Peter Cray,Don Holland,Morris Cooper
1966,13,Max Stewart,Bob Young,Triumph 2000
1966,14,Ron Kearns,Barry Quayle,Fiat 1500
1966,15,Kevin Bartlett,John Harvey,Volvo 122S
1966,16,Bill Buckle,Alan Mottram,Toyota Crown
1966,17,Doug Chivas,Doug Chivas Jnr,Morris Cooper
1966,18,Laurie Stewart,Ray Morris,Morris Cooper
1966,19,Mike Savva,Herb Taylor,Holden X2
1966,20,Brian Reed,Des Kelly,Toyota Corona
1966,21,George Reynolds,Barry Ferguson,Isuzu Bellett 1500
1966,22,Moto Kitamo,Kunimitsu Takahashi,Datsun 1300
1966,23,John Roxburgh,Doug Whiteford,Datsun 1300
1966,24,Brian Lawler,Harry Gapps,Cortina 220
1966,25,Lionel Ayers,Max Volkers,Hillman Minx
1966,26,John Colwell,Fred Sutherland,Datsun 1300
1966,27,Brian Sampson,Lew Marshall,Toyota Corona
1966,28,Trevor Meehan,Ian Hindmarsh,Fiat 850
1966,29,Mike Schneider,B.M. Wright,Morris de Luxe
1966,30,Arthur Treloar,Colin Bond,Isuzu Bellett 1500
1966,31,George Garth,Ray Marquet,Cortina 1200
1966,32,Ken Lindsay,Des West,Cortina 1200
1966,33,Peter Williamson,Alex Macarthur,Toyota Corona
1966,34,John Smith,Denis Gregory,Morris de Luxe
1966,35,Bob Edgerton,Ross Edgerton,Renault R8
1966,36,John Prisk,Mike Martin,Morris Cooper
1966,37,Bruce Darke,Don James,Isuzu Bellett 1500
1966,38,Warren Weldon,Bill Slattery,Studebaker Lark
1966,39,Malcolm Bailey,John Hicks,Morris 850
1966,40,Carl Kennedy,Doug Stewart,NSU Prince 1500
1966,41,Denis Geary,Gary Hodge,Cortina 1500
1966,500,Gallaher 500 Mount Panorama,Bathurst 2nd October,Gallaher 500 Mount Panorama Bathurst 2nd October 1966 Number of Laps: 130 Total Race Time: 7:11:29.1 Fastest Lap: Frank/Matich 3:10 (116.94 km/h) Classes: Class A - Up to $1800; Class B - $1801 to $2040; Class C - $2041 to $2700; Class D - $2701 to $4000 Fastest lap: Frank/Matich 3:10 (116.94 km/h) Please Note: You can sort this listing by simply clicking on the column heading PLACE DRIVER / CO DRIVER(S) VEHICLE CLASS LAPS 1 Bob Holden / Rauno Aaltonen Morris Cooper S C 130 2 Bill Stanley / Fred Gibson Morris Cooper S C 129 3 Bruce McPhee / Barry Mulholland Morris Cooper S C 128 4 Paul Mander / Arthur Davis Morris Cooper S C 128 5 Peter Brown / Bob Cook Morris Cooper S C 128 6 Harry Firth / Ern Abbott Morris Cooper S C 128 7 Bill Jamison / John Leffler Morris Cooper S C 127 8 Steve Harvey / John French Morris Cooper S C 127 9 Barry Arentz / Barry Seton Morris Cooper S C 125 10 Jack Nougher / David O'Keefe Valiant VC V8 D 124 11 Alton Boddenberg / Digby Cooke Valiant VC V8 D 122 12 Peter Cray / Don Holland Morris Cooper B 120 13 Max Stewart / Bob Young Triumph 2000 D 120 14 Ron Kearns / Barry Quayle Fiat 1500 C 120 15 Kevin Bartlett / John Harvey Volvo 122S D 119 16 Bill Buckle / Alan Mottram Toyota Crown C 119 17 Doug Chivas / Doug Chivas Jnr Morris Cooper B 119 18 Laurie Stewart / Ray Morris Morris Cooper B 119 19 Mike Savva / Herb Taylor Holden X2 D 118 20 Brian Reed / Des Kelly Toyota Corona B 117 21 George Reynolds / Barry Ferguson Isuzu Bellett 1500 B 117 22 Moto Kitamo / Kunimitsu Takahashi Datsun 1300 A 117 23 John Roxburgh / Doug Whiteford Datsun 1300 A 116 24 Brian Lawler / Harry Gapps Cortina 220 A 116 25 Lionel Ayers / Max Volkers Hillman Minx B 116 26 John Colwell / Fred Sutherland Datsun 1300 A 116 27 Brian Sampson / Lew Marshall Toyota Corona B 116 28 Trevor Meehan / Ian Hindmarsh Fiat 850 A 113 29 Mike Schneider / B.M. Wright Morris de Luxe A 113 30 Arthur Treloar / Colin Bond Isuzu Bellett 1500 B 111 31 George Garth / Ray Marquet Cortina 1200 A 110 32 Ken Lindsay / Des West Cortina 1200 A 110 33 Peter Williamson / Alex Macarthur Toyota Corona B 110 34 John Smith / Denis Gregory Morris de Luxe A 109 35 Bob Edgerton / Ross Edgerton Renault R8 B 106 36 John Prisk / Mike Martin Morris Cooper B 105 37 Bruce Darke / Don James Isuzu Bellett 1500 B 104 38 Warren Weldon / Bill Slattery Studebaker Lark D 88 39 Malcolm Bailey / John Hicks Morris 850 A 87 40 Carl Kennedy / Doug Stewart NSU Prince 1500 B DNF 41 Denis Geary / Gary Hodge Cortina 1500 B DNF DNF Bill Burns / Alex Lazich Fiat 850 A DNF DNF Gary Shoesmith / Tony Robards Vauxhall Viva A DNF DNF Jack Murray / Bill Ford NSU Prince 1500 B DNF DNF Frank Matich / Frank Demuth Morris Cooper C DNF DNF Mick Crampton / Geoff Leeds Morris Cooper C DNF DNF Charlie Smith / Ron Haylen Morris Cooper C DNF DNF Rick Radford / David Bye Morris Cooper C DNF DNF Ken Stacey / Mal Henderson Morris Cooper C DNF DNF Paddy Hopkirk / Brian Foley Morris Cooper C DNF DNF Ron Hodgson / Bob Beasley Morris Cooper C DNF DNF Graham Forrest / Frank Hann Morris Cooper C DNF DNF Gerry Lister / Graham Porter Volvo 122S D DNF
1966,500,Gallaher 500 Mount Panorama,Bathurst 2nd October,Gallaher 500 Mount Panorama Bathurst 2nd October 1966 Number of Laps: 130 Total Race Time: 7:11:29.1 Fastest Lap: Frank/Matich 3:10 (116.94 km/h) Classes: Class A - Up to $1800; Class B - $1801 to $2040; Class C - $2041 to $2700; Class D - $2701 to $4000 Fastest lap: Frank/Matich 3:10 (116.94 km/h) Please Note: You can sort this listing by simply clicking on the column heading PLACE DRIVER / CO DRIVER(S) VEHICLE CLASS LAPS 1 Bob Holden / Rauno Aaltonen Morris Cooper S C 130 2 Bill Stanley / Fred Gibson Morris Cooper S C 129 3 Bruce McPhee / Barry Mulholland Morris Cooper S C 128 4 Paul Mander / Arthur Davis Morris Cooper S C 128 5 Peter Brown / Bob Cook Morris Cooper S C 128 6 Harry Firth / Ern Abbott Morris Cooper S C 128 7 Bill Jamison / John Leffler Morris Cooper S C 127 8 Steve Harvey / John French Morris Cooper S C 127 9 Barry Arentz / Barry Seton Morris Cooper S C 125 10 Jack Nougher / David O'Keefe Valiant VC V8 D 124 11 Alton Boddenberg / Digby Cooke Valiant VC V8 D 122 12 Peter Cray / Don Holland Morris Cooper B 120 13 Max Stewart / Bob Young Triumph 2000 D 120 14 Ron Kearns / Barry Quayle Fiat 1500 C 120 15 Kevin Bartlett / John Harvey Volvo 122S D 119 16 Bill Buckle / Alan Mottram Toyota Crown C 119 17 Doug Chivas / Doug Chivas Jnr Morris Cooper B 119 18 Laurie Stewart / Ray Morris Morris Cooper B 119 19 Mike Savva / Herb Taylor Holden X2 D 118 20 Brian Reed / Des Kelly Toyota Corona B 117 21 George Reynolds / Barry Ferguson Isuzu Bellett 1500 B 117 22 Moto Kitamo / Kunimitsu Takahashi Datsun 1300 A 117 23 John Roxburgh / Doug Whiteford Datsun 1300 A 116 24 Brian Lawler / Harry Gapps Cortina 220 A 116 25 Lionel Ayers / Max Volkers Hillman Minx B 116 26 John Colwell / Fred Sutherland Datsun 1300 A 116 27 Brian Sampson / Lew Marshall Toyota Corona B 116 28 Trevor Meehan / Ian Hindmarsh Fiat 850 A 113 29 Mike Schneider / B.M. Wright Morris de Luxe A 113 30 Arthur Treloar / Colin Bond Isuzu Bellett 1500 B 111 31 George Garth / Ray Marquet Cortina 1200 A 110 32 Ken Lindsay / Des West Cortina 1200 A 110 33 Peter Williamson / Alex Macarthur Toyota Corona B 110 34 John Smith / Denis Gregory Morris de Luxe A 109 35 Bob Edgerton / Ross Edgerton Renault R8 B 106 36 John Prisk / Mike Martin Morris Cooper B 105 37 Bruce Darke / Don James Isuzu Bellett 1500 B 104 38 Warren Weldon / Bill Slattery Studebaker Lark D 88 39 Malcolm Bailey / John Hicks Morris 850 A 87 40 Carl Kennedy / Doug Stewart NSU Prince 1500 B DNF 41 Denis Geary / Gary Hodge Cortina 1500 B DNF DNF Bill Burns / Alex Lazich Fiat 850 A DNF DNF Gary Shoesmith / Tony Robards Vauxhall Viva A DNF DNF Jack Murray / Bill Ford NSU Prince 1500 B DNF DNF Frank Matich / Frank Demuth Morris Cooper C DNF DNF Mick Crampton / Geoff Leeds Morris Cooper C DNF DNF Charlie Smith / Ron Haylen Morris Cooper C DNF DNF Rick Radford / David Bye Morris Cooper C DNF DNF Ken Stacey / Mal Henderson Morris Cooper C DNF DNF Paddy Hopkirk / Brian Foley Morris Cooper C DNF DNF Ron Hodgson / Bob Beasley Morris Cooper C DNF DNF Graham Forrest / Frank Hann Morris Cooper C DNF DNF Gerry Lister / Graham Porter Volvo 122S D DNF
1966,500,Gallaher 500 Mount Panorama,Bathurst 2nd October,Gallaher 500 Mount Panorama Bathurst 2nd October 1966
1966,500,Gallaher 500 Mount Panorama,Bathurst 2nd October,Number of Laps: 130 Total Race Time: 7:11:29.1 Fastest Lap: Frank/Matich 3:10 (116.94 km/h) Classes: Class A - Up to $1800; Class B - $1801 to $2040; Class C - $2041 to $2700; Class D - $2701 to $4000 Fastest lap: Frank/Matich 3:10 (116.94 km/h)
1967,1,Harry Firth,Fred Gibson,Falcon XR GT
1967,2,Leo Geoghegan,Ian Geoghegan,Falcon XR GT
1967,3,Doug Chivas,Max Stewart,Alfa 1600 GTV
1967,4,Kevin Bartlett,Laurie Stewart,Alfa 1600 GTV
1967,5,Tony Fall,Bob Holden,Morris Cooper S
1967,6,Charlie Smith,Barry Seton,Morris Cooper S
1967,7,Timo Makinen,John French,Morris Cooper S
1967,8,Paddy Hopkirk,Brian Foley,Morris Cooper S
1967,9,Arthur Davis,Paul Mander,Alfa 1600 GTV
1967,10,Damon Beck,Lakis Manticas,Morris Cooper S
1967,11,Warren Weldon,John Hall,Studebaker Lark
1967,12,John Millyard,Andy Frankel,Morris Cooper S
1967,13,Mike Savva,Bob Wilkinson,Falcon XR GT
1967,14,Peter Brown,Bob Cook,Morris Cooper S
1967,15,Bill Burns,Chris Brauer,Alfa Giulia Super
1967,16,David McKay,George Reynolds,Audi Super 90
1967,17,Greg Cusack,Bill Brown,Falcon XR GT
1967,18,Bob Jane,Spencer Martin,Falcon XR GT
1967,19,Barry Sharp,Lindsay Derriman,Phoenix TD2
1967,20,Bill Tuckey,Max Stahl,Fiat 124
1967,21,Fred Sutherland,Alan Mottram,Falcon Auto
1967,22,Bob Young,Bob Sorrenson,Triumph 2000
1967,23,John Roxburgh,Doug Whiteford,Datsun 1000
1967,24,Bill Daly,George Murray,Fiat 124
1967,25,Syd Fisher,Paul Hawkins,Alfa 1600 GTV
1967,26,Dick Thurston,Bill Buckle,Toyota Corolla
1967,27,Peter Cray,Don Holland,Morris Cooper
1967,28,Kunimitsu Takahashi,Hideo Oishi,Datsun 1000
1967,29,Mike Kable,John Smailes,Fiat 124
1967,30,Jack Eiffeltower,David O'Keefe,Hillman Imp GT
1967,31,Bob Edgerton,David Toshack,Hillman Imp GT
1967,32,George Garth,Geoff Westbury,Hillman Arrow
1967,33,Trevor Meehan,Gary Cooke,Fiat 124
1967,34,Carl Kennedy,Jack Murray,Prince Skyline
1967,35,Doug Macarthur,Arthur Treloar,Hillman Arrow
1967,36,Jane Richardson,Midge Whiteman,Morris 1100S
1967,37,David Frazer,Bernie Breen,Renault R8
1967,38,David Bye,Lynn Brown,Fiat 850
1967,39,Clyde Hodgins,Kevin Nipperess,Morris 1100S
1967,40,Ken Stacey,Bruce McIntire,Falcon XR GT
1967,41,Chris Cronan,Steve Parkes,Holden Torana
1967,42,Bruce Darke,Bill Ford,Datsun 1300
1967,43,Lindsay Adcock,Mike Schneider,Morris Cooper
1967,44,Jim Smith,John Colwell,Datsun 1300
1967,45,Bill Stanley,Digby Cooke,Morris Cooper
1967,46,Jeff Thompson,Bob Romano,Cortina 1500
1967,47,Gerry Lister,David Seldon,Volvo 122S
1967,48,Herb Taylor,Don Smith,Holden X2
1967,500,Gallaher 500 Mount Panorama,Bathurst 1st October,Gallaher 500 Mount Panorama Bathurst 1st October 1967 Number of Laps: 130 Total Race Time: 6:54:99.10 Fastest Lap: Fred Gibson 3:03 (121.42 km/h) Classes: Class A - Up to $1800; Class B - $1801 to $2100; Class C - $2101 to $3000; Class D - $3001 to $4500; Class E - Over $4500 The first appearance at Bathurst by the Falcon GT’s was eagerly awaited ... and didn't disappoint. Mastermind of the first-up win was competitor/director Harry Firth. Seven of the new Falcon GT’s fronted the starter for the 1967 Bathurst 500 including three works-entered cars driven by Harry Firth and Fred Gibson lan and Leo Geoghegan and Bob Jane and Spencer Martin. After 130 taps and 500 miles the winner was declared to be the Falcon GT of the Geoghegan brothers with the Firth/Gibson car in second place on the same lap which must have been a trifle upsetting for Fred Gibson as he quite rightly thought he had won by six seconds from the Geoghegan’s car. But lan Geoghegan got the chequered flag the hapless Gibson forced to do another lap. The error was corrected but the initial glory went to the Geoghegans. It was Harry Firth's fourth "500” win and Fred Gibson's first but more importantly it was also the Falcon GT's first ever win in competition. Significantly all seven Falcons finished the race although the Bob Beasley/Des West car was later excluded for having oversize valves. The winning car put in a fastest lap of 3 min. 3 sec. around the 3.875-mile Mount Panorama circuit which is an average speed of just under 79 mph. In addition the car was clocked at 125.69 mph on Conrod Straight at that time the fastest ever achieved by a series production car on the Bathurst circuit. Please Note: You can sort this listing by simply clicking on the column heading PLACE DRIVER / CO DRIVER(S) VEHICLE CLASS LAPS 1 Harry Firth / Fred Gibson Falcon XR GT D 130 2 Leo Geoghegan / Ian Geoghegan Falcon XR GT D 130 3 Doug Chivas / Max Stewart Alfa 1600 GTV E 130 4 Kevin Bartlett / Laurie Stewart Alfa 1600 GTV E 130 5 Tony Fall / Bob Holden Morris Cooper S C 128 6 Charlie Smith / Barry Seton Morris Cooper S C 127 7 Timo Makinen / John French Morris Cooper S C 127 8 Paddy Hopkirk / Brian Foley Morris Cooper S C 126 9 Arthur Davis / Paul Mander Alfa 1600 GTV E 126 10 Damon Beck / Lakis Manticas Morris Cooper S C 125 11 Warren Weldon / John Hall Studebaker Lark D 124 12 John Millyard / Andy Frankel Morris Cooper S C 124 13 Mike Savva / Bob Wilkinson Falcon XR GT D 124 14 Peter Brown / Bob Cook Morris Cooper S C 123 15 Bill Burns / Chris Brauer Alfa Giulia Super D 122 16 David McKay / George Reynolds Audi Super 90 D 122 17 Greg Cusack / Bill Brown Falcon XR GT D 121 18 Bob Jane / Spencer Martin Falcon XR GT D 118 19 Barry Sharp / Lindsay Derriman Phoenix TD2 E 118 20 Bill Tuckey / Max Stahl Fiat 124 C 118 21 Fred Sutherland / Alan Mottram Falcon Auto C 117 22 Bob Young / Bob Sorrenson Triumph 2000 D 117 23 John Roxburgh / Doug Whiteford Datsun 1000 A 117 24 Bill Daly / George Murray Fiat 124 C 117 25 Syd Fisher / Paul Hawkins Alfa 1600 GTV E 117 26 Dick Thurston / Bill Buckle Toyota Corolla A 116 27 Peter Cray / Don Holland Morris Cooper B 116 28 Kunimitsu Takahashi / Hideo Oishi Datsun 1000 A 116 29 Mike Kable / John Smailes Fiat 124 C 115 30 Jack Eiffeltower / David O'Keefe Hillman Imp GT A 114 31 Bob Edgerton / David Toshack Hillman Imp GT A 114 32 George Garth / Geoff Westbury Hillman Arrow B 114 33 Trevor Meehan / Gary Cooke Fiat 124 C 113 34 Carl Kennedy / Jack Murray Prince Skyline C 113 35 Doug Macarthur / Arthur Treloar Hillman Arrow B 111 36 Jane Richardson / Midge Whiteman Morris 1100S B 110 37 David Frazer / Bernie Breen Renault R8 B 109 38 David Bye / Lynn Brown Fiat 850 C 109 39 Clyde Hodgins / Kevin Nipperess Morris 1100S B 108 40 Ken Stacey / Bruce McIntire Falcon XR GT D 106 41 Chris Cronan / Steve Parkes Holden Torana A 103 42 Bruce Darke / Bill Ford Datsun 1300 A 103 43 Lindsay Adcock / Mike Schneider Morris Cooper B 100 44 Jim Smith / John Colwell Datsun 1300 A 100 45 Bill Stanley / Digby Cooke Morris Cooper B 96 46 Jeff Thompson / Bob Romano Cortina 1500 B 96 47 Gerry Lister / David Seldon Volvo 122S D 86 48 Herb Taylor / Don Smith Holden X2 C 75 DNF Lindsay Little / Stan Pomroy Hillman Imp GT A DNF DNF Barry Tapsall / Bevan Gibson Datsun 1200 A DNF DNF Bruce Hindhaugh / Peter Macrow Toyota Corolla A DNF DNF Glen MacKinnon / John Smith Cortina 1500 B DNF DNF Rick Radford / John Prisk Morris Cooper B DNF DNF Peter Williamson / Alex Macarthur Toyota Corona B DNF DNF Mal Brewster / Bob Skelton Morris Cooper S C DNF DNF Malcolm Bailey / John Hicks Prince Skyline C DNF DNF Gary Hodge / Glyn Scott Morris Cooper S C DNF DNF John Leffler / Les Carne Morris Cooper S C DNF DNF Bob Beasley / Des West Falcon XR GT D DNF
1967,500,Gallaher 500 Mount Panorama,Bathurst 1st October,Gallaher 500 Mount Panorama Bathurst 1st October 1967 Number of Laps: 130 Total Race Time: 6:54:99.10 Fastest Lap: Fred Gibson 3:03 (121.42 km/h) Classes: Class A - Up to $1800; Class B - $1801 to $2100; Class C - $2101 to $3000; Class D - $3001 to $4500; Class E - Over $4500 The first appearance at Bathurst by the Falcon GT’s was eagerly awaited ... and didn't disappoint. Mastermind of the first-up win was competitor/director Harry Firth. Seven of the new Falcon GT’s fronted the starter for the 1967 Bathurst 500 including three works-entered cars driven by Harry Firth and Fred Gibson lan and Leo Geoghegan and Bob Jane and Spencer Martin. After 130 taps and 500 miles the winner was declared to be the Falcon GT of the Geoghegan brothers with the Firth/Gibson car in second place on the same lap which must have been a trifle upsetting for Fred Gibson as he quite rightly thought he had won by six seconds from the Geoghegan’s car. But lan Geoghegan got the chequered flag the hapless Gibson forced to do another lap. The error was corrected but the initial glory went to the Geoghegans. It was Harry Firth's fourth "500” win and Fred Gibson's first but more importantly it was also the Falcon GT's first ever win in competition. Significantly all seven Falcons finished the race although the Bob Beasley/Des West car was later excluded for having oversize valves. The winning car put in a fastest lap of 3 min. 3 sec. around the 3.875-mile Mount Panorama circuit which is an average speed of just under 79 mph. In addition the car was clocked at 125.69 mph on Conrod Straight at that time the fastest ever achieved by a series production car on the Bathurst circuit. Please Note: You can sort this listing by simply clicking on the column heading PLACE DRIVER / CO DRIVER(S) VEHICLE CLASS LAPS 1 Harry Firth / Fred Gibson Falcon XR GT D 130 2 Leo Geoghegan / Ian Geoghegan Falcon XR GT D 130 3 Doug Chivas / Max Stewart Alfa 1600 GTV E 130 4 Kevin Bartlett / Laurie Stewart Alfa 1600 GTV E 130 5 Tony Fall / Bob Holden Morris Cooper S C 128 6 Charlie Smith / Barry Seton Morris Cooper S C 127 7 Timo Makinen / John French Morris Cooper S C 127 8 Paddy Hopkirk / Brian Foley Morris Cooper S C 126 9 Arthur Davis / Paul Mander Alfa 1600 GTV E 126 10 Damon Beck / Lakis Manticas Morris Cooper S C 125 11 Warren Weldon / John Hall Studebaker Lark D 124 12 John Millyard / Andy Frankel Morris Cooper S C 124 13 Mike Savva / Bob Wilkinson Falcon XR GT D 124 14 Peter Brown / Bob Cook Morris Cooper S C 123 15 Bill Burns / Chris Brauer Alfa Giulia Super D 122 16 David McKay / George Reynolds Audi Super 90 D 122 17 Greg Cusack / Bill Brown Falcon XR GT D 121 18 Bob Jane / Spencer Martin Falcon XR GT D 118 19 Barry Sharp / Lindsay Derriman Phoenix TD2 E 118 20 Bill Tuckey / Max Stahl Fiat 124 C 118 21 Fred Sutherland / Alan Mottram Falcon Auto C 117 22 Bob Young / Bob Sorrenson Triumph 2000 D 117 23 John Roxburgh / Doug Whiteford Datsun 1000 A 117 24 Bill Daly / George Murray Fiat 124 C 117 25 Syd Fisher / Paul Hawkins Alfa 1600 GTV E 117 26 Dick Thurston / Bill Buckle Toyota Corolla A 116 27 Peter Cray / Don Holland Morris Cooper B 116 28 Kunimitsu Takahashi / Hideo Oishi Datsun 1000 A 116 29 Mike Kable / John Smailes Fiat 124 C 115 30 Jack Eiffeltower / David O'Keefe Hillman Imp GT A 114 31 Bob Edgerton / David Toshack Hillman Imp GT A 114 32 George Garth / Geoff Westbury Hillman Arrow B 114 33 Trevor Meehan / Gary Cooke Fiat 124 C 113 34 Carl Kennedy / Jack Murray Prince Skyline C 113 35 Doug Macarthur / Arthur Treloar Hillman Arrow B 111 36 Jane Richardson / Midge Whiteman Morris 1100S B 110 37 David Frazer / Bernie Breen Renault R8 B 109 38 David Bye / Lynn Brown Fiat 850 C 109 39 Clyde Hodgins / Kevin Nipperess Morris 1100S B 108 40 Ken Stacey / Bruce McIntire Falcon XR GT D 106 41 Chris Cronan / Steve Parkes Holden Torana A 103 42 Bruce Darke / Bill Ford Datsun 1300 A 103 43 Lindsay Adcock / Mike Schneider Morris Cooper B 100 44 Jim Smith / John Colwell Datsun 1300 A 100 45 Bill Stanley / Digby Cooke Morris Cooper B 96 46 Jeff Thompson / Bob Romano Cortina 1500 B 96 47 Gerry Lister / David Seldon Volvo 122S D 86 48 Herb Taylor / Don Smith Holden X2 C 75 DNF Lindsay Little / Stan Pomroy Hillman Imp GT A DNF DNF Barry Tapsall / Bevan Gibson Datsun 1200 A DNF DNF Bruce Hindhaugh / Peter Macrow Toyota Corolla A DNF DNF Glen MacKinnon / John Smith Cortina 1500 B DNF DNF Rick Radford / John Prisk Morris Cooper B DNF DNF Peter Williamson / Alex Macarthur Toyota Corona B DNF DNF Mal Brewster / Bob Skelton Morris Cooper S C DNF DNF Malcolm Bailey / John Hicks Prince Skyline C DNF DNF Gary Hodge / Glyn Scott Morris Cooper S C DNF DNF John Leffler / Les Carne Morris Cooper S C DNF DNF Bob Beasley / Des West Falcon XR GT D DNF
1967,500,Gallaher 500 Mount Panorama,Bathurst 1st October,Gallaher 500 Mount Panorama Bathurst 1st October 1967
1967,500,Gallaher 500 Mount Panorama,Bathurst 1st October,Number of Laps: 130 Total Race Time: 6:54:99.10 Fastest Lap: Fred Gibson 3:03 (121.42 km/h) Classes: Class A - Up to $1800; Class B - $1801 to $2100; Class C - $2101 to $3000; Class D - $3001 to $4500; Class E - Over $4500
1968,1,Bruce McPhee,Barry Mulholland,Monaro GTS327
1968,2,Jim Palmer,Phil West,Monaro GTS327
1968,3,Tony Roberts,Bob Watson,Monaro GTS327
1968,4,Kevin Bartlett,Doug Chivas,Alfa 1750 GTV
1968,5,Brian Muir,George Reynolds,Monaro GTS327
1968,6,Brian Foley,Laurie Stewart,Alfa 1750 GTV
1968,7,Ken Stacey,Bruce McIntire,Falcon XR GT
1968,8,Ray Gulson,Peter Brown,Alfa 1750 GTV
1968,9,Chris Brauer,Murray Harrod,Falcon XT GT
1968,10,Charlie Smith,Don Holland,Morris Cooper S
1968,11,Mike Champion,Barry Arentz,Falcon XT 500
1968,12,Leo Geoghegan,Ian Geoghegan,Falcon XT GT
1968,13,Warren Weldon,John Hall,Studebaker Lark
1968,14,Mal Brewster,Digby Cooke,Morris Cooper S
1968,15,John Roxburgh,Doug Whiteford,Datsun 1600
1968,16,Gary Hodge,Damon Beck,Morris Cooper S
1968,17,Ray Marquet,Alan Cant,Morris Cooper S
1968,18,Bill Tuckey,Allan Grice,Fiat 124 Sport
1968,19,George Garth,Bruce Stewart,Datsun 1600
1968,20,Warren Gracie,Don James,Morris Cooper S
1968,21,Kunimitsu Takahashi,Ym Sunago,Datsun 1600
1968,22,Rusty French,Alton Boddenberg,Hillman Gazelle
1968,23,John Prisk,Alan Cameron,Morris Cooper S
1968,24,Hans Tholstrup,Dennis Cooke,Datsun 1600
1968,25,Tony Basile,Gary Leggatt,Fiat 125
1968,26,Bruce Darke,Bill Ford,Datsun 1600
1968,27,Mike Kable,Ron Kearns,Fiat 125
1968,28,Sib Petralia,Jim Sullivan,Kingswood HK
1968,29,Clyde Hodgins,Stan Pomroy,Valiant VE Auto
1968,30,Bruce Hindhaugh,Bob Morris,Toyota Corolla
1968,31,Fred Gibson,Barry Seton,Falcon XT GT
1968,32,Barry Ferguson,Brian Sampson,Toyota Corolla
1968,33,Herb Taylor,Don Smith,Datsun 1600
1968,34,Matt Daddo,Peter Ulbrich,Datsun 1600
1968,35,Arthur Olsen,Ray Scanlan,Morris Cooper S
1968,36,Joe Butta,Bob Genders,Hillman Arrow
1968,37,Trevor Mason,Neil Mason,Morris 1100S
1968,38,Max Volkers,Lionel Ayers,Cortina 220
1968,39,Carl Kennedy,Jack Mullins,Datsun 1600
1968,40,Allan Johns,David Frazer,Hillman Imp
1968,41,Midge Whiteman,Christine Cole,Morris Mini
1968,42,Jim McKeown,Spencer Martin,Falcon XT GT
1968,43,Ernie Johnson,Martin Chenery,Fiat 125
1968,44,Bill Stanley,Lindsay Adcock,Morris Cooper S
1968,45,Dick Thurston,Brian Reed,Toyota Corolla
1968,46,James Laing-Peach,Bob Drane,Toyota Corolla
1968,47,Bob Muir,Gary Cooke,Fiat 125
1968,48,Mike Savva,Bob Wilkinson,Falcon XT GT
1968,500,Hardie-Ferodo 500 Mount Panorama,Bathurst 6th October,Hardie-Ferodo 500 Mount Panorama Bathurst 6th October 1968 Number of Laps: 130 Total Race Time: 6:44:0.0 Fastest lap: Bruce McPhee 2:58 (124.83 km/h) Classes: Class A - Up to $1800; Class B - $1801 to $2100; Class C - $2101 to $3000; Class D - $3001 to $4500; Class E - Over $4500 Everyone held their collective breath for the 1968 Bathurst event; there was not only a new major sponsor for the race but new cars from Ford and the General - everything pointed to an exciting event. Holden's entrant was the new Monaro two-door coupe in GTS 327 form. The Fords were down on cubic capacity (302ci versus 327ci); horsepower (250bhp versus 275bhp) and additionally weighed exactly the same as the Monaro’s. Despite this seven Falcons contested the race in Class D ($3001 to $4300) including a single XR GT and an XT GT automatic. Of the remainder three cars were works-entered these being driven by the Geoghegan brothers Fred Gibson and Barry Seton and Jim McKeown and Spencer Martin. After only 35 minutes of racing the M.Sayva/R.Wilkinson Falcon showed signs of overheating which did not auger well for the others. In fact things went very badly for the Ford's with brake tire and overheating troubles. Despite all this the Gibson/Seton Falcon was in the lead with only 15 laps to go. But overheating struck this car as well and finally the car blew a piston and the Monaro of Bruce McPhee and Barry Mulholland swept to victory. The first Falcon home was ironically the 1967 XR GT of Stacey and McIntire which came in seventh one place in front of the Brauer/Harrod XT GT. The first works car was that of the Geoghegan brothers who finished 12th. With a fastest lap of 2 min. 58 sec. the winning Monaro was five seconds per lap quicker than the Falcons were in 1967 and three seconds faster than the Gibson/Seton car in 1968. Also the Monaro’s were achieving 125-128 mph on Conrod Straight whereas the Falcons could only manage around 121 mph 4 mph slower than 1967! Please Note: You can sort this listing by simply clicking on the column heading PLACE DRIVER / CO DRIVER(S) VEHICLE CLASS LAPS 1 Bruce McPhee / Barry Mulholland Monaro GTS327 D 130 2 Jim Palmer / Phil West Monaro GTS327 D 130 3 Tony Roberts / Bob Watson Monaro GTS327 D 129 4 Kevin Bartlett / Doug Chivas Alfa 1750 GTV E 129 5 Brian Muir / George Reynolds Monaro GTS327 D 127 6 Brian Foley / Laurie Stewart Alfa 1750 GTV E 126 7 Ken Stacey / Bruce McIntire Falcon XR GT D 125 8 Ray Gulson / Peter Brown Alfa 1750 GTV E 125 9 Chris Brauer / Murray Harrod Falcon XT GT D 125 10 Charlie Smith / Don Holland Morris Cooper S C 123 11 Mike Champion / Barry Arentz Falcon XT 500 C 123 12 Leo Geoghegan / Ian Geoghegan Falcon XT GT D 123 13 Warren Weldon / John Hall Studebaker Lark D 123 14 Mal Brewster / Digby Cooke Morris Cooper S C 121 15 John Roxburgh / Doug Whiteford Datsun 1600 B 120 16 Gary Hodge / Damon Beck Morris Cooper S C 120 17 Ray Marquet / Alan Cant Morris Cooper S C 120 18 Bill Tuckey / Allan Grice Fiat 124 Sport D 119 19 George Garth / Bruce Stewart Datsun 1600 B 118 20 Warren Gracie / Don James Morris Cooper S C 118 21 Kunimitsu Takahashi / Ym Sunago Datsun 1600 B 118 22 Rusty French / Alton Boddenberg Hillman Gazelle B 117 23 John Prisk / Alan Cameron Morris Cooper S C 116 24 Hans Tholstrup / Dennis Cooke Datsun 1600 B 116 25 Tony Basile / Gary Leggatt Fiat 125 C 116 26 Bruce Darke / Bill Ford Datsun 1600 B 115 27 Mike Kable / Ron Kearns Fiat 125 C 114 28 Sib Petralia / Jim Sullivan Kingswood HK C 114 29 Clyde Hodgins / Stan Pomroy Valiant VE Auto D 113 30 Bruce Hindhaugh / Bob Morris Toyota Corolla A 113 31 Fred Gibson / Barry Seton Falcon XT GT D 113 32 Barry Ferguson / Brian Sampson Toyota Corolla A 113 33 Herb Taylor / Don Smith Datsun 1600 B 112 34 Matt Daddo / Peter Ulbrich Datsun 1600 B 111 35 Arthur Olsen / Ray Scanlan Morris Cooper S C 110 36 Joe Butta / Bob Genders Hillman Arrow B 109 37 Trevor Mason / Neil Mason Morris 1100S B 109 38 Max Volkers / Lionel Ayers Cortina 220 A 107 39 Carl Kennedy / Jack Mullins Datsun 1600 B 107 40 Allan Johns / David Frazer Hillman Imp A 107 41 Midge Whiteman / Christine Cole Morris Mini A 98 42 Jim McKeown / Spencer Martin Falcon XT GT D 95 43 Ernie Johnson / Martin Chenery Fiat 125 C 88 44 Bill Stanley / Lindsay Adcock Morris Cooper S C 81 45 Dick Thurston / Brian Reed Toyota Corolla A 74 46 James Laing-Peach / Bob Drane Toyota Corolla A 74 47 Bob Muir / Gary Cooke Fiat 125 C 69 48 Mike Savva / Bob Wilkinson Falcon XT GT D 62 DNF Roger Withers / Mel Mollison Hillman Imp A DNF DNF Bill Evans / John Colwell Datsun 1000 A DNF DNF Dick Sorenson / Bevan Gibson Datsun 1000 A DNF DNF Jack Eiffeltower / David O'Keefe Hillman Gazelle B DNF DNF Rick Radford / David Seldon Morris Cooper S C DNF DNF Ron Haylen / John Smailes Morris Cooper S C DNF DNF Bob Beasley / Ray Morris Falcon XT GT D DNF DNF Ian Haynes / Max Stahl Monaro GTS327 D DNF DNF Des West / Ron Marks Monaro GTS327 D DNF DNF Paul Hawkins / Bill Brown Monaro GTS327 D DNF DNF Bill Daly / Glyn Scott Citroen DS21 E DNF DNF John French / Frank Gardner Alfa 1750 GTV E DNF
1968,500,Hardie-Ferodo 500 Mount Panorama,Bathurst 6th October,Hardie-Ferodo 500 Mount Panorama Bathurst 6th October 1968 Number of Laps: 130 Total Race Time: 6:44:0.0 Fastest lap: Bruce McPhee 2:58 (124.83 km/h) Classes: Class A - Up to $1800; Class B - $1801 to $2100; Class C - $2101 to $3000; Class D - $3001 to $4500; Class E - Over $4500 Everyone held their collective breath for the 1968 Bathurst event; there was not only a new major sponsor for the race but new cars from Ford and the General - everything pointed to an exciting event. Holden's entrant was the new Monaro two-door coupe in GTS 327 form. The Fords were down on cubic capacity (302ci versus 327ci); horsepower (250bhp versus 275bhp) and additionally weighed exactly the same as the Monaro’s. Despite this seven Falcons contested the race in Class D ($3001 to $4300) including a single XR GT and an XT GT automatic. Of the remainder three cars were works-entered these being driven by the Geoghegan brothers Fred Gibson and Barry Seton and Jim McKeown and Spencer Martin. After only 35 minutes of racing the M.Sayva/R.Wilkinson Falcon showed signs of overheating which did not auger well for the others. In fact things went very badly for the Ford's with brake tire and overheating troubles. Despite all this the Gibson/Seton Falcon was in the lead with only 15 laps to go. But overheating struck this car as well and finally the car blew a piston and the Monaro of Bruce McPhee and Barry Mulholland swept to victory. The first Falcon home was ironically the 1967 XR GT of Stacey and McIntire which came in seventh one place in front of the Brauer/Harrod XT GT. The first works car was that of the Geoghegan brothers who finished 12th. With a fastest lap of 2 min. 58 sec. the winning Monaro was five seconds per lap quicker than the Falcons were in 1967 and three seconds faster than the Gibson/Seton car in 1968. Also the Monaro’s were achieving 125-128 mph on Conrod Straight whereas the Falcons could only manage around 121 mph 4 mph slower than 1967! Please Note: You can sort this listing by simply clicking on the column heading PLACE DRIVER / CO DRIVER(S) VEHICLE CLASS LAPS 1 Bruce McPhee / Barry Mulholland Monaro GTS327 D 130 2 Jim Palmer / Phil West Monaro GTS327 D 130 3 Tony Roberts / Bob Watson Monaro GTS327 D 129 4 Kevin Bartlett / Doug Chivas Alfa 1750 GTV E 129 5 Brian Muir / George Reynolds Monaro GTS327 D 127 6 Brian Foley / Laurie Stewart Alfa 1750 GTV E 126 7 Ken Stacey / Bruce McIntire Falcon XR GT D 125 8 Ray Gulson / Peter Brown Alfa 1750 GTV E 125 9 Chris Brauer / Murray Harrod Falcon XT GT D 125 10 Charlie Smith / Don Holland Morris Cooper S C 123 11 Mike Champion / Barry Arentz Falcon XT 500 C 123 12 Leo Geoghegan / Ian Geoghegan Falcon XT GT D 123 13 Warren Weldon / John Hall Studebaker Lark D 123 14 Mal Brewster / Digby Cooke Morris Cooper S C 121 15 John Roxburgh / Doug Whiteford Datsun 1600 B 120 16 Gary Hodge / Damon Beck Morris Cooper S C 120 17 Ray Marquet / Alan Cant Morris Cooper S C 120 18 Bill Tuckey / Allan Grice Fiat 124 Sport D 119 19 George Garth / Bruce Stewart Datsun 1600 B 118 20 Warren Gracie / Don James Morris Cooper S C 118 21 Kunimitsu Takahashi / Ym Sunago Datsun 1600 B 118 22 Rusty French / Alton Boddenberg Hillman Gazelle B 117 23 John Prisk / Alan Cameron Morris Cooper S C 116 24 Hans Tholstrup / Dennis Cooke Datsun 1600 B 116 25 Tony Basile / Gary Leggatt Fiat 125 C 116 26 Bruce Darke / Bill Ford Datsun 1600 B 115 27 Mike Kable / Ron Kearns Fiat 125 C 114 28 Sib Petralia / Jim Sullivan Kingswood HK C 114 29 Clyde Hodgins / Stan Pomroy Valiant VE Auto D 113 30 Bruce Hindhaugh / Bob Morris Toyota Corolla A 113 31 Fred Gibson / Barry Seton Falcon XT GT D 113 32 Barry Ferguson / Brian Sampson Toyota Corolla A 113 33 Herb Taylor / Don Smith Datsun 1600 B 112 34 Matt Daddo / Peter Ulbrich Datsun 1600 B 111 35 Arthur Olsen / Ray Scanlan Morris Cooper S C 110 36 Joe Butta / Bob Genders Hillman Arrow B 109 37 Trevor Mason / Neil Mason Morris 1100S B 109 38 Max Volkers / Lionel Ayers Cortina 220 A 107 39 Carl Kennedy / Jack Mullins Datsun 1600 B 107 40 Allan Johns / David Frazer Hillman Imp A 107 41 Midge Whiteman / Christine Cole Morris Mini A 98 42 Jim McKeown / Spencer Martin Falcon XT GT D 95 43 Ernie Johnson / Martin Chenery Fiat 125 C 88 44 Bill Stanley / Lindsay Adcock Morris Cooper S C 81 45 Dick Thurston / Brian Reed Toyota Corolla A 74 46 James Laing-Peach / Bob Drane Toyota Corolla A 74 47 Bob Muir / Gary Cooke Fiat 125 C 69 48 Mike Savva / Bob Wilkinson Falcon XT GT D 62 DNF Roger Withers / Mel Mollison Hillman Imp A DNF DNF Bill Evans / John Colwell Datsun 1000 A DNF DNF Dick Sorenson / Bevan Gibson Datsun 1000 A DNF DNF Jack Eiffeltower / David O'Keefe Hillman Gazelle B DNF DNF Rick Radford / David Seldon Morris Cooper S C DNF DNF Ron Haylen / John Smailes Morris Cooper S C DNF DNF Bob Beasley / Ray Morris Falcon XT GT D DNF DNF Ian Haynes / Max Stahl Monaro GTS327 D DNF DNF Des West / Ron Marks Monaro GTS327 D DNF DNF Paul Hawkins / Bill Brown Monaro GTS327 D DNF DNF Bill Daly / Glyn Scott Citroen DS21 E DNF DNF John French / Frank Gardner Alfa 1750 GTV E DNF
1968,500,Hardie-Ferodo 500 Mount Panorama,Bathurst 6th October,Hardie-Ferodo 500 Mount Panorama Bathurst 6th October 1968
1968,500,Hardie-Ferodo 500 Mount Panorama,Bathurst 6th October,Number of Laps: 130 Total Race Time: 6:44:0.0 Fastest lap: Bruce McPhee 2:58 (124.83 km/h) Classes: Class A - Up to $1800; Class B - $1801 to $2100; Class C - $2101 to $3000; Class D - $3001 to $4500; Class E - Over $4500
1969,1,Colin Bond,Tony Roberts,Monaro GTS350
1969,2,Bruce McPhee,Barry Mulholland,Falcon XW GTHO
1969,3,Des West,Peter Brock,Monaro GTS350
1969,4,Allan Moffat,Alan Hamilton,Falcon XW GTHO
1969,5,Ian Geoghegan,Leo Geoghegan,Falcon XW GTHO
1969,6,Peter Macrow,Henk Woelders,Monaro GTS350
1969,7,Bob Beasley,Bob Muir,Falcon XW GTHO
1969,8,Kevin Bartlett,Len Goodwin,Alfa 1750GTV
1969,9,Charlie Smith,Bill Ford,Falcon XW GT Auto
1969,10,Martin Chenery,Ernie Johnson,Falcon XW GTHO
1969,11,Peter Brown,Ray Gulson,Alfa 1750 Berlina
1969,12,Bob Genders,Joe Butta,Falcon XW GTHO
1969,13,Mike Savva,Bob Wilkinson,Falcon XW GTHO
1969,14,Warren Gracie,Ron Gillard,Morris Cooper S
1969,15,Bob Forbes,Peter Finlay,Fiat 125
1969,16,Ron Kearns,Gerry Lister,Fiat 125
1969,17,Graham Ryan,Mike Kable,Valiant Pacer
1969,18,Bruce Stewart,George Garth,Datsun 1600
1969,19,Gary Cooke,Geoff Spence,Mazda R100
1969,20,Ian Hindmarsh,Bill Stanley,Morris Cooper S
1969,21,Trevor Mason,Neil Mason,Mazda R100
1969,22,Les Grose,Graham Moore,Morris Cooper S
1969,23,John Roxburgh,Doug Whiteford,Datsun 1600
1969,24,Don Smith,Peter Wilson,Datsun 1600
1969,25,David Morrow,Roger Wootton,Datsun 1600
1969,26,Roy Griffiths,Glyn Scott,Falcon XW GTHO
1969,27,William Coad,Jon Leighton,Datsun 1600
1969,28,David Frazer,Allan Johns,Morris Cooper S
1969,29,Brian Sampson,Bob Morris,Toyota Corolla
1969,30,Bill Evans,Barry Tapsall,Datsun 1000
1969,31,Max Dickson,Diane Dickson,Cortina 240
1969,32,Gary Campbell,Gerry Murphy,Volkswagen 1600
1969,33,Bill Bryden,John Smith,Renault 16TS
1969,34,David Bye,Richard Willis,Morris Mini K
1969,35,Bob Edgerton,Ross Edgerton,Renault 10
1969,36,Arthur Olsen,Sandra Bennett,Morris Mini K
1969,37,Alf Barrett,Mel Mollison,Morris 1500
1969,38,Harry Gapps,Frank Hann,Falcon XW GTHO
1969,39,Chris Cronan,Steve Parkes,Toyota Corolla
1969,40,Trevor Meehan,Mal Brewster,Morris Cooper S
1969,41,Nick Ledingham,Damon Beck,Hillman Gazelle
1969,42,Paul Mander,Phil Edwards,Morris Cooper S
1969,500,Hardie-Ferodo 500 Mount Panorama,Bathurst 5th October,Hardie-Ferodo 500 Mount Panorama Bathurst 5th October 1969 Number of Laps: 130 Total Race Time: 6:32:0.0 Fastest lap: Moffat/Hamilton and Gibson/Seton 2:52.1 (129.11 km/h) Classes: Class A - Up to $1800; Class B - $1801 to $2100; Class C - $2101 to $3000; Class D - $3001 to $4500; Class E - Over $4500 Ford were understandably confident of their chances at Bathurst in 1969. The GTH0's looked like winners and 14 of them contested Class D ($3100-$4500) against seven of Holden's new 300 bhp 350ci Monaro GTS 350’s. Three works cars were there again headed by Moffat and Alan Hamilton plus the Geoghegans and Fred Gibson and "Bo" Seton together again. The race started in an extremely spectacular if unfortunate manner when at Skyline on the first lap Bill Brown's Falcon while lying seventh appeared with everything locked up hit the dirt bank and flipped upside down onto the middle of the track with no way around it. Cars ran into cars as drivers came around the blind corner. Before the thing was sorted out all except the first dozen cars were affected if not damaged or even put out of the race (see: Bathurst Memorable Moments ). It was not to be a good day for the Falcons. Al Turner had decided to use untried racing tires for the first time and it proved a disastrous mistake as Falcon after Falcon came in to the pits to change tires. Barry Seton respected Bill Brown's roll-over trick when while lying in second place a tire blew at McPhillamy Park and the Gibson/Seton works car's race was over. The eventual winner was a Holden Dealer Team's Monaro GTS 350 driven by Colin Bond and Tony Roberts while the McPhee/Mulholland GTHO saved some face for Ford with its second place on the same lap as the Monaro. The Moffat/Hamilton GTHO came in a creditable fourth with the Geoghegan brothers one place behind them. The fastest lap of the day went to the Gibson/Seton Falcon at 2 min. 52 sec. (average 81 mph) and the MePhee/Mulholland Falcon was fastest on Conrod Straight at just under 136 mph. Please Note: You can sort this listing by simply clicking on the column heading PLACE DRIVER / CO DRIVER(S) VEHICLE CLASS LAPS QUALIFYING 1 Colin Bond / Tony Roberts Monaro GTS350 D 130 0:2:53.8 2 Bruce McPhee / Barry Mulholland Falcon XW GTHO D 130 0:2:50.1 3 Des West / Peter Brock Monaro GTS350 D 130 0:2:55.4 4 Allan Moffat / Alan Hamilton Falcon XW GTHO D 129 0:2:53.6 5 Ian Geoghegan / Leo Geoghegan Falcon XW GTHO D 128 0:2:48.9 6 Peter Macrow / Henk Woelders Monaro GTS350 D 128 0:2:54.5 7 Bob Beasley / Bob Muir Falcon XW GTHO D 127 0:2:58.6 8 Kevin Bartlett / Len Goodwin Alfa 1750GTV E 126 0:3:01.3 9 Charlie Smith / Bill Ford Falcon XW GT Auto E 126 0:2:59.2 10 Martin Chenery / Ernie Johnson Falcon XW GTHO D 126 0:2:58.9 11 Peter Brown / Ray Gulson Alfa 1750 Berlina E 122 0:3:09.5 12 Bob Genders / Joe Butta Falcon XW GTHO D 122 0:3:02.6 13 Mike Savva / Bob Wilkinson Falcon XW GTHO D 121 0:2:55.9 14 Warren Gracie / Ron Gillard Morris Cooper S C 119 0:3:14.6 15 Bob Forbes / Peter Finlay Fiat 125 C 119 0:3:14.2 16 Ron Kearns / Gerry Lister Fiat 125 C 119 0:3:14.9 17 Graham Ryan / Mike Kable Valiant Pacer C 118 0:3:12.4 18 Bruce Stewart / George Garth Datsun 1600 B 117 0:3:16.5 19 Gary Cooke / Geoff Spence Mazda R100 C 117 0:3:14.3 20 Ian Hindmarsh / Bill Stanley Morris Cooper S C 117 0:3:13.0 21 Trevor Mason / Neil Mason Mazda R100 C 117 0:3:12.8 22 Les Grose / Graham Moore Morris Cooper S C 117 0:3:19.8 23 John Roxburgh / Doug Whiteford Datsun 1600 B 117 0:3:19.2 24 Don Smith / Peter Wilson Datsun 1600 B 114 0:3:18.5 25 David Morrow / Roger Wootton Datsun 1600 B 114 0:3:25.4 26 Roy Griffiths / Glyn Scott Falcon XW GTHO D 114 0:2:56.9 27 William Coad / Jon Leighton Datsun 1600 B 113 0:3:20.8 28 David Frazer / Allan Johns Morris Cooper S C 113 0:3:18.4 29 Brian Sampson / Bob Morris Toyota Corolla A 112 0:3:27.1 30 Bill Evans / Barry Tapsall Datsun 1000 A 110 0:3:30.2 31 Max Dickson / Diane Dickson Cortina 240 B 108 0:3:33.1 32 Gary Campbell / Gerry Murphy Volkswagen 1600 B 107 0:3:35.8 33 Bill Bryden / John Smith Renault 16TS C 107 0:3:29.7 34 David Bye / Richard Willis Morris Mini K A 104 0:3:43.6 35 Bob Edgerton / Ross Edgerton Renault 10 B 100 0:3:50.4 36 Arthur Olsen / Sandra Bennett Morris Mini K A 99 0:3:54.1 37 Alf Barrett / Mel Mollison Morris 1500 B 97 0:3:32.6 38 Harry Gapps / Frank Hann Falcon XW GTHO D 94 0:3:10.8 39 Chris Cronan / Steve Parkes Toyota Corolla A 93 0:3:39.3 40 Trevor Meehan / Mal Brewster Morris Cooper S C 93 0:3:16.1 41 Nick Ledingham / Damon Beck Hillman Gazelle B 84 0:3:22.3 42 Paul Mander / Phil Edwards Morris Cooper S C 82 0:3:11.1 DNF Digby Cooke / David Bowden Monaro GTS350 D DNF 0:2:53.8 DNF Fred Gibson / Barry Seton Falcon XW GTHO D DNF not available DNF Keith Grose / John Wright Capri 1600GT C DNF not available DNF George Geshopoulos / Ray Scanlan Hillman Imp GT A DNF not available DNF Ann Thomson / Carole Corness Morris Cooper S C DNF not available DNF David McKay / Brian Foley Falcon XW GTHO D DNF not available DNF Max Stewart / Brian Reed Toyota Corona D DNF not available DNF Hans Tholstrup / Brian Connell Datsun 1600 B DNF not available DNF John Goss / Denis Cribbin Falcon XW GTHO D DNF not available DNF Christine Cole / Lynne Keefe Fiat 125 C DNF not available DNF Nick Petrilli / Max Stahl Monaro GTS350 D DNF not available DNF Bill Tuckey / Sib Petralia Monaro GTS350 D DNF not available DNF Barry Arentz / Brian Michelmore Falcon XW GTHO D DNF not available DNF Bernie Haehnle / Peter Wherrett Mazda R100 C DNF not available DNF Bruce Darke / Dennis Cooke Datsun 1600 B DNF not available DNF Alan Cant / Bob Cook Capri 1600GT C DNF not available DNF Bill Brown / Phil West Falcon XW GTHO D DNF not available DNF John French / Doug Chivas Alfa 1750GTV E DNF not available DNF Bryan Thomson / Graham Ritter Alfa 1750GTV E DNF not available DNF John Prisk / Alan Cameron Morris Cooper S C DNF not available DNF Barry Ferguson / James Laing-Peach Toyota Corolla A DNF not available
1969,500,Hardie-Ferodo 500 Mount Panorama,Bathurst 5th October,Hardie-Ferodo 500 Mount Panorama Bathurst 5th October 1969 Number of Laps: 130 Total Race Time: 6:32:0.0 Fastest lap: Moffat/Hamilton and Gibson/Seton 2:52.1 (129.11 km/h) Classes: Class A - Up to $1800; Class B - $1801 to $2100; Class C - $2101 to $3000; Class D - $3001 to $4500; Class E - Over $4500 Ford were understandably confident of their chances at Bathurst in 1969. The GTH0's looked like winners and 14 of them contested Class D ($3100-$4500) against seven of Holden's new 300 bhp 350ci Monaro GTS 350’s. Three works cars were there again headed by Moffat and Alan Hamilton plus the Geoghegans and Fred Gibson and "Bo" Seton together again. The race started in an extremely spectacular if unfortunate manner when at Skyline on the first lap Bill Brown's Falcon while lying seventh appeared with everything locked up hit the dirt bank and flipped upside down onto the middle of the track with no way around it. Cars ran into cars as drivers came around the blind corner. Before the thing was sorted out all except the first dozen cars were affected if not damaged or even put out of the race (see: Bathurst Memorable Moments ). It was not to be a good day for the Falcons. Al Turner had decided to use untried racing tires for the first time and it proved a disastrous mistake as Falcon after Falcon came in to the pits to change tires. Barry Seton respected Bill Brown's roll-over trick when while lying in second place a tire blew at McPhillamy Park and the Gibson/Seton works car's race was over. The eventual winner was a Holden Dealer Team's Monaro GTS 350 driven by Colin Bond and Tony Roberts while the McPhee/Mulholland GTHO saved some face for Ford with its second place on the same lap as the Monaro. The Moffat/Hamilton GTHO came in a creditable fourth with the Geoghegan brothers one place behind them. The fastest lap of the day went to the Gibson/Seton Falcon at 2 min. 52 sec. (average 81 mph) and the MePhee/Mulholland Falcon was fastest on Conrod Straight at just under 136 mph. Please Note: You can sort this listing by simply clicking on the column heading PLACE DRIVER / CO DRIVER(S) VEHICLE CLASS LAPS QUALIFYING 1 Colin Bond / Tony Roberts Monaro GTS350 D 130 0:2:53.8 2 Bruce McPhee / Barry Mulholland Falcon XW GTHO D 130 0:2:50.1 3 Des West / Peter Brock Monaro GTS350 D 130 0:2:55.4 4 Allan Moffat / Alan Hamilton Falcon XW GTHO D 129 0:2:53.6 5 Ian Geoghegan / Leo Geoghegan Falcon XW GTHO D 128 0:2:48.9 6 Peter Macrow / Henk Woelders Monaro GTS350 D 128 0:2:54.5 7 Bob Beasley / Bob Muir Falcon XW GTHO D 127 0:2:58.6 8 Kevin Bartlett / Len Goodwin Alfa 1750GTV E 126 0:3:01.3 9 Charlie Smith / Bill Ford Falcon XW GT Auto E 126 0:2:59.2 10 Martin Chenery / Ernie Johnson Falcon XW GTHO D 126 0:2:58.9 11 Peter Brown / Ray Gulson Alfa 1750 Berlina E 122 0:3:09.5 12 Bob Genders / Joe Butta Falcon XW GTHO D 122 0:3:02.6 13 Mike Savva / Bob Wilkinson Falcon XW GTHO D 121 0:2:55.9 14 Warren Gracie / Ron Gillard Morris Cooper S C 119 0:3:14.6 15 Bob Forbes / Peter Finlay Fiat 125 C 119 0:3:14.2 16 Ron Kearns / Gerry Lister Fiat 125 C 119 0:3:14.9 17 Graham Ryan / Mike Kable Valiant Pacer C 118 0:3:12.4 18 Bruce Stewart / George Garth Datsun 1600 B 117 0:3:16.5 19 Gary Cooke / Geoff Spence Mazda R100 C 117 0:3:14.3 20 Ian Hindmarsh / Bill Stanley Morris Cooper S C 117 0:3:13.0 21 Trevor Mason / Neil Mason Mazda R100 C 117 0:3:12.8 22 Les Grose / Graham Moore Morris Cooper S C 117 0:3:19.8 23 John Roxburgh / Doug Whiteford Datsun 1600 B 117 0:3:19.2 24 Don Smith / Peter Wilson Datsun 1600 B 114 0:3:18.5 25 David Morrow / Roger Wootton Datsun 1600 B 114 0:3:25.4 26 Roy Griffiths / Glyn Scott Falcon XW GTHO D 114 0:2:56.9 27 William Coad / Jon Leighton Datsun 1600 B 113 0:3:20.8 28 David Frazer / Allan Johns Morris Cooper S C 113 0:3:18.4 29 Brian Sampson / Bob Morris Toyota Corolla A 112 0:3:27.1 30 Bill Evans / Barry Tapsall Datsun 1000 A 110 0:3:30.2 31 Max Dickson / Diane Dickson Cortina 240 B 108 0:3:33.1 32 Gary Campbell / Gerry Murphy Volkswagen 1600 B 107 0:3:35.8 33 Bill Bryden / John Smith Renault 16TS C 107 0:3:29.7 34 David Bye / Richard Willis Morris Mini K A 104 0:3:43.6 35 Bob Edgerton / Ross Edgerton Renault 10 B 100 0:3:50.4 36 Arthur Olsen / Sandra Bennett Morris Mini K A 99 0:3:54.1 37 Alf Barrett / Mel Mollison Morris 1500 B 97 0:3:32.6 38 Harry Gapps / Frank Hann Falcon XW GTHO D 94 0:3:10.8 39 Chris Cronan / Steve Parkes Toyota Corolla A 93 0:3:39.3 40 Trevor Meehan / Mal Brewster Morris Cooper S C 93 0:3:16.1 41 Nick Ledingham / Damon Beck Hillman Gazelle B 84 0:3:22.3 42 Paul Mander / Phil Edwards Morris Cooper S C 82 0:3:11.1 DNF Digby Cooke / David Bowden Monaro GTS350 D DNF 0:2:53.8 DNF Fred Gibson / Barry Seton Falcon XW GTHO D DNF not available DNF Keith Grose / John Wright Capri 1600GT C DNF not available DNF George Geshopoulos / Ray Scanlan Hillman Imp GT A DNF not available DNF Ann Thomson / Carole Corness Morris Cooper S C DNF not available DNF David McKay / Brian Foley Falcon XW GTHO D DNF not available DNF Max Stewart / Brian Reed Toyota Corona D DNF not available DNF Hans Tholstrup / Brian Connell Datsun 1600 B DNF not available DNF John Goss / Denis Cribbin Falcon XW GTHO D DNF not available DNF Christine Cole / Lynne Keefe Fiat 125 C DNF not available DNF Nick Petrilli / Max Stahl Monaro GTS350 D DNF not available DNF Bill Tuckey / Sib Petralia Monaro GTS350 D DNF not available DNF Barry Arentz / Brian Michelmore Falcon XW GTHO D DNF not available DNF Bernie Haehnle / Peter Wherrett Mazda R100 C DNF not available DNF Bruce Darke / Dennis Cooke Datsun 1600 B DNF not available DNF Alan Cant / Bob Cook Capri 1600GT C DNF not available DNF Bill Brown / Phil West Falcon XW GTHO D DNF not available DNF John French / Doug Chivas Alfa 1750GTV E DNF not available DNF Bryan Thomson / Graham Ritter Alfa 1750GTV E DNF not available DNF John Prisk / Alan Cameron Morris Cooper S C DNF not available DNF Barry Ferguson / James Laing-Peach Toyota Corolla A DNF not available
1969,500,Hardie-Ferodo 500 Mount Panorama,Bathurst 5th October,Hardie-Ferodo 500 Mount Panorama Bathurst 5th October 1969
1969,500,Hardie-Ferodo 500 Mount Panorama,Bathurst 5th October,Number of Laps: 130 Total Race Time: 6:32:0.0 Fastest lap: Moffat/Hamilton and Gibson/Seton 2:52.1 (129.11 km/h) Classes: Class A - Up to $1800; Class B - $1801 to $2100; Class C - $2101 to $3000; Class D - $3001 to $4500; Class E - Over $4500
1970,1,Allan Moffat,,Falcon XW GTHO
1970,2,Bruce McPhee,,Falcon XW GTHO
1970,3,Don Holland,,Torana LC XU1
1970,4,Doug Chivas,Graham Ryan,Valiant Pacer 2BL
1970,5,Leo Geoghegan,Nick Ledingham,Valiant Pacer 2BL
1970,6,George Garth,John Hall,Torana LC XU1
1970,7,Des West,Peter Brown,Valiant Pacer 4BL
1970,8,Brian Reed,Bob Watson,Torana LC XU1
1970,9,John Goss,Bob Skelton,Falcon XW GTHO
1970,10,Warren Gracie,Ron Gillard,Torana LC XU1
1970,11,Spencer Martin,Bob Martin,Torana LC XU1
1970,12,Hans Tholstrup,Bill Ford,Falcon XW GTHO
1970,13,Christine Cole,Sandra Bennett,Torana LC XU1
1970,14,Bob Holden,,Falcon XW GTHO
1970,15,Alan Cant,Bob Cook,Valiant Pacer 4BL
1970,16,Colin Bond,,Torana LC XU1
1970,17,Bob Drane,,Escort TC
1970,18,Trevor Meehan,Peter Wherrett,Falcon XW GTHO
1970,19,Don Smith,,Datsun 1600
1970,20,Doug Whiteford,,Datsun 1600
1970,21,Chris Cronan,Mark Cortese,Torana LC XU1
1970,22,Jack Magic,David O'Keefe,BMW 2800
1970,23,Ron Kearns,Gerry Lister,Fiat 125S
1970,24,Barry Tapsall,Jon Leighton,Datsun 1200
1970,25,Bernie Haehnle,Neil Revell,Mazda 1300
1970,26,John Leffler,Gary Hodge,Mazda 1300
1970,27,Brian Sampson,Dick Thurston,Toyota Corolla
1970,28,James Laing-Peach,Barry Ferguson,Mazda 1300
1970,29,Geoff Westbury,Ray Marquet,Cortina 1600
1970,30,Max Stewart,Dick Young,Toyota Corolla
1970,31,Lyndon McLeod,Brian Culcheth,Triumph 2.5 PI
1970,32,Ray Morris,,Mazda 1300
1970,33,Trevor Mason,,Mazda 1300
1970,34,Digby Cooke,David Seldon,Torana LC XU1
1970,35,Carl Kennedy,Bill Slattery,Datsun 1200
1970,36,Arthur Olsen,Lynne Keefe,Morris Cooper S
1970,37,Peter Brock,Bob Morris,Torana LC XU1
1970,38,Bill Stanley,Mike Kable,Toyota Corolla
1970,39,Bob Forbes,Peter Finlay,Fiat 128
1970,40,Ross Hewison,Brian Hones,Escort TC
1970,41,Harry Gapps,Frank Hann,Escort 1300
1970,42,Carole Corness,Gloria Taylor,Escort 1300
1970,43,Joe Butta,Bob Genders,Pacer 4Bl
1970,500,Hardie-Ferodo 500 Mount Panorama,Bathurst 4th October,Hardie-Ferodo 500 Mount Panorama Bathurst 4th October 1970 Number of Laps: 130 Total Race Time: 6:33:0.0 Fastest lap: Moffat/Hamilton and Gibson/Seton 2:52.1 (129.11 km/h) Classes: Class A - Up to $1960; Class B - $1961 to $2400; Class C - $2401 to $3150; Class D - $3151 to $4100; Class E - Over $4100 1970 Hardie-Ferodo 500 Program Following previous racing events around the country and most particularly at the Sandown 250 Ford were discovering much to their chargrin that the new Cleveland engines were not proving to be as reliable as they should have been. Ford went into the 1970 race with 14 Falcon's and an air of uncertainty about their engines their brakes and the potential of the opposition particularly the Torana’s which had done very well at Sandown Park. Then there were the new Chrysler Pacer's an unknown at the race track and featuring a sweet 4 liter 245ci straight six with a four-barrel carburetor. The Pacer was developed under the guidance of Leo Geoghegan and although slightly larger in size than the Falcon’s it was like the Torana lighter. In practice Allan Moffat won pole position with a 2 min. 49 sec. lap and the other works-entered Falcons filled positions two and three on the grid. But practice did not increase Ford's confidence as the Torana’s had run all day with problem whereas the Falcons had suffered a lot of engine troubles and overnight rebuilds were the order of the day for quite a number of them. The first lap of the race gave heart to the Holden supporters as Colin Bond who had already worked up from fourth on the grid dived under Allan Moffat under brakes to take the lead in his Torana XU1. It didn't take Moffat long to re-pass Bond however and the Canadian stayed in the No. 1 spot for the remainder of the race. Behind him however a lot of Falcons were in trouble. The works car of Fred Gibson and Barry Seton had its differential seize and Bruce Hodgson Gary Rush David McKay Kyrn Aunger and Bob Beasley all suffered engine failures. Bruce McPhee also in a works car came in second on the same lap as Moffat but the next Falcon home was the car of John Goss and Bob Skelton who had driven a good race to come in seventh theirs being the first non-works Falcon to complete the distance. Please Note: You can sort this listing by simply clicking on the column heading PLACE DRIVER / CO DRIVER(S) VEHICLE CLASS LAPS QUALIFYING 1 Allan Moffat Falcon XW GTHO E 130 0:2:49.3 2 Bruce McPhee Falcon XW GTHO E 130 0:2:50.0 3 Don Holland Torana LC XU1 C 129 0:2:54.3 4 Doug Chivas / Graham Ryan Valiant Pacer 2BL C 129 0:3:00.2 5 Leo Geoghegan / Nick Ledingham Valiant Pacer 2BL C 128 0:2:59.8 6 George Garth / John Hall Torana LC XU1 C 128 0:2:58.1 7 Des West / Peter Brown Valiant Pacer 4BL D 127 0:2:56.0 8 Brian Reed / Bob Watson Torana LC XU1 C 127 0:2:57.3 9 John Goss / Bob Skelton Falcon XW GTHO E 127 0:3:09.3 10 Warren Gracie / Ron Gillard Torana LC XU1 C 126 0:3:02.0 11 Spencer Martin / Bob Martin Torana LC XU1 C 125 0:2:58.2 12 Hans Tholstrup / Bill Ford Falcon XW GTHO E 125 0:2:59.1 13 Christine Cole / Sandra Bennett Torana LC XU1 C 123 0:3:00.2 14 Bob Holden Falcon XW GTHO E 123 0:3:00.3 15 Alan Cant / Bob Cook Valiant Pacer 4BL D 121 0:3:02.5 16 Colin Bond Torana LC XU1 C 119 0:2:54.0 17 Bob Drane Escort TC C 119 0:3:10.2 18 Trevor Meehan / Peter Wherrett Falcon XW GTHO E 118 0:2:58.2 19 Don Smith Datsun 1600 B 117 0:3:18.4 20 Doug Whiteford Datsun 1600 B 117 0:3:19.4 21 Chris Cronan / Mark Cortese Torana LC XU1 C 117 0:3:01.4 22 Jack Magic / David O'Keefe BMW 2800 E 117 0:3:10.2 23 Ron Kearns / Gerry Lister Fiat 125S D 116 0:3:20.1 24 Barry Tapsall / Jon Leighton Datsun 1200 A 114 0:3:25.0 25 Bernie Haehnle / Neil Revell Mazda 1300 A 114 0:3:25.9 26 John Leffler / Gary Hodge Mazda 1300 A 113 0:3:25.2 27 Brian Sampson / Dick Thurston Toyota Corolla A 113 0:3:27.2 28 James Laing-Peach / Barry Ferguson Mazda 1300 A 112 0:3:27.9 29 Geoff Westbury / Ray Marquet Cortina 1600 B 112 0:3:28.2 30 Max Stewart / Dick Young Toyota Corolla A 112 0:3:28.0 31 Lyndon McLeod / Brian Culcheth Triumph 2.5 PI D 111 0:3:15.5 32 Ray Morris Mazda 1300 A 111 0:3:28.7 33 Trevor Mason Mazda 1300 A 111 0:3:30.4 34 Digby Cooke / David Seldon Torana LC XU1 C 108 0:2:56.2 35 Carl Kennedy / Bill Slattery Datsun 1200 A 108 0:3:32.3 36 Arthur Olsen / Lynne Keefe Morris Cooper S C 107 0:3:33.0 37 Peter Brock / Bob Morris Torana LC XU1 C 107 0:2:54.8 38 Bill Stanley / Mike Kable Toyota Corolla A 106 0:3:28.1 39 Bob Forbes / Peter Finlay Fiat 128 B 106 0:3:36.3 40 Ross Hewison / Brian Hones Escort TC C 105 0:3:10.1 41 Harry Gapps / Frank Hann Escort 1300 A 103 0:3:42.8 42 Carole Corness / Gloria Taylor Escort 1300 A 103 0:3:49.0 43 Joe Butta / Bob Genders Pacer 4Bl S 63 0:2:58.3 DNF Tony Roberts Falcon XW GTHO E DNF 0:2:49.3 DNF John Roxburgh Datsun 1200 A DNF not available DNF Bill Evans / Gary Cooke Toyota Corolla A DNF not available DNF Les Grose / Keith Grose Torana LC XU1 C DNF not available DNF Graham Moore / Bill Brown Torana LC 2600S B DNF not available DNF Graham Ritter / Richard Knight Falcon XW GTHO E DNF not available DNF Norm Beechey / Bruce Hindhaugh Pacer 4Bl D DNF not available DNF John Keran / Clyde Hodgins Torana LC XU1 C DNF not available DNF Fred Gibson / Barry Seton Falcon XW GTHO E DNF not available DNF Bruce Stewart / Iain Corness Datsun 1600 B DNF not available DNF Garry Rush / Martin Chenery Falcon XW GTHO E DNF not available DNF David McKay Falcon XW GTHO E DNF not available DNF Kym Aunger / John Walker Falcon XW GTHO E DNF not available DNF Bruce Hodgson Falcon XW GTHO E DNF not available DNF David Sheldon Monaro GTS350 E DNF not available DNF Bob Beasley / Bob Muir Falcon XW GTHO E DNF not available DNF Geoff Leeds / Les Carne Mazda 1300 A DNF not available
1970,500,Hardie-Ferodo 500 Mount Panorama,Bathurst 4th October,Hardie-Ferodo 500 Mount Panorama Bathurst 4th October 1970 Number of Laps: 130 Total Race Time: 6:33:0.0 Fastest lap: Moffat/Hamilton and Gibson/Seton 2:52.1 (129.11 km/h) Classes: Class A - Up to $1960; Class B - $1961 to $2400; Class C - $2401 to $3150; Class D - $3151 to $4100; Class E - Over $4100 1970 Hardie-Ferodo 500 Program Following previous racing events around the country and most particularly at the Sandown 250 Ford were discovering much to their chargrin that the new Cleveland engines were not proving to be as reliable as they should have been. Ford went into the 1970 race with 14 Falcon's and an air of uncertainty about their engines their brakes and the potential of the opposition particularly the Torana’s which had done very well at Sandown Park. Then there were the new Chrysler Pacer's an unknown at the race track and featuring a sweet 4 liter 245ci straight six with a four-barrel carburetor. The Pacer was developed under the guidance of Leo Geoghegan and although slightly larger in size than the Falcon’s it was like the Torana lighter. In practice Allan Moffat won pole position with a 2 min. 49 sec. lap and the other works-entered Falcons filled positions two and three on the grid. But practice did not increase Ford's confidence as the Torana’s had run all day with problem whereas the Falcons had suffered a lot of engine troubles and overnight rebuilds were the order of the day for quite a number of them. The first lap of the race gave heart to the Holden supporters as Colin Bond who had already worked up from fourth on the grid dived under Allan Moffat under brakes to take the lead in his Torana XU1. It didn't take Moffat long to re-pass Bond however and the Canadian stayed in the No. 1 spot for the remainder of the race. Behind him however a lot of Falcons were in trouble. The works car of Fred Gibson and Barry Seton had its differential seize and Bruce Hodgson Gary Rush David McKay Kyrn Aunger and Bob Beasley all suffered engine failures. Bruce McPhee also in a works car came in second on the same lap as Moffat but the next Falcon home was the car of John Goss and Bob Skelton who had driven a good race to come in seventh theirs being the first non-works Falcon to complete the distance. Please Note: You can sort this listing by simply clicking on the column heading PLACE DRIVER / CO DRIVER(S) VEHICLE CLASS LAPS QUALIFYING 1 Allan Moffat Falcon XW GTHO E 130 0:2:49.3 2 Bruce McPhee Falcon XW GTHO E 130 0:2:50.0 3 Don Holland Torana LC XU1 C 129 0:2:54.3 4 Doug Chivas / Graham Ryan Valiant Pacer 2BL C 129 0:3:00.2 5 Leo Geoghegan / Nick Ledingham Valiant Pacer 2BL C 128 0:2:59.8 6 George Garth / John Hall Torana LC XU1 C 128 0:2:58.1 7 Des West / Peter Brown Valiant Pacer 4BL D 127 0:2:56.0 8 Brian Reed / Bob Watson Torana LC XU1 C 127 0:2:57.3 9 John Goss / Bob Skelton Falcon XW GTHO E 127 0:3:09.3 10 Warren Gracie / Ron Gillard Torana LC XU1 C 126 0:3:02.0 11 Spencer Martin / Bob Martin Torana LC XU1 C 125 0:2:58.2 12 Hans Tholstrup / Bill Ford Falcon XW GTHO E 125 0:2:59.1 13 Christine Cole / Sandra Bennett Torana LC XU1 C 123 0:3:00.2 14 Bob Holden Falcon XW GTHO E 123 0:3:00.3 15 Alan Cant / Bob Cook Valiant Pacer 4BL D 121 0:3:02.5 16 Colin Bond Torana LC XU1 C 119 0:2:54.0 17 Bob Drane Escort TC C 119 0:3:10.2 18 Trevor Meehan / Peter Wherrett Falcon XW GTHO E 118 0:2:58.2 19 Don Smith Datsun 1600 B 117 0:3:18.4 20 Doug Whiteford Datsun 1600 B 117 0:3:19.4 21 Chris Cronan / Mark Cortese Torana LC XU1 C 117 0:3:01.4 22 Jack Magic / David O'Keefe BMW 2800 E 117 0:3:10.2 23 Ron Kearns / Gerry Lister Fiat 125S D 116 0:3:20.1 24 Barry Tapsall / Jon Leighton Datsun 1200 A 114 0:3:25.0 25 Bernie Haehnle / Neil Revell Mazda 1300 A 114 0:3:25.9 26 John Leffler / Gary Hodge Mazda 1300 A 113 0:3:25.2 27 Brian Sampson / Dick Thurston Toyota Corolla A 113 0:3:27.2 28 James Laing-Peach / Barry Ferguson Mazda 1300 A 112 0:3:27.9 29 Geoff Westbury / Ray Marquet Cortina 1600 B 112 0:3:28.2 30 Max Stewart / Dick Young Toyota Corolla A 112 0:3:28.0 31 Lyndon McLeod / Brian Culcheth Triumph 2.5 PI D 111 0:3:15.5 32 Ray Morris Mazda 1300 A 111 0:3:28.7 33 Trevor Mason Mazda 1300 A 111 0:3:30.4 34 Digby Cooke / David Seldon Torana LC XU1 C 108 0:2:56.2 35 Carl Kennedy / Bill Slattery Datsun 1200 A 108 0:3:32.3 36 Arthur Olsen / Lynne Keefe Morris Cooper S C 107 0:3:33.0 37 Peter Brock / Bob Morris Torana LC XU1 C 107 0:2:54.8 38 Bill Stanley / Mike Kable Toyota Corolla A 106 0:3:28.1 39 Bob Forbes / Peter Finlay Fiat 128 B 106 0:3:36.3 40 Ross Hewison / Brian Hones Escort TC C 105 0:3:10.1 41 Harry Gapps / Frank Hann Escort 1300 A 103 0:3:42.8 42 Carole Corness / Gloria Taylor Escort 1300 A 103 0:3:49.0 43 Joe Butta / Bob Genders Pacer 4Bl S 63 0:2:58.3 DNF Tony Roberts Falcon XW GTHO E DNF 0:2:49.3 DNF John Roxburgh Datsun 1200 A DNF not available DNF Bill Evans / Gary Cooke Toyota Corolla A DNF not available DNF Les Grose / Keith Grose Torana LC XU1 C DNF not available DNF Graham Moore / Bill Brown Torana LC 2600S B DNF not available DNF Graham Ritter / Richard Knight Falcon XW GTHO E DNF not available DNF Norm Beechey / Bruce Hindhaugh Pacer 4Bl D DNF not available DNF John Keran / Clyde Hodgins Torana LC XU1 C DNF not available DNF Fred Gibson / Barry Seton Falcon XW GTHO E DNF not available DNF Bruce Stewart / Iain Corness Datsun 1600 B DNF not available DNF Garry Rush / Martin Chenery Falcon XW GTHO E DNF not available DNF David McKay Falcon XW GTHO E DNF not available DNF Kym Aunger / John Walker Falcon XW GTHO E DNF not available DNF Bruce Hodgson Falcon XW GTHO E DNF not available DNF David Sheldon Monaro GTS350 E DNF not available DNF Bob Beasley / Bob Muir Falcon XW GTHO E DNF not available DNF Geoff Leeds / Les Carne Mazda 1300 A DNF not available
1970,500,Hardie-Ferodo 500 Mount Panorama,Bathurst 4th October,Hardie-Ferodo 500 Mount Panorama Bathurst 4th October 1970
1970,500,Hardie-Ferodo 500 Mount Panorama,Bathurst 4th October,Number of Laps: 130 Total Race Time: 6:33:0.0 Fastest lap: Moffat/Hamilton and Gibson/Seton 2:52.1 (129.11 km/h) Classes: Class A - Up to $1960; Class B - $1961 to $2400; Class C - $2401 to $3150; Class D - $3151 to $4100; Class E - Over $4100
1971,1,Allan Moffat,,Falcon XY GTHO
1971,2,Phil Barnes,Bob Skelton,Falcon XY GTHO
1971,3,David McKay,,Falcon XY GTHO
1971,4,Colin Bond,,Torana LC XU1
1971,5,John French,,Falcon XY GTHO
1971,6,John Goss,,Falcon XY GTHO
1971,7,Leo Geoghegan,Peter Brown,Charger E38
1971,8,Peter Brock,,Torana LC XU1
1971,9,Don Holland,Brian Foley,Torana LC XU1
1971,10,Bob Beasley,,Charger E38
1971,11,Murray Carter,,Falcon XY GTHO
1971,12,Norm Beechey,Jim McKeown,Charger E38
1971,13,Bruce McPhee,,Torana LC XU1
1971,14,Kevin Bartlett,,Falcon XY GTHO
1971,15,Joe Butta,Geoff Hunter,Charger E38
1971,16,Martin Chenery,,Charger E38
1971,17,Tony Roberts,,Torana LC XU1
1971,18,John Walker,Malcolm Ramsay,Torana LC XU1
1971,19,Doug Chivas,Graham Moore,Charger E38
1971,20,Des West,,Falcon XY GTHO
1971,21,Gerry Lister,David Seldon,Falcon XY 500
1971,22,Mick Brown,,Torana LC XU1
1971,23,Geoff Leeds,Digby Cooke,Torana LC XU1
1971,24,Ron Kearns,,Fiat 124S
1971,25,Brian Reed,Graham Ritter,Charger E38
1971,26,Gary Cooke,,Mazda RX2
1971,27,Geoff Wade,Geoff Perry,Torana LC GTR
1971,28,Graham Ryan,,Charger E38
1971,29,Pat Peck,Jan Holland,Torana LC XU1
1971,30,Mal Brewster,Ray Strong,Torana LC GTR
1971,31,Ross Hewison,Brian Hones,Escort TC
1971,32,Wayne Rogerson,Alan Mayne,Mazda RX2
1971,33,Bob Wedd,Bob Cracknell,Morris Cooper S
1971,34,Herb Vines,Chris Batger,Escort TC
1971,35,Geoff Westbury,Jim Sullivan,Cortina 2000L
1971,36,Bruce Stewart,,Datsun 1600
1971,37,John Leffler,,Mazda 1300
1971,38,Les Carne,Peter Cray,Mazda 1300
1971,39,Barry Arentz,,Toyota Corolla
1971,40,Carl Kennedy,Bill Slattery,Mazda 1300
1971,41,Ken Brian,Noel Riley,Honda 1300S
1971,42,Bill Stanley,Mike Kable,Morris Cooper S
1971,43,Doug Whiteford,,Datsun 1200
1971,44,George Garth,John Hall,Mazda 1600
1971,45,Don Smith,,Datsun 1600
1971,500,Hardie-Ferodo 500 Mount Panorama,Bathurst 3rd October,Hardie-Ferodo 500 Mount Panorama Bathurst 3rd October 1971 Number of Laps: 130 Total Race Time: 6:9:49.5 Fastest lap: Bob Morris 2:40 (138.87 km/h) Classes: Class A - Up to $2150; Class B - $2151 to $2500; Class C - $2501 to $3150; Class D - $3151 to $4350; Class E - Over $4350 1971 Hardie-Ferodo 500 Program Thirteen Falcon GTHO Phase 3’s started in the 1971 Hardie-Ferodo led by the works' cars of Allan Moffat and John French. Once again Moffat gained pole position with a best lap practice of 2:38.9 10 seconds faster than 1970 which did not encourage the Torana and Charger crews who then had to hope on a series of mechanical failures from the big Ford’s to stand a chance. As it happened although five of the Falcons did fail to finish only one of these was due to mechanical problems this being the car of Trevor Meehan who suffered brake problems. Of the four retirements the Gibson/Seton car had its differential fail after someone had accidentally put odd tires on the rear the Beck/Rush car crashed Bob Morris’s car overheated after a sheet of newspaper stuck over the grille. And Bill Brown suffered yet another dreadful rollover when his Falcon blew a tire at McPhillamy Park and rolled along the top of the fence the car being virtually cut in two (see: Bathurst Memorable Moments ). It was a terrifying crash and TV viewers were treated to it’s replay time and time again during the afternoon. Allan Moffat led the race all the way and never looked like losing it but to add to Ford’s triumph Falcon’s also came in second and third (Barnes/Skelton and McKay) fifth (French) and seventh (Goss). The good result must have been very pleasing to Ford not only for their sales figures but also for Howard Marsden who took over the leadership of Ford's racing activities just before Bathurst and was confronted with the fact that the reliability of the modified Cleveland engines was still fairly unknown. The engines did hold together and very well too so the months of time and effort put into them were not wasted. Please Note: You can sort this listing by simply clicking on the column heading PLACE DRIVER / CO DRIVER(S) VEHICLE CLASS LAPS QUALIFYING 1 Allan Moffat Falcon XY GTHO E 130 0:2:45.0 2 Phil Barnes / Bob Skelton Falcon XY GTHO E 129 0:2:45.4 3 David McKay Falcon XY GTHO E 129 0:2:44.4 4 Colin Bond Torana LC XU1 D 129 0:2:46.9 5 John French Falcon XY GTHO E 129 0:2:41.9 6 John Goss Falcon XY GTHO E 129 0:2:47.2 7 Leo Geoghegan / Peter Brown Charger E38 E 129 0:2:45.7 8 Peter Brock Torana LC XU1 D 129 0:2:46.3 9 Don Holland / Brian Foley Torana LC XU1 D 129 not available 10 Bob Beasley Charger E38 D 128 0:2:46.3 11 Murray Carter Falcon XY GTHO E 127 not available 12 Norm Beechey / Jim McKeown Charger E38 D 127 not available 13 Bruce McPhee Torana LC XU1 D 127 not available 14 Kevin Bartlett Falcon XY GTHO E 126 0:2:53.3 15 Joe Butta / Geoff Hunter Charger E38 D 126 not available 16 Martin Chenery Charger E38 D 125 not available 17 Tony Roberts Torana LC XU1 D 125 not available 18 John Walker / Malcolm Ramsay Torana LC XU1 D 124 not available 19 Doug Chivas / Graham Moore Charger E38 D 124 0:2:47.1 20 Des West Falcon XY GTHO E 123 0:2:46.7 21 Gerry Lister / David Seldon Falcon XY 500 D 122 not available 22 Mick Brown Torana LC XU1 D 121 0:2:44.7 23 Geoff Leeds / Digby Cooke Torana LC XU1 D 120 not available 24 Ron Kearns Fiat 124S E 118 not available 25 Brian Reed / Graham Ritter Charger E38 D 118 not available 26 Gary Cooke Mazda RX2 C 117 not available 27 Geoff Wade / Geoff Perry Torana LC GTR C 117 not available 28 Graham Ryan Charger E38 D 116 not available 29 Pat Peck / Jan Holland Torana LC XU1 D 115 not available 30 Mal Brewster / Ray Strong Torana LC GTR C 115 not available 31 Ross Hewison / Brian Hones Escort TC C 114 0:3:6.3 32 Wayne Rogerson / Alan Mayne Mazda RX2 C 113 not available 33 Bob Wedd / Bob Cracknell Morris Cooper S C 111 not available 34 Herb Vines / Chris Batger Escort TC C 110 not available 35 Geoff Westbury / Jim Sullivan Cortina 2000L C 110 not available 36 Bruce Stewart Datsun 1600 B 109 not available 37 John Leffler Mazda 1300 A 108 not available 38 Les Carne / Peter Cray Mazda 1300 A 107 not available 39 Barry Arentz Toyota Corolla A 106 not available 40 Carl Kennedy / Bill Slattery Mazda 1300 A 105 not available 41 Ken Brian / Noel Riley Honda 1300S C 104 not available 42 Bill Stanley / Mike Kable Morris Cooper S C 102 not available 43 Doug Whiteford Datsun 1200 A 100 0:3:21.6 44 George Garth / John Hall Mazda 1600 B 99 0:3:14.1 45 Don Smith Datsun 1600 B 97 not available DNF Damon Beck / Garry Rush Falcon XY GTHO E DNF not available DNF Brian Sampson Toyota Corolla A DNF not available DNF Tom Naughton / Ross Wemyss Charger E38 D DNF not available DNF Bryan Thomson / John Mann Alfa Giulia D DNF not available DNF Bob Morris / Ray Morris Falcon XY GTHO E DNF not available DNF Trevor Meehan Falcon XY GTHO E DNF not available DNF Bob Jane / John Harvey Torana LC XU1 D DNF not available DNF Bob Forbes / John Millyard Charger E38 D DNF not available DNF Bill Brown Falcon XY GTHO E DNF not available DNF Fred Gibson / Barry Seton Falcon XY GTHO E DNF not available DNF Bernie Haehnle / Ray Kaleda Mazda 1300 A DNF not available DNF Scott McNaughton / Geoff Harvey Torana LC XU1 D DNF not available DNF Alan Cant / Herb Taylor Escort TC C DNF not available DNF John Roxburgh / Jon Leighton Datsun 1600 B DNF not available DNF James Laing-Peach Datsun 1200 A DNF not available
1971,500,Hardie-Ferodo 500 Mount Panorama,Bathurst 3rd October,Hardie-Ferodo 500 Mount Panorama Bathurst 3rd October 1971 Number of Laps: 130 Total Race Time: 6:9:49.5 Fastest lap: Bob Morris 2:40 (138.87 km/h) Classes: Class A - Up to $2150; Class B - $2151 to $2500; Class C - $2501 to $3150; Class D - $3151 to $4350; Class E - Over $4350 1971 Hardie-Ferodo 500 Program Thirteen Falcon GTHO Phase 3’s started in the 1971 Hardie-Ferodo led by the works' cars of Allan Moffat and John French. Once again Moffat gained pole position with a best lap practice of 2:38.9 10 seconds faster than 1970 which did not encourage the Torana and Charger crews who then had to hope on a series of mechanical failures from the big Ford’s to stand a chance. As it happened although five of the Falcons did fail to finish only one of these was due to mechanical problems this being the car of Trevor Meehan who suffered brake problems. Of the four retirements the Gibson/Seton car had its differential fail after someone had accidentally put odd tires on the rear the Beck/Rush car crashed Bob Morris’s car overheated after a sheet of newspaper stuck over the grille. And Bill Brown suffered yet another dreadful rollover when his Falcon blew a tire at McPhillamy Park and rolled along the top of the fence the car being virtually cut in two (see: Bathurst Memorable Moments ). It was a terrifying crash and TV viewers were treated to it’s replay time and time again during the afternoon. Allan Moffat led the race all the way and never looked like losing it but to add to Ford’s triumph Falcon’s also came in second and third (Barnes/Skelton and McKay) fifth (French) and seventh (Goss). The good result must have been very pleasing to Ford not only for their sales figures but also for Howard Marsden who took over the leadership of Ford's racing activities just before Bathurst and was confronted with the fact that the reliability of the modified Cleveland engines was still fairly unknown. The engines did hold together and very well too so the months of time and effort put into them were not wasted. Please Note: You can sort this listing by simply clicking on the column heading PLACE DRIVER / CO DRIVER(S) VEHICLE CLASS LAPS QUALIFYING 1 Allan Moffat Falcon XY GTHO E 130 0:2:45.0 2 Phil Barnes / Bob Skelton Falcon XY GTHO E 129 0:2:45.4 3 David McKay Falcon XY GTHO E 129 0:2:44.4 4 Colin Bond Torana LC XU1 D 129 0:2:46.9 5 John French Falcon XY GTHO E 129 0:2:41.9 6 John Goss Falcon XY GTHO E 129 0:2:47.2 7 Leo Geoghegan / Peter Brown Charger E38 E 129 0:2:45.7 8 Peter Brock Torana LC XU1 D 129 0:2:46.3 9 Don Holland / Brian Foley Torana LC XU1 D 129 not available 10 Bob Beasley Charger E38 D 128 0:2:46.3 11 Murray Carter Falcon XY GTHO E 127 not available 12 Norm Beechey / Jim McKeown Charger E38 D 127 not available 13 Bruce McPhee Torana LC XU1 D 127 not available 14 Kevin Bartlett Falcon XY GTHO E 126 0:2:53.3 15 Joe Butta / Geoff Hunter Charger E38 D 126 not available 16 Martin Chenery Charger E38 D 125 not available 17 Tony Roberts Torana LC XU1 D 125 not available 18 John Walker / Malcolm Ramsay Torana LC XU1 D 124 not available 19 Doug Chivas / Graham Moore Charger E38 D 124 0:2:47.1 20 Des West Falcon XY GTHO E 123 0:2:46.7 21 Gerry Lister / David Seldon Falcon XY 500 D 122 not available 22 Mick Brown Torana LC XU1 D 121 0:2:44.7 23 Geoff Leeds / Digby Cooke Torana LC XU1 D 120 not available 24 Ron Kearns Fiat 124S E 118 not available 25 Brian Reed / Graham Ritter Charger E38 D 118 not available 26 Gary Cooke Mazda RX2 C 117 not available 27 Geoff Wade / Geoff Perry Torana LC GTR C 117 not available 28 Graham Ryan Charger E38 D 116 not available 29 Pat Peck / Jan Holland Torana LC XU1 D 115 not available 30 Mal Brewster / Ray Strong Torana LC GTR C 115 not available 31 Ross Hewison / Brian Hones Escort TC C 114 0:3:6.3 32 Wayne Rogerson / Alan Mayne Mazda RX2 C 113 not available 33 Bob Wedd / Bob Cracknell Morris Cooper S C 111 not available 34 Herb Vines / Chris Batger Escort TC C 110 not available 35 Geoff Westbury / Jim Sullivan Cortina 2000L C 110 not available 36 Bruce Stewart Datsun 1600 B 109 not available 37 John Leffler Mazda 1300 A 108 not available 38 Les Carne / Peter Cray Mazda 1300 A 107 not available 39 Barry Arentz Toyota Corolla A 106 not available 40 Carl Kennedy / Bill Slattery Mazda 1300 A 105 not available 41 Ken Brian / Noel Riley Honda 1300S C 104 not available 42 Bill Stanley / Mike Kable Morris Cooper S C 102 not available 43 Doug Whiteford Datsun 1200 A 100 0:3:21.6 44 George Garth / John Hall Mazda 1600 B 99 0:3:14.1 45 Don Smith Datsun 1600 B 97 not available DNF Damon Beck / Garry Rush Falcon XY GTHO E DNF not available DNF Brian Sampson Toyota Corolla A DNF not available DNF Tom Naughton / Ross Wemyss Charger E38 D DNF not available DNF Bryan Thomson / John Mann Alfa Giulia D DNF not available DNF Bob Morris / Ray Morris Falcon XY GTHO E DNF not available DNF Trevor Meehan Falcon XY GTHO E DNF not available DNF Bob Jane / John Harvey Torana LC XU1 D DNF not available DNF Bob Forbes / John Millyard Charger E38 D DNF not available DNF Bill Brown Falcon XY GTHO E DNF not available DNF Fred Gibson / Barry Seton Falcon XY GTHO E DNF not available DNF Bernie Haehnle / Ray Kaleda Mazda 1300 A DNF not available DNF Scott McNaughton / Geoff Harvey Torana LC XU1 D DNF not available DNF Alan Cant / Herb Taylor Escort TC C DNF not available DNF John Roxburgh / Jon Leighton Datsun 1600 B DNF not available DNF James Laing-Peach Datsun 1200 A DNF not available
1971,500,Hardie-Ferodo 500 Mount Panorama,Bathurst 3rd October,Hardie-Ferodo 500 Mount Panorama Bathurst 3rd October 1971
1971,500,Hardie-Ferodo 500 Mount Panorama,Bathurst 3rd October,Number of Laps: 130 Total Race Time: 6:9:49.5 Fastest lap: Bob Morris 2:40 (138.87 km/h) Classes: Class A - Up to $2150; Class B - $2151 to $2500; Class C - $2501 to $3150; Class D - $3151 to $4350; Class E - Over $4350
1972,1,Peter Brock,,Torana LJ XU1
1972,2,John French,,Falcon XY GTHO
1972,3,Doug Chivas,,Charger E49
1972,4,Leo Geoghegan,,Charger E49
1972,5,Don Holland,,Torana LJ XU1
1972,6,Bob Forbes,,Torana LJ XU1
1972,7,Paul Gulson,Ray Gulson,Falcon XY GTHO
1972,8,Ray Kaleda,Paul Pressler,Charger E38
1972,9,Allan Moffat,,Falcon XY GTHO
1972,10,Murray Carter,,Falcon XY GTHO
1972,11,Tom Naughton,Tony Farrell,Charger E49
1972,12,Geoff Leeds,Digby Cooke,Escort GT1600
1972,13,Wayne Rogerson,,Mazda RX2
1972,14,Bernie Haehnle,,Mazda RX2
1972,15,Barry Seton,Herb Taylor,Escort GT1600
1972,16,Lakis Manticas,Pat Hogan,Escort GT1600
1972,17,Mal Robertson,Ray Harrison,Alfa 1750 GTV
1972,18,Bob Holden,,Escort GT1600
1972,19,Ron Kearns,,Fiat 124 Sport
1972,20,George Giesberts,,Torana LJ XU1
1972,21,George Garth,,Mazda RX2
1972,22,Mal Brewster,Ray Strong,Torana GTR
1972,23,Bob Wedd,Bob Cracknell,Torana GTR
1972,24,Bill Evans,,Datsun 1200
1972,25,Gary Cooke,,Mazda 1300
1972,26,Jon Leighton,,Datsun 1200
1972,27,Lynn Brown,,Mazda 1300
1972,28,Mel Mollison,M. Hayson,Mazda 1300
1972,29,Barry Bassingthwaite,Ray Hanger,Datsun 1600
1972,30,Bruce Stewart,,Datsun 1200
1972,31,John Leffler,,Mazda 1300
1972,32,Don Smith,,Datsun 1200
1972,33,Doug Grimson,Morrie Miller,Datsun 1600
1972,34,Ray Lintott,,Datsun 1200
1972,35,Gary Leggatt,,Fiat 850 Coupe
1972,500,Hardie-Ferodo 500 Mount Panorama,Bathurst 1st October,Hardie-Ferodo 500 Mount Panorama Bathurst 1st October 1972 Number of Laps: 130 Total Race Time: 6:0:99.1 Fastest lap: Allan Moffat 2:36.5 (141.98 km/h) Classes: Class A - Up to 3000 CP Units; Class B - 3001 to 9000 CP Units; Class C - 9001 to 18000 CP Units; Class D - Over 18000 CP Units 1972 Hardie-Ferodo 500 Program A short time before the 1972 Hardie-Ferodo Australian motoring enthusiasts were shocked and angered with the treatment the new Chrysler Holden and Ford cars for the race were getting from the daily press. The Chrysler Charger V8 the Holden Torana V8 and the Ford Falcon GTHO Phase 4 were set upon in editorials and articles the journalists responsible (or perhaps irresponsible) applying the descriptive phrase "Supercar" to the new cars and making very loud noises about how such cars could all top 160 mph in road trim and how with homologation regulations requiring 200 of each to be built a lot of the general public would certainly be either killed or injured if they were ever allowed to drive them. A lot of newsprint was dedicated to the cause of ensuring these cars were never built and unfortunately for the manufacturers and motor sport followers it didn't take very long for general public opinion to swing against the cars. The campaign was relentless and the Government had it’s back to the wall such was the growing condemnation from people who arguably didn’t really know what they were talking about. In the end the manufacturers shelved their intended new cars and in a hasty re-shuffling of plans the main competitors for the 1972 Bathurst race remained similar to 1971 except for detail changes to the car. Holden had its 3.3 liter LJ XU-1 Torana  by now well developed and regarded as favorite for the race. Ford after having the GTHO Phase 4 effectively banned had to retain the Phase 3 which although faster and no less reliable than in 1971 was no longer a current model - and in racing anything that is not right up to date must be doubtful. Chrysler introduced a slightly modified Charger to Bathurst. Called the E49 it featured more power from its 4.3 liter 265ci motor (302 bhp at 5600 rpm) plus a four-speed gearbox making it an extremely rapid motor car - its acceleration was actually slightly better than a GTHO Phase 3 although it was some 10 mph down in top speed. A new system of classing was introduced for the 1972 race replacing the familiar method of classing the cars according to their retail price. The new system divided the cars into four groups of Capacity/Price (CP) units. These CP units were simply the capacity of the car's engine in liters multiplied by the retail price. For example a car of 1.5 liters capacity which cost $3000 would have a CP rating of 1.5 by 30001 which is 4500. The classes were: - A - up to 3000 CP units; B - 3001 to 9000 CP units; C - 9001-1800 CP units; D - over 1800 CP units. This put the Falcons and E49 Chargers in Class D and the Torana XL1-1s and a lone E38 Charger in Class C. Race practice saw Allan Moffat in the number one works car on pole position again with an incredible 2:35.8 just 3.1 seconds faster than 1971. Beside him was John Goss who despite blowing a motor in practice still managed to clock a best of 2:37.2. Behind them were John French and Fred Gibson driving the number two works car. Race day was pouring with rain and the start was an incredible sight with a huge cloud of spray blanketing the field which looked more like a power boat fleet than a pack of cars. This year luck wasn't to be with the Falcons. The first trouble they struck was with Fred Gibson who lost it at McPhillamy Park hit the bank and rolled over a couple of times about 50 yards short of an XU-1 which had also rolled a few seconds before. The driver of the XU-1 was none other than Bill Brown who must be the unluckiest driver in the country as far as Bathurst is concerned. Des West's Falcon retired because of a clutch failure and John Goss blew another engine. But it was also with Moffat's car Ford's main hope for an outright win that things weren't looking terribly bright. He had a spin at Reid Park which cost him his lead and when he pitted for fuel and tires he was penalised one minute for starting his engine while fuel was still being put aboard the Falcon. Meanwhile John French was going very well steering his Falcon into the lead on lap 54. At the same time it was becoming obvious that Moffat was in a great deal of trouble as his brakes were not working anywhere near as well as they should have been and he very nearly hit the fence at Murray's Corner at the end of Conrod Straight. From this point Moffat's chances of victory became virtually nil. He drove desperately in an effort to make up time - with no effective brakes he was only just making it around some of the corners. In his second pit stop he was penalised yet again for restarting the car before refuelling had been completed and finally he had to have one of the front brakes disconnected. John French saved the day for Ford with his fine second outright; the Gulson car was the next Falcon home in seventh place followed by Moffat in eighth and Murray Carter in 10th. The problem with the brakes on Moffat's car was found to be in the disc pads which were literally disintegrating from the effects of heat. Upon examination of Fred Gibson's rolled car it was found that if he had continued his brakes would have suffered the same fate as Moffat's. The winner was Peter Brock in his Holden Dealer Team LJ Torana XU-1  by the huge margin of five laps. His car ran without trouble all day and he thoroughly deserved his win. Please Note: You can sort this listing by simply clicking on the column heading PLACE DRIVER / CO DRIVER(S) VEHICLE CLASS LAPS QUALIFYING 1 Peter Brock Torana LJ XU1 C 130 0:2:38.2 2 John French Falcon XY GTHO D 129 0:2:37.5 3 Doug Chivas Charger E49 D 128 0:2:41.1 4 Leo Geoghegan Charger E49 D 127 0:2:39.1 5 Don Holland Torana LJ XU1 C 125 0:2:42.6 6 Bob Forbes Torana LJ XU1 C 124 0:2:42.8 7 Paul Gulson / Ray Gulson Falcon XY GTHO D 123 0:2:44.4 8 Ray Kaleda / Paul Pressler Charger E38 C 122 0:2:53.8 9 Allan Moffat Falcon XY GTHO D 122 0:2:35.8 10 Murray Carter Falcon XY GTHO D 120 0:2:49.2 11 Tom Naughton / Tony Farrell Charger E49 D 118 0:2:48.5 12 Geoff Leeds / Digby Cooke Escort GT1600 B 117 0:2:57.9 13 Wayne Rogerson Mazda RX2 B 117 0:2:55.7 14 Bernie Haehnle Mazda RX2 B 116 0:3:01.1 15 Barry Seton / Herb Taylor Escort GT1600 B 116 0:2:59.1 16 Lakis Manticas / Pat Hogan Escort GT1600 B 116 0:2:56.8 17 Mal Robertson / Ray Harrison Alfa 1750 GTV C 115 0:2:58.6 18 Bob Holden Escort GT1600 B 115 0:2:59.9 19 Ron Kearns Fiat 124 Sport B 115 0:2:59.7 20 George Giesberts Torana LJ XU1 C 113 0:2:51.3 21 George Garth Mazda RX2 B 112 0:2:57.8 22 Mal Brewster / Ray Strong Torana GTR B 112 0:3:2.9 23 Bob Wedd / Bob Cracknell Torana GTR B 111 0:2:59.7 24 Bill Evans Datsun 1200 A 107 0:3:20.0 25 Gary Cooke Mazda 1300 A 106 0:3:19.6 26 Jon Leighton Datsun 1200 A 106 0:3:21.3 27 Lynn Brown Mazda 1300 A 106 0:3:19.8 28 Mel Mollison / M. Hayson Mazda 1300 A 105 0:3:15.4 29 Barry Bassingthwaite / Ray Hanger Datsun 1600 B 105 0:3:5.2 30 Bruce Stewart Datsun 1200 A 105 0:3:23.8 31 John Leffler Mazda 1300 A 104 0:3:23.4 32 Don Smith Datsun 1200 A 103 0:3:23.6 33 Doug Grimson / Morrie Miller Datsun 1600 B 103 0:3:21.8 34 Ray Lintott Datsun 1200 A 102 0:3:27.4 35 Gary Leggatt Fiat 850 Coupe A 101 0:3:20.3 DNF Roger Bonhomme Galant 1300 A DNF 0:2:38.2 DNF Doug Whiteford Datsun 1200 A DNF not available DNF Barry Tapsall Datsun 1200 A DNF not available DNF Geoff Perry Mazda 1300 A DNF not available DNF Eric Olsen Escort TC B DNF not available DNF Alan Keith Escort TC B DNF not available DNF Christine Cole / Jan Holland Torana 2850 B DNF not available DNF Max Grayson / Bill Gates Escort TC B DNF not available DNF Lyndon Arnel Escort TC B DNF not available DNF Jim Murcott Escort TC B DNF not available DNF Herb Vines / Chris Batger Escort TC B DNF not available DNF Gerry Lister / David Seldon Torana LJ XU1 C DNF not available DNF Graham Moore Torana LJ XU1 C DNF not available DNF Pat Peck Torana LJ XU1 C DNF not available DNF Bruce McPhee Torana LJ XU1 C DNF not available DNF Les Grose Torana LJ XU1 C DNF not available DNF Wayne Negus / Neville Grigsby Torana LJ XU1 C DNF not available DNF Bill Brown Torana LJ XU1 C DNF not available DNF Colin Bond Torana LJ XU1 C DNF not available DNF Lawrie Nelson / Tony Roberts Charger E49 D DNF not available DNF Des West Falcon XY GTHO D DNF not available DNF Tony Allen / Len Searle Charger E49 D DNF not available DNF John Goss Falcon XY GTHO D DNF not available DNF Fred Gibson Falcon XY GTHO D DNF not available DNF Graham Ryan Charger E49 D DNF not available Penalties: One-minute penalties were incurred by Brock (starting while refuelling) Carter (push start) and Bassingthwaite/Hanger (push start). Two one-minute penalties were incurred by Geoghegan (push-starts) and Moffat (starting while refuelling)
1972,500,Hardie-Ferodo 500 Mount Panorama,Bathurst 1st October,Hardie-Ferodo 500 Mount Panorama Bathurst 1st October 1972 Number of Laps: 130 Total Race Time: 6:0:99.1 Fastest lap: Allan Moffat 2:36.5 (141.98 km/h) Classes: Class A - Up to 3000 CP Units; Class B - 3001 to 9000 CP Units; Class C - 9001 to 18000 CP Units; Class D - Over 18000 CP Units 1972 Hardie-Ferodo 500 Program A short time before the 1972 Hardie-Ferodo Australian motoring enthusiasts were shocked and angered with the treatment the new Chrysler Holden and Ford cars for the race were getting from the daily press. The Chrysler Charger V8 the Holden Torana V8 and the Ford Falcon GTHO Phase 4 were set upon in editorials and articles the journalists responsible (or perhaps irresponsible) applying the descriptive phrase "Supercar" to the new cars and making very loud noises about how such cars could all top 160 mph in road trim and how with homologation regulations requiring 200 of each to be built a lot of the general public would certainly be either killed or injured if they were ever allowed to drive them. A lot of newsprint was dedicated to the cause of ensuring these cars were never built and unfortunately for the manufacturers and motor sport followers it didn't take very long for general public opinion to swing against the cars. The campaign was relentless and the Government had it’s back to the wall such was the growing condemnation from people who arguably didn’t really know what they were talking about. In the end the manufacturers shelved their intended new cars and in a hasty re-shuffling of plans the main competitors for the 1972 Bathurst race remained similar to 1971 except for detail changes to the car. Holden had its 3.3 liter LJ XU-1 Torana  by now well developed and regarded as favorite for the race. Ford after having the GTHO Phase 4 effectively banned had to retain the Phase 3 which although faster and no less reliable than in 1971 was no longer a current model - and in racing anything that is not right up to date must be doubtful. Chrysler introduced a slightly modified Charger to Bathurst. Called the E49 it featured more power from its 4.3 liter 265ci motor (302 bhp at 5600 rpm) plus a four-speed gearbox making it an extremely rapid motor car - its acceleration was actually slightly better than a GTHO Phase 3 although it was some 10 mph down in top speed. A new system of classing was introduced for the 1972 race replacing the familiar method of classing the cars according to their retail price. The new system divided the cars into four groups of Capacity/Price (CP) units. These CP units were simply the capacity of the car's engine in liters multiplied by the retail price. For example a car of 1.5 liters capacity which cost $3000 would have a CP rating of 1.5 by 30001 which is 4500. The classes were: - A - up to 3000 CP units; B - 3001 to 9000 CP units; C - 9001-1800 CP units; D - over 1800 CP units. This put the Falcons and E49 Chargers in Class D and the Torana XL1-1s and a lone E38 Charger in Class C. Race practice saw Allan Moffat in the number one works car on pole position again with an incredible 2:35.8 just 3.1 seconds faster than 1971. Beside him was John Goss who despite blowing a motor in practice still managed to clock a best of 2:37.2. Behind them were John French and Fred Gibson driving the number two works car. Race day was pouring with rain and the start was an incredible sight with a huge cloud of spray blanketing the field which looked more like a power boat fleet than a pack of cars. This year luck wasn't to be with the Falcons. The first trouble they struck was with Fred Gibson who lost it at McPhillamy Park hit the bank and rolled over a couple of times about 50 yards short of an XU-1 which had also rolled a few seconds before. The driver of the XU-1 was none other than Bill Brown who must be the unluckiest driver in the country as far as Bathurst is concerned. Des West's Falcon retired because of a clutch failure and John Goss blew another engine. But it was also with Moffat's car Ford's main hope for an outright win that things weren't looking terribly bright. He had a spin at Reid Park which cost him his lead and when he pitted for fuel and tires he was penalised one minute for starting his engine while fuel was still being put aboard the Falcon. Meanwhile John French was going very well steering his Falcon into the lead on lap 54. At the same time it was becoming obvious that Moffat was in a great deal of trouble as his brakes were not working anywhere near as well as they should have been and he very nearly hit the fence at Murray's Corner at the end of Conrod Straight. From this point Moffat's chances of victory became virtually nil. He drove desperately in an effort to make up time - with no effective brakes he was only just making it around some of the corners. In his second pit stop he was penalised yet again for restarting the car before refuelling had been completed and finally he had to have one of the front brakes disconnected. John French saved the day for Ford with his fine second outright; the Gulson car was the next Falcon home in seventh place followed by Moffat in eighth and Murray Carter in 10th. The problem with the brakes on Moffat's car was found to be in the disc pads which were literally disintegrating from the effects of heat. Upon examination of Fred Gibson's rolled car it was found that if he had continued his brakes would have suffered the same fate as Moffat's. The winner was Peter Brock in his Holden Dealer Team LJ Torana XU-1  by the huge margin of five laps. His car ran without trouble all day and he thoroughly deserved his win. Please Note: You can sort this listing by simply clicking on the column heading PLACE DRIVER / CO DRIVER(S) VEHICLE CLASS LAPS QUALIFYING 1 Peter Brock Torana LJ XU1 C 130 0:2:38.2 2 John French Falcon XY GTHO D 129 0:2:37.5 3 Doug Chivas Charger E49 D 128 0:2:41.1 4 Leo Geoghegan Charger E49 D 127 0:2:39.1 5 Don Holland Torana LJ XU1 C 125 0:2:42.6 6 Bob Forbes Torana LJ XU1 C 124 0:2:42.8 7 Paul Gulson / Ray Gulson Falcon XY GTHO D 123 0:2:44.4 8 Ray Kaleda / Paul Pressler Charger E38 C 122 0:2:53.8 9 Allan Moffat Falcon XY GTHO D 122 0:2:35.8 10 Murray Carter Falcon XY GTHO D 120 0:2:49.2 11 Tom Naughton / Tony Farrell Charger E49 D 118 0:2:48.5 12 Geoff Leeds / Digby Cooke Escort GT1600 B 117 0:2:57.9 13 Wayne Rogerson Mazda RX2 B 117 0:2:55.7 14 Bernie Haehnle Mazda RX2 B 116 0:3:01.1 15 Barry Seton / Herb Taylor Escort GT1600 B 116 0:2:59.1 16 Lakis Manticas / Pat Hogan Escort GT1600 B 116 0:2:56.8 17 Mal Robertson / Ray Harrison Alfa 1750 GTV C 115 0:2:58.6 18 Bob Holden Escort GT1600 B 115 0:2:59.9 19 Ron Kearns Fiat 124 Sport B 115 0:2:59.7 20 George Giesberts Torana LJ XU1 C 113 0:2:51.3 21 George Garth Mazda RX2 B 112 0:2:57.8 22 Mal Brewster / Ray Strong Torana GTR B 112 0:3:2.9 23 Bob Wedd / Bob Cracknell Torana GTR B 111 0:2:59.7 24 Bill Evans Datsun 1200 A 107 0:3:20.0 25 Gary Cooke Mazda 1300 A 106 0:3:19.6 26 Jon Leighton Datsun 1200 A 106 0:3:21.3 27 Lynn Brown Mazda 1300 A 106 0:3:19.8 28 Mel Mollison / M. Hayson Mazda 1300 A 105 0:3:15.4 29 Barry Bassingthwaite / Ray Hanger Datsun 1600 B 105 0:3:5.2 30 Bruce Stewart Datsun 1200 A 105 0:3:23.8 31 John Leffler Mazda 1300 A 104 0:3:23.4 32 Don Smith Datsun 1200 A 103 0:3:23.6 33 Doug Grimson / Morrie Miller Datsun 1600 B 103 0:3:21.8 34 Ray Lintott Datsun 1200 A 102 0:3:27.4 35 Gary Leggatt Fiat 850 Coupe A 101 0:3:20.3 DNF Roger Bonhomme Galant 1300 A DNF 0:2:38.2 DNF Doug Whiteford Datsun 1200 A DNF not available DNF Barry Tapsall Datsun 1200 A DNF not available DNF Geoff Perry Mazda 1300 A DNF not available DNF Eric Olsen Escort TC B DNF not available DNF Alan Keith Escort TC B DNF not available DNF Christine Cole / Jan Holland Torana 2850 B DNF not available DNF Max Grayson / Bill Gates Escort TC B DNF not available DNF Lyndon Arnel Escort TC B DNF not available DNF Jim Murcott Escort TC B DNF not available DNF Herb Vines / Chris Batger Escort TC B DNF not available DNF Gerry Lister / David Seldon Torana LJ XU1 C DNF not available DNF Graham Moore Torana LJ XU1 C DNF not available DNF Pat Peck Torana LJ XU1 C DNF not available DNF Bruce McPhee Torana LJ XU1 C DNF not available DNF Les Grose Torana LJ XU1 C DNF not available DNF Wayne Negus / Neville Grigsby Torana LJ XU1 C DNF not available DNF Bill Brown Torana LJ XU1 C DNF not available DNF Colin Bond Torana LJ XU1 C DNF not available DNF Lawrie Nelson / Tony Roberts Charger E49 D DNF not available DNF Des West Falcon XY GTHO D DNF not available DNF Tony Allen / Len Searle Charger E49 D DNF not available DNF John Goss Falcon XY GTHO D DNF not available DNF Fred Gibson Falcon XY GTHO D DNF not available DNF Graham Ryan Charger E49 D DNF not available
1972,500,Hardie-Ferodo 500 Mount Panorama,Bathurst 1st October,Hardie-Ferodo 500 Mount Panorama Bathurst 1st October 1972
1972,500,Hardie-Ferodo 500 Mount Panorama,Bathurst 1st October,Number of Laps: 130 Total Race Time: 6:0:99.1 Fastest lap: Allan Moffat 2:36.5 (141.98 km/h) Classes: Class A - Up to 3000 CP Units; Class B - 3001 to 9000 CP Units; Class C - 9001 to 18000 CP Units; Class D - Over 18000 CP Units
1973,1,Allan Moffat,Ian Geoghegan,Falcon XA GT
1973,2,Peter Brock,Doug Chivas,Torana LJ XU1
1973,3,Colin Bond,Leo Geoghegan,Torana LJ XU1
1973,4,Bob Jane,John Harvey,Torana LJ XU1
1973,5,Bob Forbes,Dick Johnson,Torana LJ XU1
1973,6,Ray Kaleda,Peter Granger,Charger E49
1973,7,Murray Carter,Lawrie Nelson,Falcon XA GT
1973,8,Ray Harrison,Mal Robertson,Alfa 2000 GTV
1973,9,Mel Mollison,Bruce Hindhaugh,Mazda RX3
1973,10,Bernie Haehnle,Wayne Rogerson,Mazda RX2
1973,11,Brian Ovenden,Max McGinley,Charger E49
1973,12,Bob Beasley,Enno Buesselmann,Mazda RX2
1973,13,Geoff Leeds,Jim Murcott,Escort TC
1973,14,John Roxburgh,Doug Whiteford,Datsun 180B
1973,15,Bill Evans,James Laing-Peach,Datsun 1200
1973,16,Lakis Manticas,Peter Lander,Fiat 128SL
1973,17,Herb Taylor,Don Smith,Torana LC GTR
1973,18,Don Holland,Max Stewart,Torana LJ XU1
1973,19,Ray Gulson,Peter Brown,Alfa 2000 GTV
1973,20,Peter Kilmore,Kevin Kennedy,Torana LJ XU1
1973,21,David Clement,Neil Mason,Cooper S
1973,22,John Lord,Peter Janson,Honda Civic
1973,23,Chris Heyer,Peter Mill,Subaru GSR
1973,24,Ken Brian,Noel Riley,Honda Civic
1973,25,Bob Williamson,Chic Audsley,Mini Cooper S
1973,26,Caroline O'Shanesy,Peter Williamson,Mini Cooper S
1973,27,David Frazer,Bob Edgerton,Renault Gordini
1973,28,Bob Holden,Lyndon Arnel,Escort TC
1973,29,Geoff Perry,Brian Reed,Mazda RX3
1973,30,John Symon,Philip Arnull,Datsun 1200
1973,1000,Hardie-Ferodo 1000 Mount Panorama,Bathurst 1st October,Hardie-Ferodo 1000 Mount Panorama Bathurst 1st October 1973 Number of Laps: 163 Total Race Time: 7:20:6.8 Fastest lap: John Goss 2:34.8 (143.53 km/h) on lap 2 Classes: Class A - Up to 1300cc; Class B - 1301 to 2000cc; Class C - 2001 to 3000cc; Class D - Over 3000cc 1973 Hardie-Ferodo 1000 Program The 1973 Bathurst classic was run for the first time over a distance of 1000 kilometres (630 miles) rather than 500 miles due to Australia's conversion to the metric system. It was also the first to be run under the new production touring regulations and there was some doubt as to how many cars would finish because of the dual threat of more highly stressed components and the extra distance. For 1973 the classes were based entirely on engine capacity: - Class A 0-1300cc; Class B 1301-2000cc; Class C 2001-3000cc; Class D over 3000cc. This put the XU-1 Torana’s and the Falcons in the same class together with the four E49 Chargers which were running. In all five Falcons and 17 Torana’s faced the starter. To turn back the clock a few years to 1969 co-drivers were required for all the cars because of the extra length of the race. Crewing the Falcons were Allan Moffat and fan Geoghegan in the number one works car and Fred Gibson and Barry Seton together again in the number two car. In the privately entered Falcons John Goss was with Kevin Bartlett John French with Bob Skelton and Murray Carter with Laurie Nelson. For the Hoiden Dealer team Peter Brock was sharing with Doug Chivas and Colin Bond had Leo Geoghegan as his co-driver. Other strong challengers were Bob Jane and John Harvey plus Don Holland and Max Stewart all in XU-1 Torana’s. Race day was warm and sunny in direct contrast to 1972's pelting rain and as the flag fell John Goss who had won pole position leapt to an immediate lead with Moffat French and Carter filling the next three places. Freddie Gibson's was the first Falcon to retire with a cooked engine after less than an hour of racing his fifth "DNF" (Did Not Finish) in a row. Meanwhile Goss had increased his lead to 10 seconds over Moffat with French next about to be overtaken by Peter Brock and his XU-1. A very rapid pace was being set by the leaders and after only 90 minutes Goss Moffat Brock and Bond were the only drivers on the same lap. At this stage things were looking rosy for the Fords especially since a number of Torana’s were having troubles with conrods letting to and valves bending. The problem was that most of the privately-entered Torana’s were using 3.08 to 1 final drives which meant they had to use a lot of revs to stay with the Dealer Team cars which were using a taller 2.78 to 1 final drive. The Dealers Team Torana’s were pulling 6500 rpm on Conrod Straight for a top speed of 150 mph. To match this the lower-geared Torana’s would need to have revved to around 7000 a speed of revolution at which point things start to break. As the race progressed the Goss/Bartlett car maintained its advantage but two things happened which changed the face of the race: first the Torana’s of Bob Jane and George Garth (in a GTR) came into contact causing the Garth car to roll right into the path of John Goss. The resultant damage not only wrecked a tire but also damaged a radiator hose. Goss pitted changed the tire and went out again. Secondly Doug Chivas who had taken over from Peter Brock in the XU-1 ran out of petrol and had to push the car unaided up to the pits. The time lost possibly cost the Holden Dealer Team car the race. Soon afterwards the Goss/Bartlett Falcon retired. The damaged radiator hose caused severe overheating ultimately resulting in a well-fried piston. Understandably Goss was a little savage about the whole thing especially when remembering that the offending GTR Torana should not have been on the track at all as it had been towed to the pits earlier in the race and was therefore ineligible to restart. All this drama put Allan Moffat into a comfortable lead a lead which held to the finish giving him his third Hardie-Ferodo victory and "Pete" Geoghegan his first. Toranas filled the following four positions headed by Brock and Bond with the Kaleda/Granger Charger sixth and the only other Falcon to finish the car of Carter and Nelson in seventh spot. The Falcon of John French and Bob Skelton which was well up with the leaders in the early stages blew its motor to pieces in Pit Straight at about two-thirds distance. It was a very pleasing result for Ford with the combination of Moffat Geoghegan and Howard Marsden demonstrating a fine tactical plan and an equally fine execution of that plan. Please Note: You can sort this listing by simply clicking on the column heading PLACE DRIVER / CO DRIVER(S) VEHICLE CLASS LAPS QUALIFYING 1 Allan Moffat / Ian Geoghegan Falcon XA GT D 163 0:2:34.5 2 Peter Brock / Doug Chivas Torana LJ XU1 D 163 0:2:34.4 3 Colin Bond / Leo Geoghegan Torana LJ XU1 D 163 0:2:35.4 4 Bob Jane / John Harvey Torana LJ XU1 D 161 0:2:39.3 5 Bob Forbes / Dick Johnson Torana LJ XU1 D 154 0:2:41.0 6 Ray Kaleda / Peter Granger Charger E49 D 150 0:2:45.2 7 Murray Carter / Lawrie Nelson Falcon XA GT D 150 0:2:45.9 8 Ray Harrison / Mal Robertson Alfa 2000 GTV B 149 0:2:49.8 9 Mel Mollison / Bruce Hindhaugh Mazda RX3 B 144 0:2:56.0 10 Bernie Haehnle / Wayne Rogerson Mazda RX2 C 144 0:2:54.9 11 Brian Ovenden / Max McGinley Charger E49 D 143 0:2:53.5 12 Bob Beasley / Enno Buesselmann Mazda RX2 C 143 0:2:58.9 13 Geoff Leeds / Jim Murcott Escort TC B 143 0:2:54.2 14 John Roxburgh / Doug Whiteford Datsun 180B B 143 0:2:59.4 15 Bill Evans / James Laing-Peach Datsun 1200 A 142 0:3:02.8 16 Lakis Manticas / Peter Lander Fiat 128SL A 142 0:3:01.3 17 Herb Taylor / Don Smith Torana LC GTR C 141 0:2:53.1 18 Don Holland / Max Stewart Torana LJ XU1 D 141 0:2:40.5 19 Ray Gulson / Peter Brown Alfa 2000 GTV B 140 0:2:52.4 20 Peter Kilmore / Kevin Kennedy Torana LJ XU1 D 138 0:3:00.8 21 David Clement / Neil Mason Cooper S A 136 0:3:08.3 22 John Lord / Peter Janson Honda Civic A 134 0:3:11.1 23 Chris Heyer / Peter Mill Subaru GSR B 133 0:3:13.8 24 Ken Brian / Noel Riley Honda Civic A 131 0:3:10.9 25 Bob Williamson / Chic Audsley Mini Cooper S A 131 0:3:14.3 26 Caroline O'Shanesy / Peter Williamson Mini Cooper S A 131 0:3:14.1 27 David Frazer / Bob Edgerton Renault Gordini A 130 0:3:07.3 28 Bob Holden / Lyndon Arnel Escort TC B 129 0:3:01.8 29 Geoff Perry / Brian Reed Mazda RX3 B 126 0:3:24.8 30 John Symon / Philip Arnull Datsun 1200 A 125 0:3:24.8 DNF Gary Cooke / Len Searle Mazda RX2 C DNF not available DNF Ron Dickson / Bob Stevens Monaro HQ GTS D DNF not available DNF Herb Vines / Chris Batger Escort TC B DNF not available DNF John Goss / Kevin Bartlett Falcon XA GT D DNF not available DNF John French / Bob Skelton Falcon XA GT D DNF not available DNF Geoff Newton / Cam Richardson Mini Cooper S A DNF not available DNF Graham Ryan / Ray Lintott Torana LJ XU1 D DNF not available DNF Ray Thackwell / Barry Coleman Torana LJ XU1 D DNF not available DNF Lynn Brown / Paul Hamilton Mini Cooper S A DNF not available DNF George Garth / Bruce Stewart Torana LC GTR C DNF not available DNF Rod McRae / Tony Niovanni Torana LJ XU1 D DNF not available DNF Graham Ritter / Tony Farrell Escort TC B DNF not available DNF Leo Leonard / Ernie Sprague Charger E49 D DNF not available DNF John Stoopman / Denis Martin Torana LJ XU1 D DNF not available DNF Jim Hunter / Phil Ward Torana LJ XU1 D DNF not available DNF Ian Cook / Terry Finnigan Honda Civic A DNF not available DNF Tony Allen / Phil Brock Charger E49 D DNF not available DNF Allan Grice / Keith Murray Torana LJ XU1 D DNF not available DNF Bruce McPhee / Tom Nailard Torana LJ XU1 D DNF not available DNF Warren Thompson / Rod Dale Escort TC B DNF not available DNF Gary Leggatt / Bob Wedd Mini Cooper S A DNF not available DNF Ray Strong / Ron Gillard Torana LJ XU1 D DNF not available DNF Des West / Bill Brown Charger E49 D DNF not available DNF Fred Gibson / Barry Seton Falcon XA GT D DNF not available DNF Christine Cole / Sue Ransom Alfa 2000 GTV B DNF not available DNF Bob Morris / John Leffler Torana LJ XU1 D DNF not available DNF John Dellaca / Jon Leighton Mini Cooper S A DNF not available DNF Pat Peck / Darrilyn Huitt Torana LJ XU1 D DNF not available Penalties: Harvey/Jane and Carter/Nelson each incurred one minute penalties. Roxburgh/Whiteford incurred two one minute penalties
1973,1000,Hardie-Ferodo 1000 Mount Panorama,Bathurst 1st October,Hardie-Ferodo 1000 Mount Panorama Bathurst 1st October 1973 Number of Laps: 163 Total Race Time: 7:20:6.8 Fastest lap: John Goss 2:34.8 (143.53 km/h) on lap 2 Classes: Class A - Up to 1300cc; Class B - 1301 to 2000cc; Class C - 2001 to 3000cc; Class D - Over 3000cc 1973 Hardie-Ferodo 1000 Program The 1973 Bathurst classic was run for the first time over a distance of 1000 kilometres (630 miles) rather than 500 miles due to Australia's conversion to the metric system. It was also the first to be run under the new production touring regulations and there was some doubt as to how many cars would finish because of the dual threat of more highly stressed components and the extra distance. For 1973 the classes were based entirely on engine capacity: - Class A 0-1300cc; Class B 1301-2000cc; Class C 2001-3000cc; Class D over 3000cc. This put the XU-1 Torana’s and the Falcons in the same class together with the four E49 Chargers which were running. In all five Falcons and 17 Torana’s faced the starter. To turn back the clock a few years to 1969 co-drivers were required for all the cars because of the extra length of the race. Crewing the Falcons were Allan Moffat and fan Geoghegan in the number one works car and Fred Gibson and Barry Seton together again in the number two car. In the privately entered Falcons John Goss was with Kevin Bartlett John French with Bob Skelton and Murray Carter with Laurie Nelson. For the Hoiden Dealer team Peter Brock was sharing with Doug Chivas and Colin Bond had Leo Geoghegan as his co-driver. Other strong challengers were Bob Jane and John Harvey plus Don Holland and Max Stewart all in XU-1 Torana’s. Race day was warm and sunny in direct contrast to 1972's pelting rain and as the flag fell John Goss who had won pole position leapt to an immediate lead with Moffat French and Carter filling the next three places. Freddie Gibson's was the first Falcon to retire with a cooked engine after less than an hour of racing his fifth "DNF" (Did Not Finish) in a row. Meanwhile Goss had increased his lead to 10 seconds over Moffat with French next about to be overtaken by Peter Brock and his XU-1. A very rapid pace was being set by the leaders and after only 90 minutes Goss Moffat Brock and Bond were the only drivers on the same lap. At this stage things were looking rosy for the Fords especially since a number of Torana’s were having troubles with conrods letting to and valves bending. The problem was that most of the privately-entered Torana’s were using 3.08 to 1 final drives which meant they had to use a lot of revs to stay with the Dealer Team cars which were using a taller 2.78 to 1 final drive. The Dealers Team Torana’s were pulling 6500 rpm on Conrod Straight for a top speed of 150 mph. To match this the lower-geared Torana’s would need to have revved to around 7000 a speed of revolution at which point things start to break. As the race progressed the Goss/Bartlett car maintained its advantage but two things happened which changed the face of the race: first the Torana’s of Bob Jane and George Garth (in a GTR) came into contact causing the Garth car to roll right into the path of John Goss. The resultant damage not only wrecked a tire but also damaged a radiator hose. Goss pitted changed the tire and went out again. Secondly Doug Chivas who had taken over from Peter Brock in the XU-1 ran out of petrol and had to push the car unaided up to the pits. The time lost possibly cost the Holden Dealer Team car the race. Soon afterwards the Goss/Bartlett Falcon retired. The damaged radiator hose caused severe overheating ultimately resulting in a well-fried piston. Understandably Goss was a little savage about the whole thing especially when remembering that the offending GTR Torana should not have been on the track at all as it had been towed to the pits earlier in the race and was therefore ineligible to restart. All this drama put Allan Moffat into a comfortable lead a lead which held to the finish giving him his third Hardie-Ferodo victory and "Pete" Geoghegan his first. Toranas filled the following four positions headed by Brock and Bond with the Kaleda/Granger Charger sixth and the only other Falcon to finish the car of Carter and Nelson in seventh spot. The Falcon of John French and Bob Skelton which was well up with the leaders in the early stages blew its motor to pieces in Pit Straight at about two-thirds distance. It was a very pleasing result for Ford with the combination of Moffat Geoghegan and Howard Marsden demonstrating a fine tactical plan and an equally fine execution of that plan. Please Note: You can sort this listing by simply clicking on the column heading PLACE DRIVER / CO DRIVER(S) VEHICLE CLASS LAPS QUALIFYING 1 Allan Moffat / Ian Geoghegan Falcon XA GT D 163 0:2:34.5 2 Peter Brock / Doug Chivas Torana LJ XU1 D 163 0:2:34.4 3 Colin Bond / Leo Geoghegan Torana LJ XU1 D 163 0:2:35.4 4 Bob Jane / John Harvey Torana LJ XU1 D 161 0:2:39.3 5 Bob Forbes / Dick Johnson Torana LJ XU1 D 154 0:2:41.0 6 Ray Kaleda / Peter Granger Charger E49 D 150 0:2:45.2 7 Murray Carter / Lawrie Nelson Falcon XA GT D 150 0:2:45.9 8 Ray Harrison / Mal Robertson Alfa 2000 GTV B 149 0:2:49.8 9 Mel Mollison / Bruce Hindhaugh Mazda RX3 B 144 0:2:56.0 10 Bernie Haehnle / Wayne Rogerson Mazda RX2 C 144 0:2:54.9 11 Brian Ovenden / Max McGinley Charger E49 D 143 0:2:53.5 12 Bob Beasley / Enno Buesselmann Mazda RX2 C 143 0:2:58.9 13 Geoff Leeds / Jim Murcott Escort TC B 143 0:2:54.2 14 John Roxburgh / Doug Whiteford Datsun 180B B 143 0:2:59.4 15 Bill Evans / James Laing-Peach Datsun 1200 A 142 0:3:02.8 16 Lakis Manticas / Peter Lander Fiat 128SL A 142 0:3:01.3 17 Herb Taylor / Don Smith Torana LC GTR C 141 0:2:53.1 18 Don Holland / Max Stewart Torana LJ XU1 D 141 0:2:40.5 19 Ray Gulson / Peter Brown Alfa 2000 GTV B 140 0:2:52.4 20 Peter Kilmore / Kevin Kennedy Torana LJ XU1 D 138 0:3:00.8 21 David Clement / Neil Mason Cooper S A 136 0:3:08.3 22 John Lord / Peter Janson Honda Civic A 134 0:3:11.1 23 Chris Heyer / Peter Mill Subaru GSR B 133 0:3:13.8 24 Ken Brian / Noel Riley Honda Civic A 131 0:3:10.9 25 Bob Williamson / Chic Audsley Mini Cooper S A 131 0:3:14.3 26 Caroline O'Shanesy / Peter Williamson Mini Cooper S A 131 0:3:14.1 27 David Frazer / Bob Edgerton Renault Gordini A 130 0:3:07.3 28 Bob Holden / Lyndon Arnel Escort TC B 129 0:3:01.8 29 Geoff Perry / Brian Reed Mazda RX3 B 126 0:3:24.8 30 John Symon / Philip Arnull Datsun 1200 A 125 0:3:24.8 DNF Gary Cooke / Len Searle Mazda RX2 C DNF not available DNF Ron Dickson / Bob Stevens Monaro HQ GTS D DNF not available DNF Herb Vines / Chris Batger Escort TC B DNF not available DNF John Goss / Kevin Bartlett Falcon XA GT D DNF not available DNF John French / Bob Skelton Falcon XA GT D DNF not available DNF Geoff Newton / Cam Richardson Mini Cooper S A DNF not available DNF Graham Ryan / Ray Lintott Torana LJ XU1 D DNF not available DNF Ray Thackwell / Barry Coleman Torana LJ XU1 D DNF not available DNF Lynn Brown / Paul Hamilton Mini Cooper S A DNF not available DNF George Garth / Bruce Stewart Torana LC GTR C DNF not available DNF Rod McRae / Tony Niovanni Torana LJ XU1 D DNF not available DNF Graham Ritter / Tony Farrell Escort TC B DNF not available DNF Leo Leonard / Ernie Sprague Charger E49 D DNF not available DNF John Stoopman / Denis Martin Torana LJ XU1 D DNF not available DNF Jim Hunter / Phil Ward Torana LJ XU1 D DNF not available DNF Ian Cook / Terry Finnigan Honda Civic A DNF not available DNF Tony Allen / Phil Brock Charger E49 D DNF not available DNF Allan Grice / Keith Murray Torana LJ XU1 D DNF not available DNF Bruce McPhee / Tom Nailard Torana LJ XU1 D DNF not available DNF Warren Thompson / Rod Dale Escort TC B DNF not available DNF Gary Leggatt / Bob Wedd Mini Cooper S A DNF not available DNF Ray Strong / Ron Gillard Torana LJ XU1 D DNF not available DNF Des West / Bill Brown Charger E49 D DNF not available DNF Fred Gibson / Barry Seton Falcon XA GT D DNF not available DNF Christine Cole / Sue Ransom Alfa 2000 GTV B DNF not available DNF Bob Morris / John Leffler Torana LJ XU1 D DNF not available DNF John Dellaca / Jon Leighton Mini Cooper S A DNF not available DNF Pat Peck / Darrilyn Huitt Torana LJ XU1 D DNF not available Penalties: Harvey/Jane and Carter/Nelson each incurred one minute penalties. Roxburgh/Whiteford incurred two one minute penalties
1973,1000,Hardie-Ferodo 1000 Mount Panorama,Bathurst 1st October,Hardie-Ferodo 1000 Mount Panorama Bathurst 1st October 1973
1973,1000,Hardie-Ferodo 1000 Mount Panorama,Bathurst 1st October,Number of Laps: 163 Total Race Time: 7:20:6.8 Fastest lap: John Goss 2:34.8 (143.53 km/h) on lap 2 Classes: Class A - Up to 1300cc; Class B - 1301 to 2000cc; Class C - 2001 to 3000cc; Class D - Over 3000cc
1974,1,John Goss,Kevin Bartlett,Falcon XA GT
1974,2,Bob Forbes,Wayne Negus,Torana L34
1974,3,Jim Richards,Rod Coppins,Torana L34
1974,4,Colin Bond,Bob Skelton,Torana L34
1974,5,Graeme Adams,Bob Stevens,Torana LJ XU1
1974,6,Tony Farrell,Brian Reed,Mazda RX3
1974,7,Stewart McLeod,Doug Whiteford,Datsun 240K
1974,8,Bernie Haehnle,Geoff Brabham,Mazda RX3
1974,9,Ray Gulson,David Crowther,Alfa 2000 GTV
1974,10,Mel Mollison,Bruce Hindhaugh,Mazda RX3
1974,11,John Stoopman,Dennis Martin,Torana LJ XU1
1974,12,Brian Foley,Peter Wherrett,Alfetta 1.8
1974,13,Ted Brewster,Nick Louis,Mazda RX3
1974,14,Geoff Leeds,Peter Finlay,Escort TC
1974,15,Roger Bonhomme,Bob Watson,Torana LC GTR
1974,16,Jim Sullivan,Ian White,Escort TC
1974,17,Gary Leggatt,Peter Lander,Mini Cooper S
1974,18,Ken Brian,Noel Riley,Honda Civic
1974,19,Ron Gillard,Gordon Rich,Alfa Junior
1974,20,David Clement,Neil Mason,Mini Cooper S
1974,21,Neil West,Peter Harding,Torana LJ XU1
1974,22,Max McGinley,Ray Harrison,Honda Civic
1974,23,Ron Dickson,Pat Crea,Monaro HQ GTS
1974,24,Chick Audsley,Bob Williamson,Mini Cooper S
1974,25,Peter Molesworth,Neil Byers,Morris Marina
1974,26,Ian Cook,Paul Gulson,Alfa Junior
1974,1000,Hardie-Ferodo 1000 Mount Panorama,Bathurst 6th October,Hardie-Ferodo 1000 Mount Panorama Bathurst 6th October 1974 Number of Laps: 163 Total Race Time: 7:50:99.1 Fastest lap: Peter Brock 2:29.8 (148.33 km/h) Classes: Class A - Up to 1300cc; Class B - 1301 to 2000cc; Class C - 2001 to 3000cc; Class D - 3001 to 6000cc 1974 Hardie-Ferodo 1000 Program The L34 Torana’s would make their debut in the first round of the Manufacturers Championship in Adelaide and celebrated with a victory by Colin Bond. However they were not without their problems as Bond finished with gearbox troubles and Peter Brock's car blew up. The only Falcon in the race was that of Murray Carter who finished second after leading the race but suffering a blown differential seal which cost him a win. Allan Moffat returned to racing in the next round at Sandown in a new car but not the one which had been getting all the publicity - that was being kept for Bathurst. Anyway he won and Murray Carter as reliable as ever came in third. Significantly both the Dealer Team Torana’s had big problems. Only three Falcon's entered for the 1974 Bathurst classic again part of the manufacturers championship: Allan Moffat in the new Brut 33 Falcon with German ace Dieter Glemser Murray Carter and Mike Stillwell in the Shell car; and John Goss and Kevin Bartlett in the McLeod Ford car. Moffat's car was painted in an eye-catching overall dark blue with "Moffat Ford Dealers" - an Australian flag and Brut 33 in huge letters on the side. It attracted an enormous amount of publicity and was apparently the car to beat. However nothing went right for Moffat this time. In practice he had only completed a few laps when oil pressure problems set in causing him to miss almost all of the remaining practice time. He qualified a lowly 15th on the starting grid. To add to Moffat's problems Harry Firth managing the Holden Dealer Team submitted a 15-point protest against the car. It was found to be completely legal but this little bit of gamesmanship on Firth's part certainly didn't improve Moffat's already marked psychological disadvantage. Of the other Falcon’s Goss and Bartlett saved some face by qualifying third fastest but Torana’s were well entrenched on the front row both the Dealer Team cars being there. On race day things didn't seem to be much better with Murray Carter being late in arriving at the circuit due to traffic problems. When the race started things looked better for Moffat almost immediately. Even though the two Torana’s were clearly ahead by the end of the first lap he had stormed through the field to pick up 10 places to be in fifth place. Unfortunately Goss had a bad start and was back to sixth. As the race settled down the Moffat Falcon looked to be a chance after all and seemed to be going well. Murray Carter had problems almost immediately and was regularly in and out of the pits in the early stages with tire problems. He ultimately retired with brake and clutch problems and was never a threat. On lap 12 the Moffat/Glemser challenge effectively ended when the car had to pit with ignition troubles. Eventually just about everything that could go wrong to a Falcon did and Moffat retired after slightly more than half distance after suffering from distributor bearing clutch gearbox and brake problem. It was a sad end to the most expensive and glamorous assault on Bathurst seen so far. Meanwhile the Bond/Skelton and Brock/Sampson Torana’s were doing it easily with the Goss/Bartlett Falcon in third place some three laps behind. Then a series of events occurred which completely changed the race. First Goss punctured a tire on the mountain and pitted after a dramatic drive down Conrod Straight with two wheels on the grass to prevent the wheel from disintegrating. In the pits Allan Moffat advised him to put on wet weather tires He did - and almost immediately it began pelting with rain on top of the mountain. For a few minutes the spectators witnessed the sight of rain at one end of the circuit and sunshine at the other. The pits were suddenly full of cars as the rain then drenched the whole circuit. The second thing to happen was that Colin Bond was black-flagged for dropping oil from his very smoky Torana He later restarted but was no longer a threat. Then Peter Brock who was miles ahead blew his motor and was out. Fourth placed Bob Forbes suddenly found himself in the lead but he still had to make a pit stop. Twenty laps from the end John Goss who had run out of driving time handed the car over to Kevin Bartlett to finish the race. Twelve laps later the Forbes Torana made its pit stop and Bartlett took the lead which he kept. He drove masterfully in the diabolical conditions keeping Forbes well at bay. It was a red-letter day for the Ford people particularly after the uncertainty faced by them at the beginning of the year. It also proved that a private entry could win at Bathurst and for Goss personally it corrected the injustice done to him in the 1973 race. The remaining two races of the manufacturers championship were won by Colin Bond thus giving the title to Holden. Goss's was the only Falcon entered at Surfer's Paradise and he came fourth after an unnecessarily slow pit stop cost him two placed while at Phillip Island Murray Carter came in a steady second Allan Moffat losing his lead when the motor in his Falcon blew. Thanks to Gossy and KB it wasn't such a bad year for Falcons after all. Please Note: You can sort this listing by simply clicking on the column heading PLACE DRIVER / CO DRIVER(S) VEHICLE CLASS LAPS QUALIFYING 1 John Goss / Kevin Bartlett Falcon XA GT D 163 0:2:35.9 2 Bob Forbes / Wayne Negus Torana L34 D 163 0:2:42.6 3 Jim Richards / Rod Coppins Torana L34 D 158 0:2:41.5 4 Colin Bond / Bob Skelton Torana L34 D 156 0:2:31.6 5 Graeme Adams / Bob Stevens Torana LJ XU1 D 155 0:2:45.4 6 Tony Farrell / Brian Reed Mazda RX3 C 152 0:2:51.9 7 Stewart McLeod / Doug Whiteford Datsun 240K C 152 0:2:55.7 8 Bernie Haehnle / Geoff Brabham Mazda RX3 C 151 0:2:51.7 9 Ray Gulson / David Crowther Alfa 2000 GTV B 151 0:2:53.8 10 Mel Mollison / Bruce Hindhaugh Mazda RX3 B 150 0:2:58.7 11 John Stoopman / Dennis Martin Torana LJ XU1 D 150 0:2:48.8 12 Brian Foley / Peter Wherrett Alfetta 1.8 B 150 0:3:00.8 13 Ted Brewster / Nick Louis Mazda RX3 C 149 0:2:56.8 14 Geoff Leeds / Peter Finlay Escort TC B 147 0:3:00.6 15 Roger Bonhomme / Bob Watson Torana LC GTR C 146 0:2:57.0 16 Jim Sullivan / Ian White Escort TC B 143 0:3:06.4 17 Gary Leggatt / Peter Lander Mini Cooper S A 142 0:3:00.0 18 Ken Brian / Noel Riley Honda Civic A 142 0:3:12.8 19 Ron Gillard / Gordon Rich Alfa Junior A 140 0:3:10.9 20 David Clement / Neil Mason Mini Cooper S A 140 0:3:06.4 21 Neil West / Peter Harding Torana LJ XU1 D 138 0:2:50.3 22 Max McGinley / Ray Harrison Honda Civic A 135 0:3:17.3 23 Ron Dickson / Pat Crea Monaro HQ GTS D 130 0:2:48.3 24 Chick Audsley / Bob Williamson Mini Cooper S A 128 0:3:10.2 25 Peter Molesworth / Neil Byers Morris Marina B 125 0:3:29.2 26 Ian Cook / Paul Gulson Alfa Junior A 121 0:3:23.4 DNF Rod McRae / Russ McRae Torana L34 D DNF not available DNF Bruce Stewart / George Garth Datsun 180B B DNF not available DNF Alan Cant / George Morrell Escort TC B DNF not available DNF Don Holland / Max Stewart Torana L34 D DNF not available DNF Lynn Brown / Paul Hamilton Mazda 1300 A DNF not available DNF Peter Brock / Brian Sampson Torana L34 D DNF not available DNF Gary Cooke / Bob Beasley Mazda RX3 C DNF not available DNF Robin Dudfield / Gary Keen Alfa Junior A DNF not available DNF John Lord / Ray Molloy Mini Cooper S A DNF not available DNF David Seldon / Peter Webster VW Passat B DNF not available DNF Jim Stewart / John Byers Mini Cooper S A DNF not available DNF Allan Moffat / Dieter Glemser Falcon XB GT D DNF not available DNF John Dellaca / Terry Wade Mini Cooper S A DNF not available DNF Murray Carter / Mike Stillwell Falcon XB GT D DNF not available DNF John Pollard / Dennis Gallagher Torana L34 D DNF not available DNF Graeme Blanchard / Ken Hastings Torana LJ XU1 D DNF not available DNF Bill Nitschke / John Lewis Torana LJ XU1 D DNF not available DNF John French / Dick Johnson Alfa 2000 GTV B DNF not available DNF Barry Nixon-Smith / Denis Geary Torana LJ XU1 D DNF not available DNF Bob Holden / Lyndon Arnel Escort GT1300 A DNF not available DNF Bob Morris / John Leffler Torana LJ XU1 D DNF not available DNF James Laing-Peach / Bill Evans Datsun 1200 A DNF not available DNF Barry Seton / Don Smith Torana LC GTR C DNF not available DNF Peter Brown / Graham Ritter Alfa 2000 GTV B DNF not available DNF Tony Allen / Lakis Manticas Alfetta 1.8 B DNF not available DNF Geoff Perry / Fred Sutherland BMW 3.0S C DNF not available DNF Geoff Newton / Gil Davis Capri V6 C DNF not available DNF Allan Grice / Graham Moore Torana L34 D DNF not available DNF Bruce McPhee / Les Grose Torana L34 D DNF not available DNF Kevin Kennedy / Steve Land Torana LJ XU1 D DNF not available DNF Bob Jane / Frank Gardner Torana L34 D DNF not available DNF Jim Hunter / John Harvey Torana L34 D DNF not available DNF Geoff Wade / Roger Mahoney Escort TC B DNF not available DNF Jim Murcott / Mal Robertson Alfa 2000 GTV B DNF not available
1974,1000,Hardie-Ferodo 1000 Mount Panorama,Bathurst 6th October,Hardie-Ferodo 1000 Mount Panorama Bathurst 6th October 1974 Number of Laps: 163 Total Race Time: 7:50:99.1 Fastest lap: Peter Brock 2:29.8 (148.33 km/h) Classes: Class A - Up to 1300cc; Class B - 1301 to 2000cc; Class C - 2001 to 3000cc; Class D - 3001 to 6000cc 1974 Hardie-Ferodo 1000 Program The L34 Torana’s would make their debut in the first round of the Manufacturers Championship in Adelaide and celebrated with a victory by Colin Bond. However they were not without their problems as Bond finished with gearbox troubles and Peter Brock's car blew up. The only Falcon in the race was that of Murray Carter who finished second after leading the race but suffering a blown differential seal which cost him a win. Allan Moffat returned to racing in the next round at Sandown in a new car but not the one which had been getting all the publicity - that was being kept for Bathurst. Anyway he won and Murray Carter as reliable as ever came in third. Significantly both the Dealer Team Torana’s had big problems. Only three Falcon's entered for the 1974 Bathurst classic again part of the manufacturers championship: Allan Moffat in the new Brut 33 Falcon with German ace Dieter Glemser Murray Carter and Mike Stillwell in the Shell car; and John Goss and Kevin Bartlett in the McLeod Ford car. Moffat's car was painted in an eye-catching overall dark blue with "Moffat Ford Dealers" - an Australian flag and Brut 33 in huge letters on the side. It attracted an enormous amount of publicity and was apparently the car to beat. However nothing went right for Moffat this time. In practice he had only completed a few laps when oil pressure problems set in causing him to miss almost all of the remaining practice time. He qualified a lowly 15th on the starting grid. To add to Moffat's problems Harry Firth managing the Holden Dealer Team submitted a 15-point protest against the car. It was found to be completely legal but this little bit of gamesmanship on Firth's part certainly didn't improve Moffat's already marked psychological disadvantage. Of the other Falcon’s Goss and Bartlett saved some face by qualifying third fastest but Torana’s were well entrenched on the front row both the Dealer Team cars being there. On race day things didn't seem to be much better with Murray Carter being late in arriving at the circuit due to traffic problems. When the race started things looked better for Moffat almost immediately. Even though the two Torana’s were clearly ahead by the end of the first lap he had stormed through the field to pick up 10 places to be in fifth place. Unfortunately Goss had a bad start and was back to sixth. As the race settled down the Moffat Falcon looked to be a chance after all and seemed to be going well. Murray Carter had problems almost immediately and was regularly in and out of the pits in the early stages with tire problems. He ultimately retired with brake and clutch problems and was never a threat. On lap 12 the Moffat/Glemser challenge effectively ended when the car had to pit with ignition troubles. Eventually just about everything that could go wrong to a Falcon did and Moffat retired after slightly more than half distance after suffering from distributor bearing clutch gearbox and brake problem. It was a sad end to the most expensive and glamorous assault on Bathurst seen so far. Meanwhile the Bond/Skelton and Brock/Sampson Torana’s were doing it easily with the Goss/Bartlett Falcon in third place some three laps behind. Then a series of events occurred which completely changed the race. First Goss punctured a tire on the mountain and pitted after a dramatic drive down Conrod Straight with two wheels on the grass to prevent the wheel from disintegrating. In the pits Allan Moffat advised him to put on wet weather tires He did - and almost immediately it began pelting with rain on top of the mountain. For a few minutes the spectators witnessed the sight of rain at one end of the circuit and sunshine at the other. The pits were suddenly full of cars as the rain then drenched the whole circuit. The second thing to happen was that Colin Bond was black-flagged for dropping oil from his very smoky Torana He later restarted but was no longer a threat. Then Peter Brock who was miles ahead blew his motor and was out. Fourth placed Bob Forbes suddenly found himself in the lead but he still had to make a pit stop. Twenty laps from the end John Goss who had run out of driving time handed the car over to Kevin Bartlett to finish the race. Twelve laps later the Forbes Torana made its pit stop and Bartlett took the lead which he kept. He drove masterfully in the diabolical conditions keeping Forbes well at bay. It was a red-letter day for the Ford people particularly after the uncertainty faced by them at the beginning of the year. It also proved that a private entry could win at Bathurst and for Goss personally it corrected the injustice done to him in the 1973 race. The remaining two races of the manufacturers championship were won by Colin Bond thus giving the title to Holden. Goss's was the only Falcon entered at Surfer's Paradise and he came fourth after an unnecessarily slow pit stop cost him two placed while at Phillip Island Murray Carter came in a steady second Allan Moffat losing his lead when the motor in his Falcon blew. Thanks to Gossy and KB it wasn't such a bad year for Falcons after all. Please Note: You can sort this listing by simply clicking on the column heading PLACE DRIVER / CO DRIVER(S) VEHICLE CLASS LAPS QUALIFYING 1 John Goss / Kevin Bartlett Falcon XA GT D 163 0:2:35.9 2 Bob Forbes / Wayne Negus Torana L34 D 163 0:2:42.6 3 Jim Richards / Rod Coppins Torana L34 D 158 0:2:41.5 4 Colin Bond / Bob Skelton Torana L34 D 156 0:2:31.6 5 Graeme Adams / Bob Stevens Torana LJ XU1 D 155 0:2:45.4 6 Tony Farrell / Brian Reed Mazda RX3 C 152 0:2:51.9 7 Stewart McLeod / Doug Whiteford Datsun 240K C 152 0:2:55.7 8 Bernie Haehnle / Geoff Brabham Mazda RX3 C 151 0:2:51.7 9 Ray Gulson / David Crowther Alfa 2000 GTV B 151 0:2:53.8 10 Mel Mollison / Bruce Hindhaugh Mazda RX3 B 150 0:2:58.7 11 John Stoopman / Dennis Martin Torana LJ XU1 D 150 0:2:48.8 12 Brian Foley / Peter Wherrett Alfetta 1.8 B 150 0:3:00.8 13 Ted Brewster / Nick Louis Mazda RX3 C 149 0:2:56.8 14 Geoff Leeds / Peter Finlay Escort TC B 147 0:3:00.6 15 Roger Bonhomme / Bob Watson Torana LC GTR C 146 0:2:57.0 16 Jim Sullivan / Ian White Escort TC B 143 0:3:06.4 17 Gary Leggatt / Peter Lander Mini Cooper S A 142 0:3:00.0 18 Ken Brian / Noel Riley Honda Civic A 142 0:3:12.8 19 Ron Gillard / Gordon Rich Alfa Junior A 140 0:3:10.9 20 David Clement / Neil Mason Mini Cooper S A 140 0:3:06.4 21 Neil West / Peter Harding Torana LJ XU1 D 138 0:2:50.3 22 Max McGinley / Ray Harrison Honda Civic A 135 0:3:17.3 23 Ron Dickson / Pat Crea Monaro HQ GTS D 130 0:2:48.3 24 Chick Audsley / Bob Williamson Mini Cooper S A 128 0:3:10.2 25 Peter Molesworth / Neil Byers Morris Marina B 125 0:3:29.2 26 Ian Cook / Paul Gulson Alfa Junior A 121 0:3:23.4 DNF Rod McRae / Russ McRae Torana L34 D DNF not available DNF Bruce Stewart / George Garth Datsun 180B B DNF not available DNF Alan Cant / George Morrell Escort TC B DNF not available DNF Don Holland / Max Stewart Torana L34 D DNF not available DNF Lynn Brown / Paul Hamilton Mazda 1300 A DNF not available DNF Peter Brock / Brian Sampson Torana L34 D DNF not available DNF Gary Cooke / Bob Beasley Mazda RX3 C DNF not available DNF Robin Dudfield / Gary Keen Alfa Junior A DNF not available DNF John Lord / Ray Molloy Mini Cooper S A DNF not available DNF David Seldon / Peter Webster VW Passat B DNF not available DNF Jim Stewart / John Byers Mini Cooper S A DNF not available DNF Allan Moffat / Dieter Glemser Falcon XB GT D DNF not available DNF John Dellaca / Terry Wade Mini Cooper S A DNF not available DNF Murray Carter / Mike Stillwell Falcon XB GT D DNF not available DNF John Pollard / Dennis Gallagher Torana L34 D DNF not available DNF Graeme Blanchard / Ken Hastings Torana LJ XU1 D DNF not available DNF Bill Nitschke / John Lewis Torana LJ XU1 D DNF not available DNF John French / Dick Johnson Alfa 2000 GTV B DNF not available DNF Barry Nixon-Smith / Denis Geary Torana LJ XU1 D DNF not available DNF Bob Holden / Lyndon Arnel Escort GT1300 A DNF not available DNF Bob Morris / John Leffler Torana LJ XU1 D DNF not available DNF James Laing-Peach / Bill Evans Datsun 1200 A DNF not available DNF Barry Seton / Don Smith Torana LC GTR C DNF not available DNF Peter Brown / Graham Ritter Alfa 2000 GTV B DNF not available DNF Tony Allen / Lakis Manticas Alfetta 1.8 B DNF not available DNF Geoff Perry / Fred Sutherland BMW 3.0S C DNF not available DNF Geoff Newton / Gil Davis Capri V6 C DNF not available DNF Allan Grice / Graham Moore Torana L34 D DNF not available DNF Bruce McPhee / Les Grose Torana L34 D DNF not available DNF Kevin Kennedy / Steve Land Torana LJ XU1 D DNF not available DNF Bob Jane / Frank Gardner Torana L34 D DNF not available DNF Jim Hunter / John Harvey Torana L34 D DNF not available DNF Geoff Wade / Roger Mahoney Escort TC B DNF not available DNF Jim Murcott / Mal Robertson Alfa 2000 GTV B DNF not available
1974,1000,Hardie-Ferodo 1000 Mount Panorama,Bathurst 6th October,Hardie-Ferodo 1000 Mount Panorama Bathurst 6th October 1974
1974,1000,Hardie-Ferodo 1000 Mount Panorama,Bathurst 6th October,Number of Laps: 163 Total Race Time: 7:50:99.1 Fastest lap: Peter Brock 2:29.8 (148.33 km/h) Classes: Class A - Up to 1300cc; Class B - 1301 to 2000cc; Class C - 2001 to 3000cc; Class D - 3001 to 6000cc
1975,1,Peter Brock,Brian Sampson,Torana L34
1975,2,Bob Morris,Frank Gardner,Torana L34
1975,3,Colin Bond,John Walker,Torana L34
1975,4,Bob Skelton,Ron Dickson,Torana L34
1975,5,Don Holland,Hiroshi Fushida,Mazda RX3
1975,6,Marie-Claude Beaumont,John Leffler,Alfa 2000 GTV
1975,7,John Bassett,Eric Boord,Escort RS2000
1975,8,Rod Coppins,Jim Richards,Torana L34
1975,9,John Pollard,Bryan Thomson,Torana L34
1975,10,James Laing-Peach,Graham Moore,Dolomite Sprint
1975,11,Bill Brown,Sue Ransom,Escort RS2000
1975,12,Mike Stillwell,Geoff Brabham,Escort RS2000
1975,13,Bruce Hodgson,Dave Morrow,Escort RS2000
1975,14,Peter Lander,Bob Martin,Mini Cooper S
1975,15,Bill Evans,Bruce Stewart,Datsun 1200
1975,16,Ray Harrison,Craig Bradtke,Mazda RX3
1975,17,Barry Seton,Don Smith,Capri V6
1975,18,Terry Wade,John Dellaca,Mini Cooper S
1975,19,Ray Gulson,Paul Gulson,Alfa 2000 GTV
1975,20,Bob Forbes,Wayne Negus,Torana L34
1975,21,David Clement,Brian Wheeler,Mazda RX3
1975,22,David Crowther,Gordon Rich,Alfa Junior
1975,23,Geoff Moran,Eugene McLoughlin,Capri V6
1975,24,Brian Porter,John Ainsley,Mazda 1300
1975,25,Kevin Kennedy,Steve Land,Torana LJ XU1
1975,26,John Wharton,Kerry Horgan,Mazda RX3
1975,27,Caroline O'Shanessy,David Booth,Mini Cooper S
1975,28,Robin Dudfield,Lance DeLuca,Alfa Junior
1975,29,Ian Wells,Neil West,Honda Civic
1975,30,Geoff Wade,Robert Bride,Escort 1300
1975,31,Warren Thompson,Robert Bride,Alfa 2000 GTV
1975,32,Mal Robertson,Frank Porter,Alfa 2000 GTV
1975,33,Lakis Manticas,Mel Mollison,Mazda RX3
1975,34,George Morrell,Alan Cant,Escort TC
1975,1000,Hardie-Ferodo 1000 Mount Panorama,Bathurst 5th October,Hardie-Ferodo 1000 Mount Panorama Bathurst 5th October 1975 Number of Laps: 163 Total Race Time: 7:50:99.1 Fastest lap: Peter Brock 2:29.8 (148.33 km/h) Classes: Class A - Up to 1300cc; Class B - 1301 to 2000cc; Class C - 2001 to 3000cc; Class D - 3001 to 6000cc 1975 Hardie-Ferodo 1000 Program Even before the 1975 race started there was a raging controversy about the future of the event following the announcement by the race organisers the Australian Racing Drivers Club of their intention to restrict the race to 3-liter cars in 1976. For 1975 the prize money was to be heavily biased towards the classes rather than outright placings with the follow-up of the complete scrapping of the big cars in 1976. An ARDC official was reported to have said: "It's a race for cars not drivers and if Moffat or Goss didn't start I don't think it would be a great loss." This statement was shouted down with some ferocity by motor sport fans and participants and the idea was dropped. Meanwhile back at the race track practice for the 1975 Hardie-Ferodo was going fairly well for Moffat who eventually earned a place on the front row of the grid only one-tenth of a second behind the pole-getter Colin Bond with a time of 2 min 27.4 sec. John Goss's car was blowing smoke all day and could only manage 10th fastest while the Carter/Winter Falcon grabbed seventh spot. The race itself was not a happy one for Ford all three Falcons eventually retiring with various maladies the Goss/Bartlett car blowing its engine after only 10 laps Carter and Winter suffered a broken oil pipe after 53 laps while Moffat and Geoghegan after holding the lead at one stage had to change a gearbox and then retired with a broken lower control arm. The race was won in easy style by Peter Brock and Brian Sampson in their Gown/Hindaugh Torana L34. Please Note: You can sort this listing by simply clicking on the column heading PLACE DRIVER / CO DRIVER(S) VEHICLE CLASS LAPS QUALIFYING 1 Peter Brock / Brian Sampson Torana L34 D 163 0:2:28.6 2 Bob Morris / Frank Gardner Torana L34 D 161 0:2:31.8 3 Colin Bond / John Walker Torana L34 D 154 0:2:27.4 4 Bob Skelton / Ron Dickson Torana L34 D 152 0:2:31.1 5 Don Holland / Hiroshi Fushida Mazda RX3 C 151 0:2:45.5 6 Marie-Claude Beaumont / John Leffler Alfa 2000 GTV B 150 0:2:49.4 7 John Bassett / Eric Boord Escort RS2000 B 149 0:2:45.8 8 Rod Coppins / Jim Richards Torana L34 D 147 0:2:33.4 9 John Pollard / Bryan Thomson Torana L34 D 147 0:2:39.2 10 James Laing-Peach / Graham Moore Dolomite Sprint B 145 0:2:50.1 11 Bill Brown / Sue Ransom Escort RS2000 B 144 0:2:50.3 12 Mike Stillwell / Geoff Brabham Escort RS2000 B 141 0:2:47.4 13 Bruce Hodgson / Dave Morrow Escort RS2000 B 140 0:2:51.1 14 Peter Lander / Bob Martin Mini Cooper S A 140 0:2:59.2 15 Bill Evans / Bruce Stewart Datsun 1200 A 139 0:3:01.4 16 Ray Harrison / Craig Bradtke Mazda RX3 C 139 0:2:45.4 17 Barry Seton / Don Smith Capri V6 C 138 0:2:42.2 18 Terry Wade / John Dellaca Mini Cooper S A 136 0:3:02.5 19 Ray Gulson / Paul Gulson Alfa 2000 GTV B 135 0:2:49.6 20 Bob Forbes / Wayne Negus Torana L34 D 135 0:2:33.6 21 David Clement / Brian Wheeler Mazda RX3 B 135 0:2:51.9 22 David Crowther / Gordon Rich Alfa Junior A 135 0:3:07.4 23 Geoff Moran / Eugene McLoughlin Capri V6 C 134 0:3:01.7 24 Brian Porter / John Ainsley Mazda 1300 A 132 0:3:11.7 25 Kevin Kennedy / Steve Land Torana LJ XU1 D 130 not available 26 John Wharton / Kerry Horgan Mazda RX3 C 129 0:2:53.3 27 Caroline O'Shanessy / David Booth Mini Cooper S A 128 0:3:09.3 28 Robin Dudfield / Lance DeLuca Alfa Junior A 128 0:3:06.5 29 Ian Wells / Neil West Honda Civic A 127 0:3:02.0 30 Geoff Wade / Robert Bride Escort 1300 A 125 0:3:15.6 31 Warren Thompson / Robert Bride Alfa 2000 GTV B 119 0:2:51.1 32 Mal Robertson / Frank Porter Alfa 2000 GTV B 119 0:2:49.3 33 Lakis Manticas / Mel Mollison Mazda RX3 C 116 0:2:46.4 34 George Morrell / Alan Cant Escort TC B 113 0:2:51.2 DNF Peter Janson / John Harvey Torana L34 D DNF 0:2:28.6 DNF Tim Schenken / Paul Bernasconi Alfa 2000 GTV B DNF not available DNF Graeme Adams / Bob Stevens Torana LJ XU1 D DNF not available DNF Ray Molloy / Alan Braszell Mini Clubman GT A DNF not available DNF John Stoopman / Stuart Saker Torana LJ XU1 D DNF not available DNF Allan Moffat / Ian Geoghegan Falcon XB GT D DNF not available DNF Bernie Haehnle / Terry Finnigan Mazda RX3 C DNF not available DNF Max McGinley / Paul King Honda Civic A DNF not available DNF Peter Williamson / John McDonald BMW 2002Ti B DNF not available DNF Tim Slako / Tony Wilkinson Torana L34 D DNF not available DNF Gary Leggatt / David Seldon Mini Cooper S A DNF not available DNF Jim Murcott / Rod Stevens Escort RS2000 B DNF not available DNF John Lord / John Harris Mini Cooper S A DNF not available DNF Rod McRae / Russ McRae Torana L34 D DNF not available DNF Nick Louis / Ted Brewster Mazda RX3 C DNF not available DNF Chris Heyer / Barry Allen VW Passat A DNF not available DNF Murray Carter / Ray Winter Falcon XB GT D DNF not available DNF Richard Stiegler / Greg Toepfer Toyota Corolla A DNF not available DNF Allan Grice / Jim Hunter Torana L34 D DNF not available DNF Geoff Newton / Paul Feltham Capri V6 C DNF not available DNF Tom Naughton / Ross Wemyss Mercedes 280E C DNF not available DNF Charlie O'Brien / Graham Ryan Torana L34 D DNF not available DNF Lawrie Nelson / Bob Watson Capri V6 C DNF not available DNF John Fitzpatrick / Fred Gibson Alfa 2000 GTV B DNF not available DNF John Goss / Kevin Bartlett Falcon XB GT D DNF not available DNF Bob Holden / Lyndon Arnel Escort RS2000 B DNF not available DNF Doug Whiteford / Geoff Perry Datsun 260Z C DNF not available DNF Lynn Brown / Ron Gillard Mazda RX3 C DNF not available
1975,1000,Hardie-Ferodo 1000 Mount Panorama,Bathurst 5th October,Hardie-Ferodo 1000 Mount Panorama Bathurst 5th October 1975 Number of Laps: 163 Total Race Time: 7:50:99.1 Fastest lap: Peter Brock 2:29.8 (148.33 km/h) Classes: Class A - Up to 1300cc; Class B - 1301 to 2000cc; Class C - 2001 to 3000cc; Class D - 3001 to 6000cc 1975 Hardie-Ferodo 1000 Program Even before the 1975 race started there was a raging controversy about the future of the event following the announcement by the race organisers the Australian Racing Drivers Club of their intention to restrict the race to 3-liter cars in 1976. For 1975 the prize money was to be heavily biased towards the classes rather than outright placings with the follow-up of the complete scrapping of the big cars in 1976. An ARDC official was reported to have said: "It's a race for cars not drivers and if Moffat or Goss didn't start I don't think it would be a great loss." This statement was shouted down with some ferocity by motor sport fans and participants and the idea was dropped. Meanwhile back at the race track practice for the 1975 Hardie-Ferodo was going fairly well for Moffat who eventually earned a place on the front row of the grid only one-tenth of a second behind the pole-getter Colin Bond with a time of 2 min 27.4 sec. John Goss's car was blowing smoke all day and could only manage 10th fastest while the Carter/Winter Falcon grabbed seventh spot. The race itself was not a happy one for Ford all three Falcons eventually retiring with various maladies the Goss/Bartlett car blowing its engine after only 10 laps Carter and Winter suffered a broken oil pipe after 53 laps while Moffat and Geoghegan after holding the lead at one stage had to change a gearbox and then retired with a broken lower control arm. The race was won in easy style by Peter Brock and Brian Sampson in their Gown/Hindaugh Torana L34. Please Note: You can sort this listing by simply clicking on the column heading PLACE DRIVER / CO DRIVER(S) VEHICLE CLASS LAPS QUALIFYING 1 Peter Brock / Brian Sampson Torana L34 D 163 0:2:28.6 2 Bob Morris / Frank Gardner Torana L34 D 161 0:2:31.8 3 Colin Bond / John Walker Torana L34 D 154 0:2:27.4 4 Bob Skelton / Ron Dickson Torana L34 D 152 0:2:31.1 5 Don Holland / Hiroshi Fushida Mazda RX3 C 151 0:2:45.5 6 Marie-Claude Beaumont / John Leffler Alfa 2000 GTV B 150 0:2:49.4 7 John Bassett / Eric Boord Escort RS2000 B 149 0:2:45.8 8 Rod Coppins / Jim Richards Torana L34 D 147 0:2:33.4 9 John Pollard / Bryan Thomson Torana L34 D 147 0:2:39.2 10 James Laing-Peach / Graham Moore Dolomite Sprint B 145 0:2:50.1 11 Bill Brown / Sue Ransom Escort RS2000 B 144 0:2:50.3 12 Mike Stillwell / Geoff Brabham Escort RS2000 B 141 0:2:47.4 13 Bruce Hodgson / Dave Morrow Escort RS2000 B 140 0:2:51.1 14 Peter Lander / Bob Martin Mini Cooper S A 140 0:2:59.2 15 Bill Evans / Bruce Stewart Datsun 1200 A 139 0:3:01.4 16 Ray Harrison / Craig Bradtke Mazda RX3 C 139 0:2:45.4 17 Barry Seton / Don Smith Capri V6 C 138 0:2:42.2 18 Terry Wade / John Dellaca Mini Cooper S A 136 0:3:02.5 19 Ray Gulson / Paul Gulson Alfa 2000 GTV B 135 0:2:49.6 20 Bob Forbes / Wayne Negus Torana L34 D 135 0:2:33.6 21 David Clement / Brian Wheeler Mazda RX3 B 135 0:2:51.9 22 David Crowther / Gordon Rich Alfa Junior A 135 0:3:07.4 23 Geoff Moran / Eugene McLoughlin Capri V6 C 134 0:3:01.7 24 Brian Porter / John Ainsley Mazda 1300 A 132 0:3:11.7 25 Kevin Kennedy / Steve Land Torana LJ XU1 D 130 not available 26 John Wharton / Kerry Horgan Mazda RX3 C 129 0:2:53.3 27 Caroline O'Shanessy / David Booth Mini Cooper S A 128 0:3:09.3 28 Robin Dudfield / Lance DeLuca Alfa Junior A 128 0:3:06.5 29 Ian Wells / Neil West Honda Civic A 127 0:3:02.0 30 Geoff Wade / Robert Bride Escort 1300 A 125 0:3:15.6 31 Warren Thompson / Robert Bride Alfa 2000 GTV B 119 0:2:51.1 32 Mal Robertson / Frank Porter Alfa 2000 GTV B 119 0:2:49.3 33 Lakis Manticas / Mel Mollison Mazda RX3 C 116 0:2:46.4 34 George Morrell / Alan Cant Escort TC B 113 0:2:51.2 DNF Peter Janson / John Harvey Torana L34 D DNF 0:2:28.6 DNF Tim Schenken / Paul Bernasconi Alfa 2000 GTV B DNF not available DNF Graeme Adams / Bob Stevens Torana LJ XU1 D DNF not available DNF Ray Molloy / Alan Braszell Mini Clubman GT A DNF not available DNF John Stoopman / Stuart Saker Torana LJ XU1 D DNF not available DNF Allan Moffat / Ian Geoghegan Falcon XB GT D DNF not available DNF Bernie Haehnle / Terry Finnigan Mazda RX3 C DNF not available DNF Max McGinley / Paul King Honda Civic A DNF not available DNF Peter Williamson / John McDonald BMW 2002Ti B DNF not available DNF Tim Slako / Tony Wilkinson Torana L34 D DNF not available DNF Gary Leggatt / David Seldon Mini Cooper S A DNF not available DNF Jim Murcott / Rod Stevens Escort RS2000 B DNF not available DNF John Lord / John Harris Mini Cooper S A DNF not available DNF Rod McRae / Russ McRae Torana L34 D DNF not available DNF Nick Louis / Ted Brewster Mazda RX3 C DNF not available DNF Chris Heyer / Barry Allen VW Passat A DNF not available DNF Murray Carter / Ray Winter Falcon XB GT D DNF not available DNF Richard Stiegler / Greg Toepfer Toyota Corolla A DNF not available DNF Allan Grice / Jim Hunter Torana L34 D DNF not available DNF Geoff Newton / Paul Feltham Capri V6 C DNF not available DNF Tom Naughton / Ross Wemyss Mercedes 280E C DNF not available DNF Charlie O'Brien / Graham Ryan Torana L34 D DNF not available DNF Lawrie Nelson / Bob Watson Capri V6 C DNF not available DNF John Fitzpatrick / Fred Gibson Alfa 2000 GTV B DNF not available DNF John Goss / Kevin Bartlett Falcon XB GT D DNF not available DNF Bob Holden / Lyndon Arnel Escort RS2000 B DNF not available DNF Doug Whiteford / Geoff Perry Datsun 260Z C DNF not available DNF Lynn Brown / Ron Gillard Mazda RX3 C DNF not available
1975,1000,Hardie-Ferodo 1000 Mount Panorama,Bathurst 5th October,Hardie-Ferodo 1000 Mount Panorama Bathurst 5th October 1975
1975,1000,Hardie-Ferodo 1000 Mount Panorama,Bathurst 5th October,Number of Laps: 163 Total Race Time: 7:50:99.1 Fastest lap: Peter Brock 2:29.8 (148.33 km/h) Classes: Class A - Up to 1300cc; Class B - 1301 to 2000cc; Class C - 2001 to 3000cc; Class D - 3001 to 6000cc
1976,1,Bob Morris,John Fitzpatrick,Torana L34
1976,2,Colin Bond,John Harvey,Torana L34
1976,3,Peter Brock,Philip Brock,Torana L34
1976,4,Charlie O'Brien,Wayne Negus,Torana L34
1976,5,Peter Janson,Kevin Bartlett,Torana L34
1976,6,Bob Forbes,Russ McRae,Torana L34
1976,7,Bob Skelton,Alan Hamilton,Torana L34
1976,8,Barry Seton,Don Smith,Ford Capri
1976,9,Don Holland,Lynn Brown,Mazda RX3
1976,10,Graham Moore,Dick Johnson,Ford Capri
1976,11,Geoff Leeds,Jim McKeown,Mazda RX3
1976,12,Eric Boord,Tom Tymons,Escort RS2000
1976,13,Russell Skaife,Brian Potts,Ford Capri
1976,14,Phil McDonell,Jim Hunter,Alfa 2000 GTV
1976,15,Lyndon Arnel,Peter Hopwood,Escort RS2000
1976,16,Frank Porter,Tony Roberts,Alfetta GTAM
1976,17,John Leffler,Richard Carter,Alfetta GTAM
1976,18,Peter Wherrett,David Jones,Alfa 2000 GTV
1976,19,Murray Carter,Ray Winter,Falcon XB GT
1976,20,Paul Older,Barry Lake,BMW 3.0Si
1976,21,Terry Daly,Barry Jones,Escort RS2000
1976,22,Brian Wheeler,Neil Mason,Mazda RX3
1976,23,Bruce Hodgson,Dave Morrow,Escort RS2000
1976,24,Bill Evans,Bruce Stewart,Datsun 1200
1976,25,John Duggan,Doug Angus,Mazda RX3
1976,26,Brian Reed,Ian Chilman,Honda Civic
1976,27,Tim Slako,Brian Rhodes,Torana L34
1976,28,Roger Bonhomme,Doug Whiteford,Honda Civic
1976,29,Jeff Harris,Arthur Hardwick,Mini Clubman GT
1976,30,Brian Porter,John Ainsley,Mazda 1300
1976,31,John Goss,Jim Richards,Falcon XB GT
1976,32,Greg Toepfer,Greville Arnel,Toyoya Corolla
1976,33,Ray Molloy,Alan Braszell,Mini Clubman GT
1976,34,Robin Dudfield,Tony Niovanni,Alfa Romeo
1976,1000,Hardie-Ferodo 1000 Mount Panorama,Bathurst 3rd October,Hardie-Ferodo 1000 Mount Panorama Bathurst 3rd October 1976 Number of Laps: 163 Total Race Time: 7:7:12.0 Fastest lap: Allan Moffat and Peter Brock 2:28.4 (149m73 km/h) Classes: Class A - Up to 1300cc; Class B - 1301 to 2000cc; Class C - 2001 to 3000cc; Class D - 3001 to 6000cc 1976 Hardie-Ferodo 1000 Program The 1976 Hardie-Ferodo was the first time the race had genuinely attracted international interest mainly because of the entry of Australia's own three times former world champion Jack Brabham  who had teamed with the legendary Stirling Moss the pair driving a Torana. Other internationals included expatriate Australian Vern Schuppan partnering Allan Moffat and English long-distance ace John Fitzpatrick driving with Bob Morris in the Ron Hodgson Torana. There were two other Falcons entered the Brian Wood car being crewed by Murray Carter and Ray Winter and the John Goss/Jim Richards car. Practice looked good for Ford with Moffat getting pole position with a incredible time of 2 min 25 sec. Goss was there too with fifth fastest while Carter was back on 13th position. The race started on a very dramatic note when Jack Brabham's Torana was stuck on the grid with jammed gears and was then rammed very hard from behind. This incident effectively put Brabham and Moss out of the race but the car reappeared several hours later simply for appearances. Eventually the motor blew while Moss was at the wheel. It was incidentally the first time Stirling Moss had driven on slick racing tires! Things didn't look too bad for Ford when at half distances Moffat and Schuppan were 40sec in front and doing it easily. Suddenly the crankshaft pulley on Moffat's car failed cooking the engine and putting a disappointing end to a fine effort. Neither of the other two Falcons lasted the distance but were still classed as finishers. Goss was credited with 29th outright after retiring with a broken clutch with 129 laps to his credit. Actually Jim Richards did most of the driving as Goss himself was ill on the day. The Murray Carter/Ray Winter Falcon blew its engine after 148 laps and was credited with 17th outright. The eventual winner in a very exciting finish was the Morris/ Fitzpatrick Torana which crossed the line in a very sick state just ahead of the also ailing Colin Bond/John Harvey Torana. Fastest lap was shared between Moffat and Brock at 2min 28.4sec. Please Note: You can sort this listing by simply clicking on the column heading PLACE DRIVER / CO DRIVER(S) VEHICLE CLASS LAPS QUALIFYING 1 Bob Morris / John Fitzpatrick Torana L34 D 163 0:2:26.4 2 Colin Bond / John Harvey Torana L34 D 163 0:2:26.2 3 Peter Brock / Philip Brock Torana L34 D 160 0:2:25.1 4 Charlie O'Brien / Wayne Negus Torana L34 D 160 0:2:28.3 5 Peter Janson / Kevin Bartlett Torana L34 D 158 0:2:29.5 6 Bob Forbes / Russ McRae Torana L34 D 157 0:2:35.2 7 Bob Skelton / Alan Hamilton Torana L34 D 157 0:2:33.1 8 Barry Seton / Don Smith Ford Capri C 156 0:2:38.1 9 Don Holland / Lynn Brown Mazda RX3 C 155 0:2:43.3 10 Graham Moore / Dick Johnson Ford Capri C 154 0:2:41.3 11 Geoff Leeds / Jim McKeown Mazda RX3 C 154 0:2:42.4 12 Eric Boord / Tom Tymons Escort RS2000 B 152 0:2:43.8 13 Russell Skaife / Brian Potts Ford Capri C 151 0:2:42.6 14 Phil McDonell / Jim Hunter Alfa 2000 GTV B 151 0:2:47.4 15 Lyndon Arnel / Peter Hopwood Escort RS2000 B 150 0:2:46.6 16 Frank Porter / Tony Roberts Alfetta GTAM B 149 0:2:45.4 17 John Leffler / Richard Carter Alfetta GTAM B 148 0:2:45.3 18 Peter Wherrett / David Jones Alfa 2000 GTV B 148 0:2:45.5 19 Murray Carter / Ray Winter Falcon XB GT D 148 0:2:33.9 20 Paul Older / Barry Lake BMW 3.0Si C 147 0:2:44.6 21 Terry Daly / Barry Jones Escort RS2000 B 146 0:2:48.4 22 Brian Wheeler / Neil Mason Mazda RX3 C 143 0:2:44.7 23 Bruce Hodgson / Dave Morrow Escort RS2000 B 142 0:2:45.9 24 Bill Evans / Bruce Stewart Datsun 1200 A 139 0:2:58.7 25 John Duggan / Doug Angus Mazda RX3 C 139 0:2:43.7 26 Brian Reed / Ian Chilman Honda Civic A 137 0:3:03.2 27 Tim Slako / Brian Rhodes Torana L34 D 137 0:2:35.3 28 Roger Bonhomme / Doug Whiteford Honda Civic A 137 0:3:02.9 29 Jeff Harris / Arthur Hardwick Mini Clubman GT A 136 0:3:03.3 30 Brian Porter / John Ainsley Mazda 1300 A 130 0:3:07.7 31 John Goss / Jim Richards Falcon XB GT D 129 0:2:27.5 32 Greg Toepfer / Greville Arnel Toyoya Corolla A 127 0:3:03.7 33 Ray Molloy / Alan Braszell Mini Clubman GT A 125 0:3:02.5 34 Robin Dudfield / Tony Niovanni Alfa Romeo A 116 0:3:04.9 DNF Ron Gillard Graham Harrison Alfa 2000 GTV A DNF 0:2:26.4 DNF Alan Cant / George Morrell Ford Capri C DNF not available DNF Ken Brian / Noel Riley Honda Civic A DNF not available DNF Ron Dickson / Graeme Lawrence Dolomite Sprint B DNF not available DNF Peter Granger / Gerry Murphy BMW 2002 Ti B DNF not available DNF Warren Cullen / Max Stewart Torana L34 D DNF not available DNF Allan Moffat / Vern Schuppan Falcon XB GT D DNF not available DNF Bob Williamson / Gary Cooke Mazda RX3 B DNF not available DNF James Laing-Peach / Paul Gulson Dolomite Sprint B DNF not available DNF Allan Grice / Frank Gardner Torana L34 D DNF not available DNF John Dellaca / Terry Wade Dolomite Sprint B DNF not available DNF Hugh Donaldson / Michael Quinn Mini Clubman GT A DNF not available DNF Bruce Hindhaugh / Garth Wigston Torana L34 D DNF not available DNF Marie-Claude Beaumont / Christine Gibson Alfetta GTAM B DNF not available DNF Allan Nuttall / Richard Bailey Fiat 124 Sport B DNF not available DNF Chris Heyer / Peter Lander VW Golf B DNF not available DNF Stirling Moss / Jack Brabham Torana L34 D DNF not available DNF Lawrie Nelson / Nick Louis Ford Capri C DNF not available DNF Jim Murcott / Rod Stevens Escort RS2000 B DNF not available DNF Caroline O'Shanesy / Gary Leggatt Fiat 128 A DNF not available DNF Bob Holden / Ray Cutchie Escort RS2000 B DNF not available DNF Ken Harrison / David Turnbull Escort 1300 A DNF not available DNF Bernie Stack / Keith Poole VW Passat A DNF not available DNF Ralph Radburn / Peter Williamson BMW 2002 Ti B DNF not available DNF Lakis Manticas / Doug Chivas Ford Capri C DNF not available DNF David Seldon / Bob Martin Dolomite Sprint B DNF not available
1976,1000,Hardie-Ferodo 1000 Mount Panorama,Bathurst 3rd October,Hardie-Ferodo 1000 Mount Panorama Bathurst 3rd October 1976 Number of Laps: 163 Total Race Time: 7:7:12.0 Fastest lap: Allan Moffat and Peter Brock 2:28.4 (149m73 km/h) Classes: Class A - Up to 1300cc; Class B - 1301 to 2000cc; Class C - 2001 to 3000cc; Class D - 3001 to 6000cc 1976 Hardie-Ferodo 1000 Program The 1976 Hardie-Ferodo was the first time the race had genuinely attracted international interest mainly because of the entry of Australia's own three times former world champion Jack Brabham  who had teamed with the legendary Stirling Moss the pair driving a Torana. Other internationals included expatriate Australian Vern Schuppan partnering Allan Moffat and English long-distance ace John Fitzpatrick driving with Bob Morris in the Ron Hodgson Torana. There were two other Falcons entered the Brian Wood car being crewed by Murray Carter and Ray Winter and the John Goss/Jim Richards car. Practice looked good for Ford with Moffat getting pole position with a incredible time of 2 min 25 sec. Goss was there too with fifth fastest while Carter was back on 13th position. The race started on a very dramatic note when Jack Brabham's Torana was stuck on the grid with jammed gears and was then rammed very hard from behind. This incident effectively put Brabham and Moss out of the race but the car reappeared several hours later simply for appearances. Eventually the motor blew while Moss was at the wheel. It was incidentally the first time Stirling Moss had driven on slick racing tires! Things didn't look too bad for Ford when at half distances Moffat and Schuppan were 40sec in front and doing it easily. Suddenly the crankshaft pulley on Moffat's car failed cooking the engine and putting a disappointing end to a fine effort. Neither of the other two Falcons lasted the distance but were still classed as finishers. Goss was credited with 29th outright after retiring with a broken clutch with 129 laps to his credit. Actually Jim Richards did most of the driving as Goss himself was ill on the day. The Murray Carter/Ray Winter Falcon blew its engine after 148 laps and was credited with 17th outright. The eventual winner in a very exciting finish was the Morris/ Fitzpatrick Torana which crossed the line in a very sick state just ahead of the also ailing Colin Bond/John Harvey Torana. Fastest lap was shared between Moffat and Brock at 2min 28.4sec. Please Note: You can sort this listing by simply clicking on the column heading PLACE DRIVER / CO DRIVER(S) VEHICLE CLASS LAPS QUALIFYING 1 Bob Morris / John Fitzpatrick Torana L34 D 163 0:2:26.4 2 Colin Bond / John Harvey Torana L34 D 163 0:2:26.2 3 Peter Brock / Philip Brock Torana L34 D 160 0:2:25.1 4 Charlie O'Brien / Wayne Negus Torana L34 D 160 0:2:28.3 5 Peter Janson / Kevin Bartlett Torana L34 D 158 0:2:29.5 6 Bob Forbes / Russ McRae Torana L34 D 157 0:2:35.2 7 Bob Skelton / Alan Hamilton Torana L34 D 157 0:2:33.1 8 Barry Seton / Don Smith Ford Capri C 156 0:2:38.1 9 Don Holland / Lynn Brown Mazda RX3 C 155 0:2:43.3 10 Graham Moore / Dick Johnson Ford Capri C 154 0:2:41.3 11 Geoff Leeds / Jim McKeown Mazda RX3 C 154 0:2:42.4 12 Eric Boord / Tom Tymons Escort RS2000 B 152 0:2:43.8 13 Russell Skaife / Brian Potts Ford Capri C 151 0:2:42.6 14 Phil McDonell / Jim Hunter Alfa 2000 GTV B 151 0:2:47.4 15 Lyndon Arnel / Peter Hopwood Escort RS2000 B 150 0:2:46.6 16 Frank Porter / Tony Roberts Alfetta GTAM B 149 0:2:45.4 17 John Leffler / Richard Carter Alfetta GTAM B 148 0:2:45.3 18 Peter Wherrett / David Jones Alfa 2000 GTV B 148 0:2:45.5 19 Murray Carter / Ray Winter Falcon XB GT D 148 0:2:33.9 20 Paul Older / Barry Lake BMW 3.0Si C 147 0:2:44.6 21 Terry Daly / Barry Jones Escort RS2000 B 146 0:2:48.4 22 Brian Wheeler / Neil Mason Mazda RX3 C 143 0:2:44.7 23 Bruce Hodgson / Dave Morrow Escort RS2000 B 142 0:2:45.9 24 Bill Evans / Bruce Stewart Datsun 1200 A 139 0:2:58.7 25 John Duggan / Doug Angus Mazda RX3 C 139 0:2:43.7 26 Brian Reed / Ian Chilman Honda Civic A 137 0:3:03.2 27 Tim Slako / Brian Rhodes Torana L34 D 137 0:2:35.3 28 Roger Bonhomme / Doug Whiteford Honda Civic A 137 0:3:02.9 29 Jeff Harris / Arthur Hardwick Mini Clubman GT A 136 0:3:03.3 30 Brian Porter / John Ainsley Mazda 1300 A 130 0:3:07.7 31 John Goss / Jim Richards Falcon XB GT D 129 0:2:27.5 32 Greg Toepfer / Greville Arnel Toyoya Corolla A 127 0:3:03.7 33 Ray Molloy / Alan Braszell Mini Clubman GT A 125 0:3:02.5 34 Robin Dudfield / Tony Niovanni Alfa Romeo A 116 0:3:04.9 DNF Ron Gillard Graham Harrison Alfa 2000 GTV A DNF 0:2:26.4 DNF Alan Cant / George Morrell Ford Capri C DNF not available DNF Ken Brian / Noel Riley Honda Civic A DNF not available DNF Ron Dickson / Graeme Lawrence Dolomite Sprint B DNF not available DNF Peter Granger / Gerry Murphy BMW 2002 Ti B DNF not available DNF Warren Cullen / Max Stewart Torana L34 D DNF not available DNF Allan Moffat / Vern Schuppan Falcon XB GT D DNF not available DNF Bob Williamson / Gary Cooke Mazda RX3 B DNF not available DNF James Laing-Peach / Paul Gulson Dolomite Sprint B DNF not available DNF Allan Grice / Frank Gardner Torana L34 D DNF not available DNF John Dellaca / Terry Wade Dolomite Sprint B DNF not available DNF Hugh Donaldson / Michael Quinn Mini Clubman GT A DNF not available DNF Bruce Hindhaugh / Garth Wigston Torana L34 D DNF not available DNF Marie-Claude Beaumont / Christine Gibson Alfetta GTAM B DNF not available DNF Allan Nuttall / Richard Bailey Fiat 124 Sport B DNF not available DNF Chris Heyer / Peter Lander VW Golf B DNF not available DNF Stirling Moss / Jack Brabham Torana L34 D DNF not available DNF Lawrie Nelson / Nick Louis Ford Capri C DNF not available DNF Jim Murcott / Rod Stevens Escort RS2000 B DNF not available DNF Caroline O'Shanesy / Gary Leggatt Fiat 128 A DNF not available DNF Bob Holden / Ray Cutchie Escort RS2000 B DNF not available DNF Ken Harrison / David Turnbull Escort 1300 A DNF not available DNF Bernie Stack / Keith Poole VW Passat A DNF not available DNF Ralph Radburn / Peter Williamson BMW 2002 Ti B DNF not available DNF Lakis Manticas / Doug Chivas Ford Capri C DNF not available DNF David Seldon / Bob Martin Dolomite Sprint B DNF not available
1976,1000,Hardie-Ferodo 1000 Mount Panorama,Bathurst 3rd October,Hardie-Ferodo 1000 Mount Panorama Bathurst 3rd October 1976
1976,1000,Hardie-Ferodo 1000 Mount Panorama,Bathurst 3rd October,Number of Laps: 163 Total Race Time: 7:7:12.0 Fastest lap: Allan Moffat and Peter Brock 2:28.4 (149m73 km/h) Classes: Class A - Up to 1300cc; Class B - 1301 to 2000cc; Class C - 2001 to 3000cc; Class D - 3001 to 6000cc
1977,1,Allan Moffat,Jacky Ickx,Falcon XC
1977,2,Colin Bond,Alan Hamilton,Falcon XC
1977,3,Peter Janson,Larry Perkins,Torana A9X
1977,4,Peter Brock,Phillip Brock,Torana A9X
1977,5,Charlie O'Brien,Ron Harrop,Torana A9X
1977,6,Barry Seton,Don Smith,Capri V6
1977,7,Tony Roberts,Doug Chivas,Torana A9X
1977,8,Derek Bell,Gary Leggatt,Alfa 2000 GTV
1977,9,Rod Stevens,Tony Farrell,Escort RS2000
1977,10,Ron Dickson,Fred Gibson,Falcon XB GT
1977,11,Frank Porter,Jim Murcott,Alfetta GTAM
1977,12,Ray Gulson,David Crowther,Alfa 2000 GTV
1977,13,Nick Louis,Ted Brewster,Mazda RX3
1977,14,Phil McDonell,Jim Hunter,BMW 3.0Si
1977,15,Gary Cooke,Ben Penhall,Mazda RX3
1977,16,Bill Shiells,Frank Radisich,Mazda RX3
1977,17,Alan Taylor,Kevin Kennedy,Torana A9X
1977,18,Jack Brabham,Geoff Brabham,Falcon XC
1977,19,Eric Boord,Keith Poole,Escort RS2000
1977,20,Terry Daly,Barry Jones,Escort RS2000
1977,21,Robin Dudfield,Tony Niovanni,Alfa 2000 GTV
1977,22,Lynn Brown,Bruce Stewart,Mazda RX3
1977,1000,Hardie-Ferodo 1000 Mount Panorama,Bathurst 2nd October,Hardie-Ferodo 1000 Mount Panorama Bathurst 2nd October 1977 Number of Laps: 163 Total Race Time: 6:59:7.8 Fastest lap: Allan Moffat 2:26.4 (151.77 km/h) Classes: Class A - 3001 to 6000cc; Class B - 2001 to 3000cc; Class C - Up to 2000cc 1977 Hardie-Ferodo 1000 Program The 1977 Hardie-Ferodo was a great event if only for the degree of international participation. Drivers such as Jacki Ickx Jack Brabham Vern Schuppan Leo Leonard John Fitzpatrick Johnnie Rutherford Janet Guthrie Henri Pescarolo Gerry Marshal and Basil Van Rooyan added a strong character to the race. No less than 11 Falcons entered the biggest Ford entry since 1971. Allan Moffat was teamed with Jacki Ickx Colin Bond with Alan Hamilton John Goss with Henri Pescarolo Jack and Geoff Brabham were together in the second Goss car Jim Richards with Rod Coppins Ron Dickson with Fred Gibson Dick Johnson with Vern Schuppan Murray Carter with Bob Stevens Rusty French with Leo Leonard in a new car Rod Donovan and Ron Lindau the two West Australian Kings of Wanneroo Park's "Street Class" races also in a car new to production touring and finally Jim Keogh was teamed with Graeme Ritter. Against this were 19 Torana’s a mixture of hatchback and four-door models headed by the Marlboro-Holden Dealer cars led by John Harvey plus a three-car entry from Bill Patterson Racing with Peter Brock their No 1 driver. There was good back-up in the other Torana teams. For the first time the cars were permitted to use two-way radios to communicate with their pit crews. Practice saw Peter Brock on pole position with a time of 2min 24.9sec one-tenth better than Moffat's time in 1976. Colin Bond was next fastest with a 2min 26.4sec to take the other position on the front row of the grid. Moffat started. from position 4. The next best Falcon was that of Jim Richards who unobtrusively earned sixth spot. The race was dominated by Moffat Bond Ickx and Hamilton the two Falcon’s crossing the line in a classic 1-2 formation finishing only inches apart after instructions were given to the cars by Carroll Smith to put on a grandstand finish. The two cars did the last lap side by side in one of the most stirring moments witnessed at Bathurst ( click here to view). Of the other Falcons only two were classed as finishers the Dickson/Gibson car being credited with 11th outright after an over-rev in the opening laps did enough damage to the engine to rob the car of a lot of power and the Brabham/Brabham Falcon which was racing very strongly for most of the race actually being third outright (behind Moffat and Bond) for some time was credited with 16th outright. The others suffered from various maladies Murray Carter for example blowing an engine after 19 laps. His crew worked for a couple of hours to install a new engine and after 19 further laps that one blew as well! The Torana challenge for this race appeared to be and was very strong. But the Moffat cars simply could not be challenged on the day. They ran faultlessly at a very fast pace the only untoward happening being a tire change on Moffat's car in the closing laps. It was the perfect conclusion to 10 years of racing Falcons. Please Note: You can sort this listing by simply clicking on the column heading PLACE DRIVER / CO DRIVER(S) VEHICLE CLASS LAPS QUALIFYING 1 Allan Moffat / Jacky Ickx Falcon XC A 163 0:2:25.6 2 Colin Bond / Alan Hamilton Falcon XC A 163 0:2:25.2 3 Peter Janson / Larry Perkins Torana A9X A 162 0:2:29.2 4 Peter Brock / Phillip Brock Torana A9X A 162 0:2:24.1 5 Charlie O'Brien / Ron Harrop Torana A9X A 162 0:2:27.2 6 Barry Seton / Don Smith Capri V6 B 154 0:2:37.3 7 Tony Roberts / Doug Chivas Torana A9X A 154 0:2:32.2 8 Derek Bell / Gary Leggatt Alfa 2000 GTV C 150 0:2:42.4 9 Rod Stevens / Tony Farrell Escort RS2000 C 150 0:2:44.2 10 Ron Dickson / Fred Gibson Falcon XB GT A 147 0:2:32.3 11 Frank Porter / Jim Murcott Alfetta GTAM C 146 0:2:46.8 12 Ray Gulson / David Crowther Alfa 2000 GTV C 145 0:2:46.8 13 Nick Louis / Ted Brewster Mazda RX3 B 145 0:2:45.1 14 Phil McDonell / Jim Hunter BMW 3.0Si B 144 0:2:42.3 15 Gary Cooke / Ben Penhall Mazda RX3 B 143 0:2:47.7 16 Bill Shiells / Frank Radisich Mazda RX3 B 142 0:2:52.9 17 Alan Taylor / Kevin Kennedy Torana A9X A 141 0:2:34.6 18 Jack Brabham / Geoff Brabham Falcon XC A 141 0:2:26.9 19 Eric Boord / Keith Poole Escort RS2000 C 138 0:2:44.8 20 Terry Daly / Barry Jones Escort RS2000 C 137 0:2:44.9 21 Robin Dudfield / Tony Niovanni Alfa 2000 GTV C 131 0:2:50.7 22 Lynn Brown / Bruce Stewart Mazda RX3 B 129 0:2:43.7 DNF Bob Forbes / Kevin Bartlett Torana A9X A DNF 0:2:25.6 DNF Garth Wigston / Bruce Hindhaugh Torana A9X A DNF not available DNF Allan Grice / Frank Gardner Torana A9X A DNF not available DNF John Goss / Henri Pescarolo Falcon XC A DNF not available DNF Bob Morris / John Fitzpatrick Torana A9X A DNF not available DNF Bruce Hodgson / Dave Morrow Escort RS2000 C DNF not available DNF Gerry Marshall / Basil van Rooyen Torana A9X A DNF not available DNF Phil Ward / Phil Lucas BMW 2002 Ti C DNF not available DNF Yoshimi Katayama / Geoff Leeds Mazda RX3 B DNF not available DNF Rusty French / Leo Leonard Falcon XC A DNF not available DNF Russell Skaife / Sue Ransom Capri V6 B DNF not available DNF Peter Granger / Ian Richards BMW 2002 Ti C DNF not available DNF Alan Cant / Satoru Nakajima Capri V6 B DNF not available DNF Ray Farrar / Geoff Wade Capri V6 B DNF not available DNF John Harvey / Wayne Negus Torana A9X A DNF not available DNF Ian Diffen / Tim Slako Torana A9X A DNF not available DNF Lyndon Arnel / Richard Carter Escort RS2000 C DNF not available DNF Bob Holden / Ian Messner Escort RS2000 C DNF not available DNF Graham Ritter / Jim Keogh Falcon XB GT A DNF not available DNF Peter Williamson / Gary Scott Toyota Celica C DNF not available DNF John Duggan / Brian Wheeler Mazda RX3 B DNF not available DNF Peter Hopwood / Warwick Henderson Alfetta GT C DNF not available DNF Chris Heyer / Rudi Dahlhauser VW Golf GTi C DNF not available DNF Graham Ryan / Phillip Arnull Torana A9X A DNF not available DNF Jim Richards / Rod Coppins Falcon XB GT A DNF not available DNF Rod Morris / Paul Gulson Escort RS2000 C DNF not available DNF Bill Stanley / Les Grose Capri V6 B DNF not available DNF Lakis Manticas / Graham Moore Capri V6 B DNF not available DNF Warren Cullen / Brian Sampson Torana A9X A DNF not available DNF Murray Carter / Bob Stevens Falcon XC A DNF not available DNF Bob Jane / Ian Geoghegan Torana A9X A DNF not available DNF Rod Donovan / Ron Lindau Falcon XB GT A DNF not available DNF Johnny Rutherford / Janet Guthrie Torana A9X A DNF not available DNF James Laing-Peach / Bill Evans Dolomite Sprint C DNF not available DNF Allan Gough / Kel Gough Holden Gemini C DNF not available DNF Lawrie Nelson / Brian Reed Capri V6 B DNF not available DNF Terry Shiel / Don Holland Mazda RX3 B DNF not available
1977,1000,Hardie-Ferodo 1000 Mount Panorama,Bathurst 2nd October,Hardie-Ferodo 1000 Mount Panorama Bathurst 2nd October 1977 Number of Laps: 163 Total Race Time: 6:59:7.8 Fastest lap: Allan Moffat 2:26.4 (151.77 km/h) Classes: Class A - 3001 to 6000cc; Class B - 2001 to 3000cc; Class C - Up to 2000cc 1977 Hardie-Ferodo 1000 Program The 1977 Hardie-Ferodo was a great event if only for the degree of international participation. Drivers such as Jacki Ickx Jack Brabham Vern Schuppan Leo Leonard John Fitzpatrick Johnnie Rutherford Janet Guthrie Henri Pescarolo Gerry Marshal and Basil Van Rooyan added a strong character to the race. No less than 11 Falcons entered the biggest Ford entry since 1971. Allan Moffat was teamed with Jacki Ickx Colin Bond with Alan Hamilton John Goss with Henri Pescarolo Jack and Geoff Brabham were together in the second Goss car Jim Richards with Rod Coppins Ron Dickson with Fred Gibson Dick Johnson with Vern Schuppan Murray Carter with Bob Stevens Rusty French with Leo Leonard in a new car Rod Donovan and Ron Lindau the two West Australian Kings of Wanneroo Park's "Street Class" races also in a car new to production touring and finally Jim Keogh was teamed with Graeme Ritter. Against this were 19 Torana’s a mixture of hatchback and four-door models headed by the Marlboro-Holden Dealer cars led by John Harvey plus a three-car entry from Bill Patterson Racing with Peter Brock their No 1 driver. There was good back-up in the other Torana teams. For the first time the cars were permitted to use two-way radios to communicate with their pit crews. Practice saw Peter Brock on pole position with a time of 2min 24.9sec one-tenth better than Moffat's time in 1976. Colin Bond was next fastest with a 2min 26.4sec to take the other position on the front row of the grid. Moffat started. from position 4. The next best Falcon was that of Jim Richards who unobtrusively earned sixth spot. The race was dominated by Moffat Bond Ickx and Hamilton the two Falcon’s crossing the line in a classic 1-2 formation finishing only inches apart after instructions were given to the cars by Carroll Smith to put on a grandstand finish. The two cars did the last lap side by side in one of the most stirring moments witnessed at Bathurst ( click here to view). Of the other Falcons only two were classed as finishers the Dickson/Gibson car being credited with 11th outright after an over-rev in the opening laps did enough damage to the engine to rob the car of a lot of power and the Brabham/Brabham Falcon which was racing very strongly for most of the race actually being third outright (behind Moffat and Bond) for some time was credited with 16th outright. The others suffered from various maladies Murray Carter for example blowing an engine after 19 laps. His crew worked for a couple of hours to install a new engine and after 19 further laps that one blew as well! The Torana challenge for this race appeared to be and was very strong. But the Moffat cars simply could not be challenged on the day. They ran faultlessly at a very fast pace the only untoward happening being a tire change on Moffat's car in the closing laps. It was the perfect conclusion to 10 years of racing Falcons. Please Note: You can sort this listing by simply clicking on the column heading PLACE DRIVER / CO DRIVER(S) VEHICLE CLASS LAPS QUALIFYING 1 Allan Moffat / Jacky Ickx Falcon XC A 163 0:2:25.6 2 Colin Bond / Alan Hamilton Falcon XC A 163 0:2:25.2 3 Peter Janson / Larry Perkins Torana A9X A 162 0:2:29.2 4 Peter Brock / Phillip Brock Torana A9X A 162 0:2:24.1 5 Charlie O'Brien / Ron Harrop Torana A9X A 162 0:2:27.2 6 Barry Seton / Don Smith Capri V6 B 154 0:2:37.3 7 Tony Roberts / Doug Chivas Torana A9X A 154 0:2:32.2 8 Derek Bell / Gary Leggatt Alfa 2000 GTV C 150 0:2:42.4 9 Rod Stevens / Tony Farrell Escort RS2000 C 150 0:2:44.2 10 Ron Dickson / Fred Gibson Falcon XB GT A 147 0:2:32.3 11 Frank Porter / Jim Murcott Alfetta GTAM C 146 0:2:46.8 12 Ray Gulson / David Crowther Alfa 2000 GTV C 145 0:2:46.8 13 Nick Louis / Ted Brewster Mazda RX3 B 145 0:2:45.1 14 Phil McDonell / Jim Hunter BMW 3.0Si B 144 0:2:42.3 15 Gary Cooke / Ben Penhall Mazda RX3 B 143 0:2:47.7 16 Bill Shiells / Frank Radisich Mazda RX3 B 142 0:2:52.9 17 Alan Taylor / Kevin Kennedy Torana A9X A 141 0:2:34.6 18 Jack Brabham / Geoff Brabham Falcon XC A 141 0:2:26.9 19 Eric Boord / Keith Poole Escort RS2000 C 138 0:2:44.8 20 Terry Daly / Barry Jones Escort RS2000 C 137 0:2:44.9 21 Robin Dudfield / Tony Niovanni Alfa 2000 GTV C 131 0:2:50.7 22 Lynn Brown / Bruce Stewart Mazda RX3 B 129 0:2:43.7 DNF Bob Forbes / Kevin Bartlett Torana A9X A DNF 0:2:25.6 DNF Garth Wigston / Bruce Hindhaugh Torana A9X A DNF not available DNF Allan Grice / Frank Gardner Torana A9X A DNF not available DNF John Goss / Henri Pescarolo Falcon XC A DNF not available DNF Bob Morris / John Fitzpatrick Torana A9X A DNF not available DNF Bruce Hodgson / Dave Morrow Escort RS2000 C DNF not available DNF Gerry Marshall / Basil van Rooyen Torana A9X A DNF not available DNF Phil Ward / Phil Lucas BMW 2002 Ti C DNF not available DNF Yoshimi Katayama / Geoff Leeds Mazda RX3 B DNF not available DNF Rusty French / Leo Leonard Falcon XC A DNF not available DNF Russell Skaife / Sue Ransom Capri V6 B DNF not available DNF Peter Granger / Ian Richards BMW 2002 Ti C DNF not available DNF Alan Cant / Satoru Nakajima Capri V6 B DNF not available DNF Ray Farrar / Geoff Wade Capri V6 B DNF not available DNF John Harvey / Wayne Negus Torana A9X A DNF not available DNF Ian Diffen / Tim Slako Torana A9X A DNF not available DNF Lyndon Arnel / Richard Carter Escort RS2000 C DNF not available DNF Bob Holden / Ian Messner Escort RS2000 C DNF not available DNF Graham Ritter / Jim Keogh Falcon XB GT A DNF not available DNF Peter Williamson / Gary Scott Toyota Celica C DNF not available DNF John Duggan / Brian Wheeler Mazda RX3 B DNF not available DNF Peter Hopwood / Warwick Henderson Alfetta GT C DNF not available DNF Chris Heyer / Rudi Dahlhauser VW Golf GTi C DNF not available DNF Graham Ryan / Phillip Arnull Torana A9X A DNF not available DNF Jim Richards / Rod Coppins Falcon XB GT A DNF not available DNF Rod Morris / Paul Gulson Escort RS2000 C DNF not available DNF Bill Stanley / Les Grose Capri V6 B DNF not available DNF Lakis Manticas / Graham Moore Capri V6 B DNF not available DNF Warren Cullen / Brian Sampson Torana A9X A DNF not available DNF Murray Carter / Bob Stevens Falcon XC A DNF not available DNF Bob Jane / Ian Geoghegan Torana A9X A DNF not available DNF Rod Donovan / Ron Lindau Falcon XB GT A DNF not available DNF Johnny Rutherford / Janet Guthrie Torana A9X A DNF not available DNF James Laing-Peach / Bill Evans Dolomite Sprint C DNF not available DNF Allan Gough / Kel Gough Holden Gemini C DNF not available DNF Lawrie Nelson / Brian Reed Capri V6 B DNF not available DNF Terry Shiel / Don Holland Mazda RX3 B DNF not available
1977,1000,Hardie-Ferodo 1000 Mount Panorama,Bathurst 2nd October,Hardie-Ferodo 1000 Mount Panorama Bathurst 2nd October 1977
1977,1000,Hardie-Ferodo 1000 Mount Panorama,Bathurst 2nd October,Number of Laps: 163 Total Race Time: 6:59:7.8 Fastest lap: Allan Moffat 2:26.4 (151.77 km/h) Classes: Class A - 3001 to 6000cc; Class B - 2001 to 3000cc; Class C - Up to 2000cc
1978,1,Peter Brock,Jim Richards,Torana A9X
1978,2,Allan Grice,John Leffler,Torana A9X
1978,3,Murray Carter,Graeme Lawrence,Falcon XC
1978,4,Gary Cooke,Doug Chivas,Torana A9X
1978,5,Dick Johnson,Vern Schuppan,Falcon XC
1978,6,Jack Brabham,Brian Muir,Torana A9X
1978,7,Warren Cullen,John Walker,Torana A9X
1978,8,Barry Seton,Don Smith,Torana A9X
1978,9,Rod Stevens,Bill Evans,Escort RS2000
1978,10,Phil Lucas,Steve Masterton,Capri V6
1978,11,Peter Williamson,Mike Quinn,Toyota Celica
1978,12,Terry Shiel,Ross Burbidge,Mazda RX3
1978,13,Terry Daly,Eric Boord,Capri V6
1978,14,Peter Hopwood,Jim Davidson,Capri V6
1978,15,Don Holland,Lawrie Nelson,Capri V6
1978,16,Ray Gulson,Paul Gulson,Alfa 2000GTV
1978,17,Barry Jones,Brian Potts,Mazda RX3
1978,18,Ian Messner,Bill Stanley,Escort RS2000
1978,19,John Harvey,Charlie O'Brien,Torana A9X
1978,20,John Duggan,Brian Wheeler,Mazda RX3
1978,21,Arthur Hardwick,Greg McCombie,Mazda RX3
1978,22,Bob Forbes,Kevin Bartlett,Torana A9X
1978,23,Garry Willmington,Jeff Barnes,Falcon XC
1978,24,Graham Ryan,Philip Arnull,Torana A9X
1978,25,Terry Wade,John Myers,Dolomite Sprint
1978,26,Peter Brown,Graham Ritter,Alfa 2000GTV
1978,27,Nick Louis,Stephen Stockdale,Mazda RX3
1978,28,Bruce Hodgson,Dave Morrow,Ecort RS2000
1978,29,Jeff Harris,Doug Clark,Toyota Celica
1978,30,Rod Donovan,Craig McAllister,Falcon XC
1978,31,Ian Sonneman,John English,Escort RS2000
1978,1000,Hardie-Ferodo 1000 Mount Panorama,Bathurst 1st October,Hardie-Ferodo 1000 Mount Panorama Bathurst 1st October 1978 1978 Hardie-Ferodo 1000 Program Number of Laps: 163 Total Race Time: 6:45:53.9 Fastest lap: Allan Moffat 2:22.0 (156.47 km/h) Classes: Class A - Over 3000cc; Class B - 2001 to 3000cc; Class C - Up to 2000cc Please Note: You can sort this listing by simply clicking on the column heading PLACE DRIVER / CO DRIVER(S) VEHICLE CLASS LAPS QUALIFYING 1 Peter Brock / Jim Richards Torana A9X A 163 0:2:20.6 2 Allan Grice / John Leffler Torana A9X A 162 0:2:25.9 3 Murray Carter / Graeme Lawrence Falcon XC A 160 0:2:50.9 4 Gary Cooke / Doug Chivas Torana A9X A 158 0:2:39.0 5 Dick Johnson / Vern Schuppan Falcon XC A 153 0:2:25.6 6 Jack Brabham / Brian Muir Torana A9X A 153 0:2:25.9 7 Warren Cullen / John Walker Torana A9X A 152 0:2:27.5 8 Barry Seton / Don Smith Torana A9X A 152 0:2:28.3 9 Rod Stevens / Bill Evans Escort RS2000 C 149 0:2:55.5 10 Phil Lucas / Steve Masterton Capri V6 B 149 0:2:56.1 11 Peter Williamson / Mike Quinn Toyota Celica C 149 0:2:54.7 12 Terry Shiel / Ross Burbidge Mazda RX3 B 148 0:2:55.4 13 Terry Daly / Eric Boord Capri V6 B 148 0:2:50.0 14 Peter Hopwood / Jim Davidson Capri V6 B 147 0:2:54.6 15 Don Holland / Lawrie Nelson Capri V6 B 145 0:2:48.4 16 Ray Gulson / Paul Gulson Alfa 2000GTV C 143 0:3:03.6 17 Barry Jones / Brian Potts Mazda RX3 B 142 0:3:06.0 18 Ian Messner / Bill Stanley Escort RS2000 C 142 0:3:00.1 19 John Harvey / Charlie O'Brien Torana A9X A 139 0:2:22.9 20 John Duggan / Brian Wheeler Mazda RX3 B 137 0:2:59.1 21 Arthur Hardwick / Greg McCombie Mazda RX3 B 136 0:2:53.9 22 Bob Forbes / Kevin Bartlett Torana A9X A 136 0:2:27.3 23 Garry Willmington / Jeff Barnes Falcon XC A 136 0:2:36.2 24 Graham Ryan / Philip Arnull Torana A9X A 135 0:2:31.5 25 Terry Wade / John Myers Dolomite Sprint C 134 0:2:59.7 26 Peter Brown / Graham Ritter Alfa 2000GTV C 133 0:2:58.0 27 Nick Louis / Stephen Stockdale Mazda RX3 B 132 0:2:58.6 28 Bruce Hodgson / Dave Morrow Ecort RS2000 C 130 0:2:59.5 29 Jeff Harris / Doug Clark Toyota Celica C 128 0:3:07.6 30 Rod Donovan / Craig McAllister Falcon XC A 125 0:2:36.8 31 Ian Sonneman / John English Escort RS2000 C 121 0:3:00.3 DNF Ralph Radburn / Robyn Hamilton Torana A9X A DNF 0:2:20.6 DNF Sue Ransom / Bill Brown Capri V6 B DNF not available DNF Leo Leonard / Gary Sprague Falcon XC A DNF not available DNF Garth Wigston / Wayne Negus Torana A9X A DNF not available DNF Rod Morris / Terry Finnigan Escort RS2000 C DNF not available DNF Peter Janson / Phil Brock Torana A9X A DNF not available DNF Allan Gough / Kel Gough Holden Gemini C DNF not available DNF Ron Dickson / John McCormack Falcon XC A DNF not available DNF Paul Berthier / Bob Wootton Dolomite Sprint C DNF not available DNF Bob Holden / Lyndon Arnel Escort RS2000 C DNF not available DNF Tim Slako / Colin Hall Torana A9X A DNF not available DNF Alan Cant / Bruce Stewart Capri V6 B DNF not available DNF Rusty French / Graham Moore Falcon XC A DNF not available DNF Greville Arnel / Greg Toepfer Escort RS2000 C DNF not available DNF Dave Clement / Barry Lee Mazda RX3 B DNF not available DNF Allan Moffat / Jacky Ickx Falcon XC A DNF not available DNF Jim Keogh / Grant Walker Falcon XC A DNF not available DNF Bob Morri / John Fitzpatrick Torana A9X A DNF not available DNF Alan Taylor / Kevin Kennedy Torana A9X A DNF not available DNF John Goss / Henri Pescarolo Falcon XC A DNF not available DNF Ray Farrar / Gerry Wittenden Capri V6 B DNF not available DNF Dean Gall / Allan Bryant Mazda RX3 B DNF not available DNF Colin Bond / Fred Gibson Falcon XC A DNF not available DNF John French / Warwick Brown Falcon XC A DNF not available DNF Chris Heyer / Rudi Dahlhauser VW Golf C DNF not available DNF Cam Worner / Geoff Leeds Capri V6 B DNF not available DNF Ian Geoghegan / Garry Rogers Torana A9X A DNF not available DNF Jim Hunter / Barry Lake BMW 3.0Si B DNF not available DNF Phil McDonell / Lynn Brown BMW 3.0Si B DNF not available DNF Alf Grant / Geoff Russell Alfa 2000GTV C DNF not available DNF Derek Bell / Dieter Quester Torana A9X A DNF not available DNF Patrick Neve / Gary Leggatt Alfetta GTV C DNF not available
1978,1000,Hardie-Ferodo 1000 Mount Panorama,Bathurst 1st October,Hardie-Ferodo 1000 Mount Panorama Bathurst 1st October 1978 1978 Hardie-Ferodo 1000 Program Number of Laps: 163 Total Race Time: 6:45:53.9 Fastest lap: Allan Moffat 2:22.0 (156.47 km/h) Classes: Class A - Over 3000cc; Class B - 2001 to 3000cc; Class C - Up to 2000cc Please Note: You can sort this listing by simply clicking on the column heading PLACE DRIVER / CO DRIVER(S) VEHICLE CLASS LAPS QUALIFYING 1 Peter Brock / Jim Richards Torana A9X A 163 0:2:20.6 2 Allan Grice / John Leffler Torana A9X A 162 0:2:25.9 3 Murray Carter / Graeme Lawrence Falcon XC A 160 0:2:50.9 4 Gary Cooke / Doug Chivas Torana A9X A 158 0:2:39.0 5 Dick Johnson / Vern Schuppan Falcon XC A 153 0:2:25.6 6 Jack Brabham / Brian Muir Torana A9X A 153 0:2:25.9 7 Warren Cullen / John Walker Torana A9X A 152 0:2:27.5 8 Barry Seton / Don Smith Torana A9X A 152 0:2:28.3 9 Rod Stevens / Bill Evans Escort RS2000 C 149 0:2:55.5 10 Phil Lucas / Steve Masterton Capri V6 B 149 0:2:56.1 11 Peter Williamson / Mike Quinn Toyota Celica C 149 0:2:54.7 12 Terry Shiel / Ross Burbidge Mazda RX3 B 148 0:2:55.4 13 Terry Daly / Eric Boord Capri V6 B 148 0:2:50.0 14 Peter Hopwood / Jim Davidson Capri V6 B 147 0:2:54.6 15 Don Holland / Lawrie Nelson Capri V6 B 145 0:2:48.4 16 Ray Gulson / Paul Gulson Alfa 2000GTV C 143 0:3:03.6 17 Barry Jones / Brian Potts Mazda RX3 B 142 0:3:06.0 18 Ian Messner / Bill Stanley Escort RS2000 C 142 0:3:00.1 19 John Harvey / Charlie O'Brien Torana A9X A 139 0:2:22.9 20 John Duggan / Brian Wheeler Mazda RX3 B 137 0:2:59.1 21 Arthur Hardwick / Greg McCombie Mazda RX3 B 136 0:2:53.9 22 Bob Forbes / Kevin Bartlett Torana A9X A 136 0:2:27.3 23 Garry Willmington / Jeff Barnes Falcon XC A 136 0:2:36.2 24 Graham Ryan / Philip Arnull Torana A9X A 135 0:2:31.5 25 Terry Wade / John Myers Dolomite Sprint C 134 0:2:59.7 26 Peter Brown / Graham Ritter Alfa 2000GTV C 133 0:2:58.0 27 Nick Louis / Stephen Stockdale Mazda RX3 B 132 0:2:58.6 28 Bruce Hodgson / Dave Morrow Ecort RS2000 C 130 0:2:59.5 29 Jeff Harris / Doug Clark Toyota Celica C 128 0:3:07.6 30 Rod Donovan / Craig McAllister Falcon XC A 125 0:2:36.8 31 Ian Sonneman / John English Escort RS2000 C 121 0:3:00.3 DNF Ralph Radburn / Robyn Hamilton Torana A9X A DNF 0:2:20.6 DNF Sue Ransom / Bill Brown Capri V6 B DNF not available DNF Leo Leonard / Gary Sprague Falcon XC A DNF not available DNF Garth Wigston / Wayne Negus Torana A9X A DNF not available DNF Rod Morris / Terry Finnigan Escort RS2000 C DNF not available DNF Peter Janson / Phil Brock Torana A9X A DNF not available DNF Allan Gough / Kel Gough Holden Gemini C DNF not available DNF Ron Dickson / John McCormack Falcon XC A DNF not available DNF Paul Berthier / Bob Wootton Dolomite Sprint C DNF not available DNF Bob Holden / Lyndon Arnel Escort RS2000 C DNF not available DNF Tim Slako / Colin Hall Torana A9X A DNF not available DNF Alan Cant / Bruce Stewart Capri V6 B DNF not available DNF Rusty French / Graham Moore Falcon XC A DNF not available DNF Greville Arnel / Greg Toepfer Escort RS2000 C DNF not available DNF Dave Clement / Barry Lee Mazda RX3 B DNF not available DNF Allan Moffat / Jacky Ickx Falcon XC A DNF not available DNF Jim Keogh / Grant Walker Falcon XC A DNF not available DNF Bob Morri / John Fitzpatrick Torana A9X A DNF not available DNF Alan Taylor / Kevin Kennedy Torana A9X A DNF not available DNF John Goss / Henri Pescarolo Falcon XC A DNF not available DNF Ray Farrar / Gerry Wittenden Capri V6 B DNF not available DNF Dean Gall / Allan Bryant Mazda RX3 B DNF not available DNF Colin Bond / Fred Gibson Falcon XC A DNF not available DNF John French / Warwick Brown Falcon XC A DNF not available DNF Chris Heyer / Rudi Dahlhauser VW Golf C DNF not available DNF Cam Worner / Geoff Leeds Capri V6 B DNF not available DNF Ian Geoghegan / Garry Rogers Torana A9X A DNF not available DNF Jim Hunter / Barry Lake BMW 3.0Si B DNF not available DNF Phil McDonell / Lynn Brown BMW 3.0Si B DNF not available DNF Alf Grant / Geoff Russell Alfa 2000GTV C DNF not available DNF Derek Bell / Dieter Quester Torana A9X A DNF not available DNF Patrick Neve / Gary Leggatt Alfetta GTV C DNF not available
1978,1000,Hardie-Ferodo 1000 Mount Panorama,Bathurst 1st October,Hardie-Ferodo 1000 Mount Panorama Bathurst 1st October 1978
1978,1000,Hardie-Ferodo 1000 Mount Panorama,Bathurst 1st October,1978 Hardie-Ferodo 1000 Program Number of Laps: 163 Total Race Time: 6:45:53.9 Fastest lap: Allan Moffat 2:22.0 (156.47 km/h) Classes: Class A - Over 3000cc; Class B - 2001 to 3000cc; Class C - Up to 2000cc
1979,1,Peter Brock,Jim Richards,Torana A9X
1979,2,Peter Janson,Larry Perkins,Torana A9X
1979,3,Ralph Radburn,John Smith,Torana A9X
1979,4,Allan Grice,Alfredo Costanzo,Torana A9X
1979,5,Garry Rogers,Bob Stevens,Torana A9X
1979,6,Alan Taylor,Kevin Kennedy,Torana A9X
1979,7,Barry Seton,Don Smith,Torana A9X
1979,8,Charlie O'Brien,Garth Wigston,Torana A9X
1979,9,Peter Williamson,Mike Quinn,Toyota Celica
1979,10,Phil McDonell,Derek Bell,Alfetta GTV
1979,11,Frank Porter,Tony Niovanni,Alfetta GTV
1979,12,Ray Gulson,Paul Gulson,Alfa 2000GTV
1979,13,Barry Lee,John Gates,Mazda RX3
1979,14,Jim Keogh,John Mann,Falcon XC
1979,15,Wally Scott,Peter Walton,Toyota Celica
1979,16,Terry Daly,Eric Boord,Ford Capri
1979,17,Brian Sampson,Alan Browne,Torana A9X
1979,18,Peter Hopwood,Alan Cant,Ford Capri
1979,19,Stephen Stockdale,John Duggan,Mazda RX3
1979,20,Spencer Martin,David McKay,Volvo 242GT
1979,21,David Seldon,Gary Leggatt,Isuzu Gemini
1979,22,Bernie McClure,David Langman,Holden Gemini
1979,23,Jim Faneco,Gary Rowe,Holden Gemini
1979,24,Ken Price,Ian Wells,Holden Gemini
1979,25,Terry Wade,Gerald Kay,Dolomite Sprint
1979,26,Bob Holden,David Earle,Ford Escort 1.6
1979,27,Martin Power,Peter Kuebler,Dolomite Sprint
1979,28,Chris Heyer,Peter Lander,VW Golf
1979,1000,Hardie-Ferodo 1000 Mount Panorama,Bathurst 30th September,Hardie-Ferodo 1000 Mount Panorama Bathurst 30th September 1979 1979 Hardie-Ferodo 1000 Program Number of Laps: 163 Total Race Time: 6:38:15.8 Fastest lap: Peter Brock 2:21.1 (157.47 km/h) Classes: Class A - Over 3000cc; Class B - 2001 to 3000cc; Class C - 1601 to 2000cc; Class D - Up to 1600cc Please Note: You can sort this listing by simply clicking on the column heading PLACE DRIVER / CO DRIVER(S) VEHICLE CLASS LAPS QUALIFYING 1 Peter Brock / Jim Richards Torana A9X A 163 0:2:20.500 2 Peter Janson / Larry Perkins Torana A9X A 157 0:2:26.212 3 Ralph Radburn / John Smith Torana A9X A 155 0:2:42.100 4 Allan Grice /Alfredo Costanzo Torana A9X A 155 0:2:23.539 5 Garry Rogers / Bob Stevens Torana A9X A 152 0:2:25.918 6 Alan Taylor / Kevin Kennedy Torana A9X A 151 0:2:41.000 7 Barry Seton / Don Smith Torana A9X A 148 0:2:41.900 8 Charlie O'Brien / Garth Wigston Torana A9X A 147 0:2:24.579 9 Peter Williamson / Mike Quinn Toyota Celica C 146 0:2:58.200 10 Phil McDonell / Derek Bell Alfetta GTV C 145 0:2:53.600 11 Frank Porter / Tony Niovanni Alfetta GTV C 142 0:3:03.100 12 Ray Gulson / Paul Gulson Alfa 2000GTV C 140 0:3:02.400 13 Barry Lee / John Gates Mazda RX3 B 139 0:2:54.200 14 Jim Keogh / John Mann Falcon XC A 138 0:2:45.200 15 Wally Scott / Peter Walton Toyota Celica C 133 0:3:14.700 16 Terry Daly / Eric Boord Ford Capri B 133 0:2:55.200 17 Brian Sampson / Alan Browne Torana A9X A 133 0:2:43.100 18 Peter Hopwood / Alan Cant Ford Capri B 130 0:2:56.700 19 Stephen Stockdale / John Duggan Mazda RX3 B 130 0:2:55.200 20 Spencer Martin / David McKay Volvo 242GT B 129 0:3:12.600 21 David Seldon / Gary Leggatt Isuzu Gemini D 129 0:3:07.000 22 Bernie McClure / David Langman Holden Gemini D 128 0:3:16.900 23 Jim Faneco / Gary Rowe Holden Gemini D 126 0:3:13.000 24 Ken Price / Ian Wells Holden Gemini D 124 0:3:22.200 25 Terry Wade / Gerald Kay Dolomite Sprint C 120 0:3:03.900 26 Bob Holden / David Earle Ford Escort 1.6 D 116 0:12:16.10 27 Martin Power / Peter Kuebler Dolomite Sprint C 114 0:3:10.100 28 Chris Heyer / Peter Lander VW Golf D 111 0:3:14.700 DNF Allan Moffat / John Fitzpatrick Falcon XC A DNF 0:2:20.500 DNF Steve Masterton / Phil Lucas Ford Capri B DNF not available DNF Fred Gibson / Joe Moore Torana A9X A DNF not available DNF John Goss / Henri Pescarolo Falcon XC A DNF not available DNF Tim Slako / Colin Hall Torana A9X A DNF not available DNF Barry Jones / Terry Finnigan Mazda RX3 B DNF not available DNF Bob Skelton / Don Holland Torana A9X A DNF not available DNF Lawrie Nelson / Tony Farrell Ford Capri B DNF not available DNF Graham Mein / Geoff Russell Escort RS2000 C DNF not available DNF Bob Morris / Dieter Quester Torana A9X A DNF not available DNF Garry Willmington / John Wright Falcon XC A DNF not available DNF Murray Carter / Graeme Lawrence Falcon XC A DNF not available DNF Terry Shiel / Ross Burbidge Mazda RX7 B DNF not available DNF Lakis Manticas / Geoff Leeds Ford Capri B DNF not available DNF John McCormack / Bob Forbes Chev Camaro A DNF not available DNF Bill O'Brien / Ray Winter Falcon XC A DNF not available DNF John Harvey / Ron Harrop Torana A9X A DNF not available DNF Gary Cooke / Warwick Brown Torana A9X A DNF not available DNF Mal Smith / Mal Owen Holden Gemini D DNF not available DNF Graham Bailey / Doug Clark Toyota Celica C DNF not available DNF Mark Thatcher / Kiyoshi Misaki Toyota Corolla D DNF not available DNF Barry Parsons / Tom Rabold Falcon XC A DNF not available DNF Warren Cullen / Graham McRae Torana A9X A DNF not available DNF Rod Stevens / Bill Evans Falcon XC A DNF not available DNF Roger Cartwright / Greg Toepfer Escort RS2000 C DNF not available DNF Dick Johnson / Gary Scott Falcon XC A DNF not available DNF Colin Bond / John French Falcon XC A DNF not available DNF Bill Stanley / Ian Messner Escort RS2000 C DNF not available DNF Ron Wanless / Leo Leonard Falcon XC A DNF not available DNF Ron Dickson / Dick Barbour Chev Camaro A DNF not available DNF Dean Gall / Allan Bryant Mazda RX7 B DNF not available DNF Rusty French / Graham Moore Falcon XC A DNF not available DNF Lynn Brown / Brian Boyd BMW 3.0Si B DNF not available DNF Allan Gough / Kel Gough Holden Gemini D DNF not available
1979,1000,Hardie-Ferodo 1000 Mount Panorama,Bathurst 30th September,Hardie-Ferodo 1000 Mount Panorama Bathurst 30th September 1979 1979 Hardie-Ferodo 1000 Program Number of Laps: 163 Total Race Time: 6:38:15.8 Fastest lap: Peter Brock 2:21.1 (157.47 km/h) Classes: Class A - Over 3000cc; Class B - 2001 to 3000cc; Class C - 1601 to 2000cc; Class D - Up to 1600cc Please Note: You can sort this listing by simply clicking on the column heading PLACE DRIVER / CO DRIVER(S) VEHICLE CLASS LAPS QUALIFYING 1 Peter Brock / Jim Richards Torana A9X A 163 0:2:20.500 2 Peter Janson / Larry Perkins Torana A9X A 157 0:2:26.212 3 Ralph Radburn / John Smith Torana A9X A 155 0:2:42.100 4 Allan Grice /Alfredo Costanzo Torana A9X A 155 0:2:23.539 5 Garry Rogers / Bob Stevens Torana A9X A 152 0:2:25.918 6 Alan Taylor / Kevin Kennedy Torana A9X A 151 0:2:41.000 7 Barry Seton / Don Smith Torana A9X A 148 0:2:41.900 8 Charlie O'Brien / Garth Wigston Torana A9X A 147 0:2:24.579 9 Peter Williamson / Mike Quinn Toyota Celica C 146 0:2:58.200 10 Phil McDonell / Derek Bell Alfetta GTV C 145 0:2:53.600 11 Frank Porter / Tony Niovanni Alfetta GTV C 142 0:3:03.100 12 Ray Gulson / Paul Gulson Alfa 2000GTV C 140 0:3:02.400 13 Barry Lee / John Gates Mazda RX3 B 139 0:2:54.200 14 Jim Keogh / John Mann Falcon XC A 138 0:2:45.200 15 Wally Scott / Peter Walton Toyota Celica C 133 0:3:14.700 16 Terry Daly / Eric Boord Ford Capri B 133 0:2:55.200 17 Brian Sampson / Alan Browne Torana A9X A 133 0:2:43.100 18 Peter Hopwood / Alan Cant Ford Capri B 130 0:2:56.700 19 Stephen Stockdale / John Duggan Mazda RX3 B 130 0:2:55.200 20 Spencer Martin / David McKay Volvo 242GT B 129 0:3:12.600 21 David Seldon / Gary Leggatt Isuzu Gemini D 129 0:3:07.000 22 Bernie McClure / David Langman Holden Gemini D 128 0:3:16.900 23 Jim Faneco / Gary Rowe Holden Gemini D 126 0:3:13.000 24 Ken Price / Ian Wells Holden Gemini D 124 0:3:22.200 25 Terry Wade / Gerald Kay Dolomite Sprint C 120 0:3:03.900 26 Bob Holden / David Earle Ford Escort 1.6 D 116 0:12:16.10 27 Martin Power / Peter Kuebler Dolomite Sprint C 114 0:3:10.100 28 Chris Heyer / Peter Lander VW Golf D 111 0:3:14.700 DNF Allan Moffat / John Fitzpatrick Falcon XC A DNF 0:2:20.500 DNF Steve Masterton / Phil Lucas Ford Capri B DNF not available DNF Fred Gibson / Joe Moore Torana A9X A DNF not available DNF John Goss / Henri Pescarolo Falcon XC A DNF not available DNF Tim Slako / Colin Hall Torana A9X A DNF not available DNF Barry Jones / Terry Finnigan Mazda RX3 B DNF not available DNF Bob Skelton / Don Holland Torana A9X A DNF not available DNF Lawrie Nelson / Tony Farrell Ford Capri B DNF not available DNF Graham Mein / Geoff Russell Escort RS2000 C DNF not available DNF Bob Morris / Dieter Quester Torana A9X A DNF not available DNF Garry Willmington / John Wright Falcon XC A DNF not available DNF Murray Carter / Graeme Lawrence Falcon XC A DNF not available DNF Terry Shiel / Ross Burbidge Mazda RX7 B DNF not available DNF Lakis Manticas / Geoff Leeds Ford Capri B DNF not available DNF John McCormack / Bob Forbes Chev Camaro A DNF not available DNF Bill O'Brien / Ray Winter Falcon XC A DNF not available DNF John Harvey / Ron Harrop Torana A9X A DNF not available DNF Gary Cooke / Warwick Brown Torana A9X A DNF not available DNF Mal Smith / Mal Owen Holden Gemini D DNF not available DNF Graham Bailey / Doug Clark Toyota Celica C DNF not available DNF Mark Thatcher / Kiyoshi Misaki Toyota Corolla D DNF not available DNF Barry Parsons / Tom Rabold Falcon XC A DNF not available DNF Warren Cullen / Graham McRae Torana A9X A DNF not available DNF Rod Stevens / Bill Evans Falcon XC A DNF not available DNF Roger Cartwright / Greg Toepfer Escort RS2000 C DNF not available DNF Dick Johnson / Gary Scott Falcon XC A DNF not available DNF Colin Bond / John French Falcon XC A DNF not available DNF Bill Stanley / Ian Messner Escort RS2000 C DNF not available DNF Ron Wanless / Leo Leonard Falcon XC A DNF not available DNF Ron Dickson / Dick Barbour Chev Camaro A DNF not available DNF Dean Gall / Allan Bryant Mazda RX7 B DNF not available DNF Rusty French / Graham Moore Falcon XC A DNF not available DNF Lynn Brown / Brian Boyd BMW 3.0Si B DNF not available DNF Allan Gough / Kel Gough Holden Gemini D DNF not available
1979,1000,Hardie-Ferodo 1000 Mount Panorama,Bathurst 30th September,Hardie-Ferodo 1000 Mount Panorama Bathurst 30th September 1979
1979,1000,Hardie-Ferodo 1000 Mount Panorama,Bathurst 30th September,1979 Hardie-Ferodo 1000 Program Number of Laps: 163 Total Race Time: 6:38:15.8 Fastest lap: Peter Brock 2:21.1 (157.47 km/h) Classes: Class A - Over 3000cc; Class B - 2001 to 3000cc; Class C - 1601 to 2000cc; Class D - Up to 1600cc
1980,1,Peter Brock,Jim Richards,Commodore VC
1980,2,Peter Janson,Larry Perkins,Commodore VC
1980,3,Ian Geoghegan,Paul Gulson,Commodore VB
1980,4,Alan Browne,Brian Sampson,Commodore VC
1980,5,Charlie O'Brien,Garth Wigston,Commodore VC
1980,6,Garry Rogers,Fred Geissler,Commodore VC
1980,7,Allan Grice,John Smith,Commodore VC
1980,8,Barry Seton,Don Smith,Ford Capri
1980,9,Ron Wanless,Greg Wright,Commodore VC
1980,10,Wayne Negus,Trevor Hine,Commodore VC
1980,11,Kevin Bartlett,Bob Forbes,Chev Camaro
1980,12,Graeme Bailey,Doug Clark,Toyota Celica
1980,13,Steve Masterton,Colin Bond,Ford Capri
1980,14,Graham Mein,Geoff Russell,Escort RS2000
1980,15,Terry Finnigan,Peter Dane,Isuzu Gemini
1980,16,Ian Burrell,Rob Shute,Mitsubishi Lancer
1980,17,Peter Hopwood,Terry Daly,Ford Capri
1980,18,Ron Dickson,Bob Stevens,Chev Camaro
1980,19,Ray Cutchie,Ray Farrar,Escort RS2000
1980,20,Bob Holden,David Earle,Escort 1.6GL
1980,21,Warwick Henderson,Graham Harrison,Alfetta GTV2000
1980,22,Neville Bridges,Sue Ransom,Commodore VB
1980,23,Ray Gulson,Paul Jones,Alfasud Ti1.5
1980,24,Terry Wade,Brian Reed,Dolomite Sprint
1980,25,Bernie McClure,David Langman,Holden Gemini
1980,26,John Faulkner,Gary Dumbrell,Escort RS2000
1980,27,Alan Taylor,Kevin Kennedy,Commodore VB
1980,28,John Gates,Alexandra Surplice,Toyota Corolla
1980,29,Ken Harrison,Ian Wells,Escort 1.6GL
1980,30,Lawrie Nelson,Tony Farrell,Ford Capri
1980,31,Tony Mulvihill,Brian Nightingale,Escort RS2000
1980,32,Bruce Stewart,Cam Worner,Ford Capri
1980,33,Ken Price,Steve Jonas,Isuzu Gemini
1980,34,Allan Gough,Col Spencer,Isuzu Gemini
1980,1000,Hardie-Ferodo 1000 Mount Panorama,Bathurst 5th October,Hardie-Ferodo 1000 Mount Panorama Bathurst 5th October 1980 1980 Hardie-Ferodo 1000 Program Number of Laps: 163 Total Race Time: 6:47:52.7 Fastest lap: Dick Johnson 2:22.2 (156.25 km/h) Classes: Class A - Over 3000cc; Class B - 2001 to 3000cc; Class C - 1601 to 2000cc; Class D - Up to 1600cc Please Note: You can sort this listing by simply clicking on the column heading PLACE DRIVER / CO DRIVER(S) VEHICLE CLASS LAPS QUALIFYING 1 Peter Brock / Jim Richards Commodore VC A 163 0:2:21.815 2 Peter Janson / Larry Perkins Commodore VC A 162 0:2:25.505 3 Ian Geoghegan / Paul Gulson Commodore VB A 159 0:2:28.900 4 Alan Browne / Brian Sampson Commodore VC A 158 0:2:29.900 5 Charlie O'Brien / Garth Wigston Commodore VC A 157 0:2:24.380 6 Garry Rogers / Fred Geissler Commodore VC A 157 0:2:27.452 7 Allan Grice / John Smith Commodore VC A 156 0:2:23.650 8 Barry Seton / Don Smith Ford Capri B 156 0:2:32.400 9 Ron Wanless / Greg Wright Commodore VC A 154 0:2:33.800 10 Wayne Negus / Trevor Hine Commodore VC A 153 0:2:31.100 11 Kevin Bartlett / Bob Forbes Chev Camaro A 152 0:2:20.972 12 Graeme Bailey / Doug Clark Toyota Celica C 148 0:2:37.600 13 Steve Masterton / Colin Bond Ford Capri B 147 0:2:31.000 14 Graham Mein / Geoff Russell Escort RS2000 C 142 0:2:51.000 15 Terry Finnigan / Peter Dane Isuzu Gemini D 140 0:2:53.500 16 Ian Burrell / Rob Shute Mitsubishi Lancer D 139 0:2:53.300 17 Peter Hopwood / Terry Daly Ford Capri B 138 0:2:33.300 18 Ron Dickson / Bob Stevens Chev Camaro A 138 0:2:28.800 19 Ray Cutchie / Ray Farrar Escort RS2000 C 135 0:2:41.100 20 Bob Holden / David Earle Escort 1.6GL D 135 0:2:59.100 21 Warwick Henderson / Graham Harrison Alfetta GTV2000 C 135 0:2:52.800 22 Neville Bridges / Sue Ransom Commodore VB A 134 0:2:49.500 23 Ray Gulson / Paul Jones Alfasud Ti1.5 D 134 0:3:01.500 24 Terry Wade / Brian Reed Dolomite Sprint C 131 0:2:45.700 25 Bernie McClure / David Langman Holden Gemini D 130 0:3:00.700 26 John Faulkner / Gary Dumbrell Escort RS2000 C 129 0:2:45.100 27 Alan Taylor / Kevin Kennedy Commodore VB B 128 0:2:56.900 28 John Gates / Alexandra Surplice Toyota Corolla D 127 not available 29 Ken Harrison / Ian Wells Escort 1.6GL D 126 0:3:02.800 30 Lawrie Nelson / Tony Farrell Ford Capri B 121 0:2:36.500 31 Tony Mulvihill / Brian Nightingale Escort RS2000 C 120 0:3:16.800 32 Bruce Stewart / Cam Worner Ford Capri B 120 0:2:36.400 33 Ken Price / Steve Jonas Isuzu Gemini D 116 0:2:57.200 34 Allan Gough / Col Spencer Isuzu Gemini D 111 0:2:51.800 DNF Gary Cooke / Warwick Brown Commodore VB A DNF 0:2:21.815 DNF Peter Williamson / Mike Quinn Toyota Celica C DNF not available DNF Gerald Kay / Martin Power Dolomite Sprint C DNF not available DNF Roger Cartwright / Rod Stevens Escort RS2000 C DNF not available DNF Jim Faneco / Peter Boston Isuzu Gemini D DNF not available DNF Murray Carter / Graeme Lawrence Falcon XD A DNF not available DNF Barry Jones / Geoff Leeds Mazda RX7 B DNF not available DNF Dick Barbour / Sam Posey Chev Camaro A DNF not available DNF Bob Morris / Allan Moffat Bill O'Brien Falcon XD A DNF not available DNF John Harvey / Ron Harrop Commodore VC A DNF not available DNF Peter McLeod / Mal Brewster Mazda RX7 B DNF not available DNF Chris Heyer / Peter Lander VW Golf D DNF not available DNF Joe Moore / Fred Gibson Falcon XD A DNF not available DNF Stephen Brook / Wally Storey Escort RS2000 C DNF not available DNF Jim Keogh / Ross Mathiesen Falcon XD A DNF not available DNF Garry Willmington / Rod Donovan Falcon XD A DNF not available DNF Phil Lyon / Bill Stanley Commodore VB A DNF not available DNF Allan Bryant / Terry Shiel Mazda RX7 B DNF not available DNF Gary Leggatt / David Seldon Isuzu Gemini C DNF not available DNF Dick Johnson / John French Falcon XD A DNF not available DNF Phil McDonell / Derek Bell Alfetta GTV2000 C DNF not available DNF John Goss / Ron Gillard Jaguar XJ-S A DNF not available DNF Gary Rowe / Geoff Wade Isuzu Gemini D DNF not available DNF Bob Muir / Kingsley Hibbard Falcon XD A DNF not available DNF Allan Moffat / John Fitzpatrick Falcon XD A DNF not available DNF Wally Scott / Peter Walton Toyota Celica C DNF not available
1980,1000,Hardie-Ferodo 1000 Mount Panorama,Bathurst 5th October,Hardie-Ferodo 1000 Mount Panorama Bathurst 5th October 1980 1980 Hardie-Ferodo 1000 Program Number of Laps: 163 Total Race Time: 6:47:52.7 Fastest lap: Dick Johnson 2:22.2 (156.25 km/h) Classes: Class A - Over 3000cc; Class B - 2001 to 3000cc; Class C - 1601 to 2000cc; Class D - Up to 1600cc Please Note: You can sort this listing by simply clicking on the column heading PLACE DRIVER / CO DRIVER(S) VEHICLE CLASS LAPS QUALIFYING 1 Peter Brock / Jim Richards Commodore VC A 163 0:2:21.815 2 Peter Janson / Larry Perkins Commodore VC A 162 0:2:25.505 3 Ian Geoghegan / Paul Gulson Commodore VB A 159 0:2:28.900 4 Alan Browne / Brian Sampson Commodore VC A 158 0:2:29.900 5 Charlie O'Brien / Garth Wigston Commodore VC A 157 0:2:24.380 6 Garry Rogers / Fred Geissler Commodore VC A 157 0:2:27.452 7 Allan Grice / John Smith Commodore VC A 156 0:2:23.650 8 Barry Seton / Don Smith Ford Capri B 156 0:2:32.400 9 Ron Wanless / Greg Wright Commodore VC A 154 0:2:33.800 10 Wayne Negus / Trevor Hine Commodore VC A 153 0:2:31.100 11 Kevin Bartlett / Bob Forbes Chev Camaro A 152 0:2:20.972 12 Graeme Bailey / Doug Clark Toyota Celica C 148 0:2:37.600 13 Steve Masterton / Colin Bond Ford Capri B 147 0:2:31.000 14 Graham Mein / Geoff Russell Escort RS2000 C 142 0:2:51.000 15 Terry Finnigan / Peter Dane Isuzu Gemini D 140 0:2:53.500 16 Ian Burrell / Rob Shute Mitsubishi Lancer D 139 0:2:53.300 17 Peter Hopwood / Terry Daly Ford Capri B 138 0:2:33.300 18 Ron Dickson / Bob Stevens Chev Camaro A 138 0:2:28.800 19 Ray Cutchie / Ray Farrar Escort RS2000 C 135 0:2:41.100 20 Bob Holden / David Earle Escort 1.6GL D 135 0:2:59.100 21 Warwick Henderson / Graham Harrison Alfetta GTV2000 C 135 0:2:52.800 22 Neville Bridges / Sue Ransom Commodore VB A 134 0:2:49.500 23 Ray Gulson / Paul Jones Alfasud Ti1.5 D 134 0:3:01.500 24 Terry Wade / Brian Reed Dolomite Sprint C 131 0:2:45.700 25 Bernie McClure / David Langman Holden Gemini D 130 0:3:00.700 26 John Faulkner / Gary Dumbrell Escort RS2000 C 129 0:2:45.100 27 Alan Taylor / Kevin Kennedy Commodore VB B 128 0:2:56.900 28 John Gates / Alexandra Surplice Toyota Corolla D 127 not available 29 Ken Harrison / Ian Wells Escort 1.6GL D 126 0:3:02.800 30 Lawrie Nelson / Tony Farrell Ford Capri B 121 0:2:36.500 31 Tony Mulvihill / Brian Nightingale Escort RS2000 C 120 0:3:16.800 32 Bruce Stewart / Cam Worner Ford Capri B 120 0:2:36.400 33 Ken Price / Steve Jonas Isuzu Gemini D 116 0:2:57.200 34 Allan Gough / Col Spencer Isuzu Gemini D 111 0:2:51.800 DNF Gary Cooke / Warwick Brown Commodore VB A DNF 0:2:21.815 DNF Peter Williamson / Mike Quinn Toyota Celica C DNF not available DNF Gerald Kay / Martin Power Dolomite Sprint C DNF not available DNF Roger Cartwright / Rod Stevens Escort RS2000 C DNF not available DNF Jim Faneco / Peter Boston Isuzu Gemini D DNF not available DNF Murray Carter / Graeme Lawrence Falcon XD A DNF not available DNF Barry Jones / Geoff Leeds Mazda RX7 B DNF not available DNF Dick Barbour / Sam Posey Chev Camaro A DNF not available DNF Bob Morris / Allan Moffat Bill O'Brien Falcon XD A DNF not available DNF John Harvey / Ron Harrop Commodore VC A DNF not available DNF Peter McLeod / Mal Brewster Mazda RX7 B DNF not available DNF Chris Heyer / Peter Lander VW Golf D DNF not available DNF Joe Moore / Fred Gibson Falcon XD A DNF not available DNF Stephen Brook / Wally Storey Escort RS2000 C DNF not available DNF Jim Keogh / Ross Mathiesen Falcon XD A DNF not available DNF Garry Willmington / Rod Donovan Falcon XD A DNF not available DNF Phil Lyon / Bill Stanley Commodore VB A DNF not available DNF Allan Bryant / Terry Shiel Mazda RX7 B DNF not available DNF Gary Leggatt / David Seldon Isuzu Gemini C DNF not available DNF Dick Johnson / John French Falcon XD A DNF not available DNF Phil McDonell / Derek Bell Alfetta GTV2000 C DNF not available DNF John Goss / Ron Gillard Jaguar XJ-S A DNF not available DNF Gary Rowe / Geoff Wade Isuzu Gemini D DNF not available DNF Bob Muir / Kingsley Hibbard Falcon XD A DNF not available DNF Allan Moffat / John Fitzpatrick Falcon XD A DNF not available DNF Wally Scott / Peter Walton Toyota Celica C DNF not available
1980,1000,Hardie-Ferodo 1000 Mount Panorama,Bathurst 5th October,Hardie-Ferodo 1000 Mount Panorama Bathurst 5th October 1980
1980,1000,Hardie-Ferodo 1000 Mount Panorama,Bathurst 5th October,1980 Hardie-Ferodo 1000 Program Number of Laps: 163 Total Race Time: 6:47:52.7 Fastest lap: Dick Johnson 2:22.2 (156.25 km/h) Classes: Class A - Over 3000cc; Class B - 2001 to 3000cc; Class C - 1601 to 2000cc; Class D - Up to 1600cc
1981,1,Dick Johnson,John French,Falcon XD
1981,2,Bob Morris,John Fitzpatrick,Falcon XD
1981,3,Allan Moffat,Derek Bell,Mazda RX7
1981,4,Garry Rogers,Clive Benson-Brown,Commodore VC
1981,5,Alan Browne,Tony Edmondson,Commodore VC
1981,6,Joe Moore,Christine Gibson,Falcon XD
1981,7,Allan Grice,David Hobbs,BMW 635CSi
1981,8,Colin Bond,Don Smith,Ford Capri
1981,9,Garry Willmington,Mike Griffin,Falcon XD
1981,10,John English,John Donnelly,Falcon XD
1981,11,Steve Masterton,Bruce Stewart,Ford Capri
1981,12,Peter Williamson,John Smith,Toyota Celica
1981,13,Kevin Bartlett,Bob Forbes,Chev Camaro
1981,14,Brian Callaghan,Peter McKay,Falcon XD
1981,15,Alan Taylor,Kevin Kennedy,Commodore VC
1981,16,Ron Dickson,Bob Stevens,Chev Camaro
1981,17,Lawrie Nelson,Peter Jones,Ford Capri
1981,18,John Gates,John Craft,Ford Capri
1981,19,Gary Leggatt,Phil McDonell,Alfetta GTV
1981,20,James Faneco,Allan Gough,Isuzu Gemini
1981,21,Peter Brock,Jim Richards,Commodore VC
1981,22,Rusty French,Leo Leonard,Falcon XD
1981,23,Rod Stevens,Craig Bradtke,Mitsubishi Lancer
1981,24,Tony Mulvihill,Brian Nightingale,Escort RS2000
1981,25,Graham Moore,Steve Dymand,Chev Camaro
1981,26,Peter McLeod,Peter Dane,Mazda RX7
1981,27,Phil Revell,Ron Barnacle,Escort 1.6
1981,28,Bob Muir,Ian Geoghegan,Falcon XD
1981,1000,James Hardie 1000 Mount Panorama,Bathurst 4th October,James Hardie 1000 Mount Panorama Bathurst 4th October 1981 1981 Hardie-Ferodo 1000 Program Number of Laps: 120 Total Race Time: 4:53:52.7 Fastest lap: Dick Johnson 2:20.98 (157.61 km/h) Classes: Class A - 8 or more Cylinders; Class B - 6 Cylinders & Rotaries; Class C - 4 or 5 Cylinders Please Note: You can sort this listing by simply clicking on the column heading PLACE DRIVER / CO DRIVER(S) VEHICLE CLASS LAPS QUALIFYING 1 Dick Johnson / John French Falcon XD A 120 0:2:38.813 2 Bob Morris / John Fitzpatrick Falcon XD A 120 0:2:39.339 3 Allan Moffat / Derek Bell Mazda RX7 B 119 0:2:39.443 4 Garry Rogers / Clive Benson-Brown Commodore VC A 118 0:2:41.315 5 Alan Browne / Tony Edmondson Commodore VC A 117 0:2:25.100 6 Joe Moore / Christine Gibson Falcon XD A 115 0:2:29.900 7 Allan Grice / David Hobbs BMW 635CSi B 113 0:2:26.200 8 Colin Bond / Don Smith Ford Capri B 113 0:2:33.000 9 Garry Willmington / Mike Griffin Falcon XD A 113 0:2:27.300 10 John English / John Donnelly Falcon XD A 112 0:2:29.000 11 Steve Masterton / Bruce Stewart Ford Capri B 111 0:2:33.700 12 Peter Williamson / John Smith Toyota Celica C 111 0:2:34.900 13 Kevin Bartlett / Bob Forbes Chev Camaro A 111 0:2:36.432 14 Brian Callaghan / Peter McKay Falcon XD A 111 0:2:29.400 15 Alan Taylor / Kevin Kennedy Commodore VC A 109 0:2:32.200 16 Ron Dickson / Bob Stevens Chev Camaro A 108 0:2:44.505 17 Lawrie Nelson / Peter Jones Ford Capri B 108 0:2:36.600 18 John Gates / John Craft Ford Capri B 108 0:2:35.700 19 Gary Leggatt / Phil McDonell Alfetta GTV C 107 0:2:42.100 20 James Faneco / Allan Gough Isuzu Gemini C 103 0:2:47.900 21 Peter Brock / Jim Richards Commodore VC A 103 0:2:39.430 22 Rusty French / Leo Leonard Falcon XD A 100 0:2:32.400 23 Rod Stevens / Craig Bradtke Mitsubishi Lancer C 100 0:2:49.300 24 Tony Mulvihill / Brian Nightingale Escort RS2000 C 97 0:2:52.100 25 Graham Moore / Steve Dymand Chev Camaro A 96 0:2:30.700 26 Peter McLeod / Peter Dane Mazda RX7 B 96 0:2:33.200 27 Phil Revell / Ron Barnacle Escort 1.6 C 93 0:2:55.700 28 Bob Muir / Ian Geoghegan Falcon XD A 92 0:2:26.400 DNF Murray Carter / Graeme Lawrence Falcon XD A DNF 0:2:38.813 DNF Alexandra Surplice / Doug Clark Toyota Celica C DNF not available DNF Fred Geissler / Graham Watson Commodore VC A DNF not available DNF Ian Burrell / Rob Shute Mitsubishi Colt C DNF not available DNF Martin Power / Brian Wilsall Dolomite Sprint C DNF not available DNF Ron Wanless / Ralph Radburn Commodore VC A DNF not available DNF Colin Spencer / John White Isuzu Gemini C DNF not available DNF Bill O'Brien / Gary Cooke Falcon XD A DNF not available DNF Barry Jones / Geoff Leeds Mazda RX7 B DNF not available DNF Ray Cutchie / Ray Farrar Escort 1.6 C DNF not available DNF John Goss / Barry Seton Jaguar XJ-S A DNF not available DNF John Faulkner / Gary Dumbrell Escort 2.0GL C DNF not available DNF David Seldon / Gary Rowe Isuzu Gemini C DNF not available DNF Peter Janson / Larry Perkins Commodore VC A DNF not available DNF Masahiro Hasemi / Kazuyoshi Hoshino Nissan Bluebird C DNF not available DNF Terry Daly / Peter Hopwood Ford Capri B DNF not available DNF Allan Bryant / Dean Gall Mazda RX7 B DNF not available DNF Garth Wigston / Steve Harrington Commodore VC A DNF not available DNF Wally Scott / Peter Walton Toyota Celica C DNF not available DNF Warren Cullen / Alan Jones Commodore VC A DNF not available DNF Phil Alexander / Ron Gillard Mazda RX7 B DNF not available DNF Bob Holden / Wally Storey Escort 2.0GL C DNF not available DNF Paul Gulson / Rodney Combs Commodore VB A DNF not available DNF John Harvey / Vern Schuppan Commodore VC A DNF not available DNF Phil Brock / Gary Scott Isuzu Gemini C DNF not available DNF Graeme Bailey / Steve Land Toyota Celica C DNF not available DNF Graham Mein / Geoff Russell Escort RS2000 C DNF not available DNF Fred Gibson / George Fury Nissan Bluebird C DNF not available DNF Terry Finnigan / Ross Wittig Isuzu Gemini C DNF not available DNF Charlie O'Brien / Mike Quinn Commodore VC A DNF not available DNF Terry Shiel / Don Holland Mazda RX7 B DNF not available DNF John Duggan / Michael O'Hehir Mazda RX B DNF not available
1981,1000,James Hardie 1000 Mount Panorama,Bathurst 4th October,James Hardie 1000 Mount Panorama Bathurst 4th October 1981 1981 Hardie-Ferodo 1000 Program Number of Laps: 120 Total Race Time: 4:53:52.7 Fastest lap: Dick Johnson 2:20.98 (157.61 km/h) Classes: Class A - 8 or more Cylinders; Class B - 6 Cylinders & Rotaries; Class C - 4 or 5 Cylinders Please Note: You can sort this listing by simply clicking on the column heading PLACE DRIVER / CO DRIVER(S) VEHICLE CLASS LAPS QUALIFYING 1 Dick Johnson / John French Falcon XD A 120 0:2:38.813 2 Bob Morris / John Fitzpatrick Falcon XD A 120 0:2:39.339 3 Allan Moffat / Derek Bell Mazda RX7 B 119 0:2:39.443 4 Garry Rogers / Clive Benson-Brown Commodore VC A 118 0:2:41.315 5 Alan Browne / Tony Edmondson Commodore VC A 117 0:2:25.100 6 Joe Moore / Christine Gibson Falcon XD A 115 0:2:29.900 7 Allan Grice / David Hobbs BMW 635CSi B 113 0:2:26.200 8 Colin Bond / Don Smith Ford Capri B 113 0:2:33.000 9 Garry Willmington / Mike Griffin Falcon XD A 113 0:2:27.300 10 John English / John Donnelly Falcon XD A 112 0:2:29.000 11 Steve Masterton / Bruce Stewart Ford Capri B 111 0:2:33.700 12 Peter Williamson / John Smith Toyota Celica C 111 0:2:34.900 13 Kevin Bartlett / Bob Forbes Chev Camaro A 111 0:2:36.432 14 Brian Callaghan / Peter McKay Falcon XD A 111 0:2:29.400 15 Alan Taylor / Kevin Kennedy Commodore VC A 109 0:2:32.200 16 Ron Dickson / Bob Stevens Chev Camaro A 108 0:2:44.505 17 Lawrie Nelson / Peter Jones Ford Capri B 108 0:2:36.600 18 John Gates / John Craft Ford Capri B 108 0:2:35.700 19 Gary Leggatt / Phil McDonell Alfetta GTV C 107 0:2:42.100 20 James Faneco / Allan Gough Isuzu Gemini C 103 0:2:47.900 21 Peter Brock / Jim Richards Commodore VC A 103 0:2:39.430 22 Rusty French / Leo Leonard Falcon XD A 100 0:2:32.400 23 Rod Stevens / Craig Bradtke Mitsubishi Lancer C 100 0:2:49.300 24 Tony Mulvihill / Brian Nightingale Escort RS2000 C 97 0:2:52.100 25 Graham Moore / Steve Dymand Chev Camaro A 96 0:2:30.700 26 Peter McLeod / Peter Dane Mazda RX7 B 96 0:2:33.200 27 Phil Revell / Ron Barnacle Escort 1.6 C 93 0:2:55.700 28 Bob Muir / Ian Geoghegan Falcon XD A 92 0:2:26.400 DNF Murray Carter / Graeme Lawrence Falcon XD A DNF 0:2:38.813 DNF Alexandra Surplice / Doug Clark Toyota Celica C DNF not available DNF Fred Geissler / Graham Watson Commodore VC A DNF not available DNF Ian Burrell / Rob Shute Mitsubishi Colt C DNF not available DNF Martin Power / Brian Wilsall Dolomite Sprint C DNF not available DNF Ron Wanless / Ralph Radburn Commodore VC A DNF not available DNF Colin Spencer / John White Isuzu Gemini C DNF not available DNF Bill O'Brien / Gary Cooke Falcon XD A DNF not available DNF Barry Jones / Geoff Leeds Mazda RX7 B DNF not available DNF Ray Cutchie / Ray Farrar Escort 1.6 C DNF not available DNF John Goss / Barry Seton Jaguar XJ-S A DNF not available DNF John Faulkner / Gary Dumbrell Escort 2.0GL C DNF not available DNF David Seldon / Gary Rowe Isuzu Gemini C DNF not available DNF Peter Janson / Larry Perkins Commodore VC A DNF not available DNF Masahiro Hasemi / Kazuyoshi Hoshino Nissan Bluebird C DNF not available DNF Terry Daly / Peter Hopwood Ford Capri B DNF not available DNF Allan Bryant / Dean Gall Mazda RX7 B DNF not available DNF Garth Wigston / Steve Harrington Commodore VC A DNF not available DNF Wally Scott / Peter Walton Toyota Celica C DNF not available DNF Warren Cullen / Alan Jones Commodore VC A DNF not available DNF Phil Alexander / Ron Gillard Mazda RX7 B DNF not available DNF Bob Holden / Wally Storey Escort 2.0GL C DNF not available DNF Paul Gulson / Rodney Combs Commodore VB A DNF not available DNF John Harvey / Vern Schuppan Commodore VC A DNF not available DNF Phil Brock / Gary Scott Isuzu Gemini C DNF not available DNF Graeme Bailey / Steve Land Toyota Celica C DNF not available DNF Graham Mein / Geoff Russell Escort RS2000 C DNF not available DNF Fred Gibson / George Fury Nissan Bluebird C DNF not available DNF Terry Finnigan / Ross Wittig Isuzu Gemini C DNF not available DNF Charlie O'Brien / Mike Quinn Commodore VC A DNF not available DNF Terry Shiel / Don Holland Mazda RX7 B DNF not available DNF John Duggan / Michael O'Hehir Mazda RX B DNF not available
1981,1000,James Hardie 1000 Mount Panorama,Bathurst 4th October,James Hardie 1000 Mount Panorama Bathurst 4th October 1981
1981,1000,James Hardie 1000 Mount Panorama,Bathurst 4th October,1981 Hardie-Ferodo 1000 Program Number of Laps: 120 Total Race Time: 4:53:52.7 Fastest lap: Dick Johnson 2:20.98 (157.61 km/h) Classes: Class A - 8 or more Cylinders; Class B - 6 Cylinders & Rotaries; Class C - 4 or 5 Cylinders
1982,1,Peter Brock,Larry Perkins,Commodore VH
1982,2,Allan Grice,Alan Browne,Commodore VH
1982,3,John Harvey,Gary Scott,Commodore VH
1982,4,Peter Janson,David Parsons,Commodore VH
1982,5,Jim Richards,David Hobbs,BMW 635CSi
1982,6,Allan Moffat,Yoshimi Katayama,Mazda RX7
1982,7,Steve Masterton,Bruce Stewart,Falcon XE
1982,8,Masahiro Hasemi,Kazuyoshi Hoshino,Nissan Bluebird
1982,9,Peter McLeod,Peter Dane,Mazda RX7
1982,10,Phil Alexander,Ron Gillard,Mazda RX7
1982,11,Ron Dickson,Bob Stevens,Chev Camaro
1982,12,Barry Seton,Don Smith,Ford Capri
1982,13,Tony Kavich,Phil Ward,Mazda RX7
1982,14,Les Grose,Alan Cant,Ford Capri
1982,15,Bob Holden,Neville Bridges,Escort 2.0GL
1982,16,Chris Heyer,Peter Lander,Audi 5+5
1982,17,Wally Scott,Peter Walton,Toyota Celica
1982,18,Paul Jones,Bob Skelton,Mazda RX7
1982,19,Ray Gulson,Bruce Lynton,Alfa GTV6
1982,20,Bill O'Brien,Brian Sampson,Falcon XD
1982,21,Geoff Leeds,Peter Fitzgerald,Chev Camaro
1982,22,Greg Toepfer,Ken Mathews,Commodore VH
1982,1000,James Hardie 1000 Mount Panorama,Bathurst 3rd October,James Hardie 1000 Mount Panorama Bathurst 3rd October 1982 1982 Hardie-Ferodo 1000 Program Number of Laps: 163 Total Race Time: 6:32:3.2 Fastest lap: Peter Brock 2:20.1 (158.60 km/h) Classes: Class A - Over 3000cc; Class B - Under 3000cc Please Note: You can sort this listing by simply clicking on the column heading PLACE DRIVER / CO DRIVER(S) VEHICLE CLASS LAPS QUALIFYING 1 Peter Brock / Larry Perkins Commodore VH A 163 0:2:17.836 2 Allan Grice / Alan Browne Commodore VH A 162 0:2:17.501 3 John Harvey / Gary Scott Commodore VH A 162 0:2:19.764 4 Peter Janson / David Parsons Commodore VH A 158 0:2:22.900 5 Jim Richards / David Hobbs BMW 635CSi A 157 0:2:23.800 6 Allan Moffat / Yoshimi Katayama Mazda RX7 A 156 0:2:19.761 7 Steve Masterton / Bruce Stewart Falcon XE A 155 0:2:25.700 8 Masahiro Hasemi / Kazuyoshi Hoshino Nissan Bluebird B 153 0:2:18.870 9 Peter McLeod / Peter Dane Mazda RX7 A 153 0:2:23.100 10 Phil Alexander / Ron Gillard Mazda RX7 A 149 0:2:25.700 11 Ron Dickson / Bob Stevens Chev Camaro A 149 0:2:24.100 12 Barry Seton / Don Smith Ford Capri B 147 0:2:34.400 13 Tony Kavich / Phil Ward Mazda RX7 A 145 0:2:28.300 14 Les Grose / Alan Cant Ford Capri B 144 0:2:36.700 15 Bob Holden / Neville Bridges Escort 2.0GL B 141 0:2:38.800 16 Chris Heyer / Peter Lander Audi 5+5 B 139 0:2:41.300 17 Wally Scott / Peter Walton Toyota Celica B 137 0:2:40.700 18 Paul Jones / Bob Skelton Mazda RX7 A 137 0:2:30.300 19 Ray Gulson / Bruce Lynton Alfa GTV6 B 136 0:2:45.800 20 Bill O'Brien / Brian Sampson Falcon XD A 134 0:2:24.100 21 Geoff Leeds / Peter Fitzgerald Chev Camaro A 134 0:2:24.300 22 Greg Toepfer / Ken Mathews Commodore VH A 130 0:2:29.400 DNF Charlie O'Brien / Clive Benson-Brown Commodore VH A DNF 0:2:17.836 DNF John Craft / Russell Skaife Ford Capri B DNF not available DNF Terry Shiel / Peter Hopwood Mazda RX7 A DNF not available DNF Greg Symes / Bruce Smith Commodore VB A DNF not available DNF John Goss / Bob Tullius Jaguar XJ-S A DNF not available DNF Ron Wanless / Garry Rogers Commodore VH A DNF not available DNF Tony Parkinson / Bernie Stack Commodore VC A DNF not available DNF Ross Burbidge / Craig Kinmonth Mazda RX7 A DNF not available DNF Alan Taylor / Kevin Kennedy Commodore VC A DNF not available DNF James Faneco / Allan Gough Isuzu Gemini B DNF not available DNF Denny Hulme / Stephen Brook BMW 635CSi A DNF not available DNF Steve Harrington / Garth Wigston Commodore VH A DNF not available DNF Alan Jones / Barry Jones Mazda RX7 A DNF not available DNF Joe Moore / Graham Moore Falcon XE A DNF not available DNF Garry Willmington / Mike Griffin Falcon Xd A DNF not available DNF Graeme Bailey / Steve Land Toyota Celica B DNF not available DNF Warren Cullen / Gary Cooke Commodore VH A DNF not available DNF John Donnelly / Ian McGee Falcon XD A DNF not available DNF Alf Grant / Leo Leonard Falcon XD A DNF not available DNF George Fury / Fred Gibson Nissan Bluebird A DNF not available DNF Kevin Bartlett / Colin Bond Chev Camaro A DNF not available DNF Murray Carter / Rusty French Falcon XE A DNF not available DNF John English / Paul Gulson Falcon Xd A DNF not available DNF Lawrie Nelson / Peter Jones Ford Capri B DNF not available DNF Gerry Burges / Lynn Brown Mazda RX7 A DNF not available DNF Terry Finnigan / John Gates Commodore VH A DNF not available DNF Fred Geissler / Ralph Radburn Commodore VH A DNF not available DNF John Duggan / Don Bretland Mazda RX7 A DNF not available DNF Barry Lawrence / Geoff Russell Commodore VH A DNF not available DNF Dick Johnson / John French Falcon XE A DNF not available DNF Brian Callaghan / Bob Muir Falcon XE A DNF not available
1982,1000,James Hardie 1000 Mount Panorama,Bathurst 3rd October,James Hardie 1000 Mount Panorama Bathurst 3rd October 1982 1982 Hardie-Ferodo 1000 Program Number of Laps: 163 Total Race Time: 6:32:3.2 Fastest lap: Peter Brock 2:20.1 (158.60 km/h) Classes: Class A - Over 3000cc; Class B - Under 3000cc Please Note: You can sort this listing by simply clicking on the column heading PLACE DRIVER / CO DRIVER(S) VEHICLE CLASS LAPS QUALIFYING 1 Peter Brock / Larry Perkins Commodore VH A 163 0:2:17.836 2 Allan Grice / Alan Browne Commodore VH A 162 0:2:17.501 3 John Harvey / Gary Scott Commodore VH A 162 0:2:19.764 4 Peter Janson / David Parsons Commodore VH A 158 0:2:22.900 5 Jim Richards / David Hobbs BMW 635CSi A 157 0:2:23.800 6 Allan Moffat / Yoshimi Katayama Mazda RX7 A 156 0:2:19.761 7 Steve Masterton / Bruce Stewart Falcon XE A 155 0:2:25.700 8 Masahiro Hasemi / Kazuyoshi Hoshino Nissan Bluebird B 153 0:2:18.870 9 Peter McLeod / Peter Dane Mazda RX7 A 153 0:2:23.100 10 Phil Alexander / Ron Gillard Mazda RX7 A 149 0:2:25.700 11 Ron Dickson / Bob Stevens Chev Camaro A 149 0:2:24.100 12 Barry Seton / Don Smith Ford Capri B 147 0:2:34.400 13 Tony Kavich / Phil Ward Mazda RX7 A 145 0:2:28.300 14 Les Grose / Alan Cant Ford Capri B 144 0:2:36.700 15 Bob Holden / Neville Bridges Escort 2.0GL B 141 0:2:38.800 16 Chris Heyer / Peter Lander Audi 5+5 B 139 0:2:41.300 17 Wally Scott / Peter Walton Toyota Celica B 137 0:2:40.700 18 Paul Jones / Bob Skelton Mazda RX7 A 137 0:2:30.300 19 Ray Gulson / Bruce Lynton Alfa GTV6 B 136 0:2:45.800 20 Bill O'Brien / Brian Sampson Falcon XD A 134 0:2:24.100 21 Geoff Leeds / Peter Fitzgerald Chev Camaro A 134 0:2:24.300 22 Greg Toepfer / Ken Mathews Commodore VH A 130 0:2:29.400 DNF Charlie O'Brien / Clive Benson-Brown Commodore VH A DNF 0:2:17.836 DNF John Craft / Russell Skaife Ford Capri B DNF not available DNF Terry Shiel / Peter Hopwood Mazda RX7 A DNF not available DNF Greg Symes / Bruce Smith Commodore VB A DNF not available DNF John Goss / Bob Tullius Jaguar XJ-S A DNF not available DNF Ron Wanless / Garry Rogers Commodore VH A DNF not available DNF Tony Parkinson / Bernie Stack Commodore VC A DNF not available DNF Ross Burbidge / Craig Kinmonth Mazda RX7 A DNF not available DNF Alan Taylor / Kevin Kennedy Commodore VC A DNF not available DNF James Faneco / Allan Gough Isuzu Gemini B DNF not available DNF Denny Hulme / Stephen Brook BMW 635CSi A DNF not available DNF Steve Harrington / Garth Wigston Commodore VH A DNF not available DNF Alan Jones / Barry Jones Mazda RX7 A DNF not available DNF Joe Moore / Graham Moore Falcon XE A DNF not available DNF Garry Willmington / Mike Griffin Falcon Xd A DNF not available DNF Graeme Bailey / Steve Land Toyota Celica B DNF not available DNF Warren Cullen / Gary Cooke Commodore VH A DNF not available DNF John Donnelly / Ian McGee Falcon XD A DNF not available DNF Alf Grant / Leo Leonard Falcon XD A DNF not available DNF George Fury / Fred Gibson Nissan Bluebird A DNF not available DNF Kevin Bartlett / Colin Bond Chev Camaro A DNF not available DNF Murray Carter / Rusty French Falcon XE A DNF not available DNF John English / Paul Gulson Falcon Xd A DNF not available DNF Lawrie Nelson / Peter Jones Ford Capri B DNF not available DNF Gerry Burges / Lynn Brown Mazda RX7 A DNF not available DNF Terry Finnigan / John Gates Commodore VH A DNF not available DNF Fred Geissler / Ralph Radburn Commodore VH A DNF not available DNF John Duggan / Don Bretland Mazda RX7 A DNF not available DNF Barry Lawrence / Geoff Russell Commodore VH A DNF not available DNF Dick Johnson / John French Falcon XE A DNF not available DNF Brian Callaghan / Bob Muir Falcon XE A DNF not available
1982,1000,James Hardie 1000 Mount Panorama,Bathurst 3rd October,James Hardie 1000 Mount Panorama Bathurst 3rd October 1982
1982,1000,James Hardie 1000 Mount Panorama,Bathurst 3rd October,1982 Hardie-Ferodo 1000 Program Number of Laps: 163 Total Race Time: 6:32:3.2 Fastest lap: Peter Brock 2:20.1 (158.60 km/h) Classes: Class A - Over 3000cc; Class B - Under 3000cc
1983,1,Peter Brock,Larry Perkins,Commodore VH
1983,2,Allan Moffat,Yoshimi Katayama,Mazda RX7
1983,3,Allan Grice,Colin Bond,Commodore VH
1983,4,Garth Wigston,Steve Harrington,Commodore VH
1983,5,Peter McLeod,Graeme Bailey,Mazda RX7
1983,6,Jim Keogh,Leo Leonard,Commodore VH
1983,7,Alf Grant,David Seldon,Falcon XD
1983,8,Bob Morris,Rusty French,Commodore VH
1983,9,Phil Alexander,Ron Gillard,Mazda RX7
1983,10,Andrew Harris,Gary Cooke,Commodore VH
1983,11,Barry Jones,Rod Millen,Mazda RX7
1983,12,Garry Rogers,Clive Benson-Brown,Commodore VH
1983,13,Garry Willmington,Mike Griffin,Falcon XD
1983,14,Alan Taylor,Kevin Kennedy,Commodore VH
1983,15,Les Grose,Alan Cant,Ford Capri
1983,16,Greg Syme,Bruce Smith,Commodore VH
1983,17,Ray Gulson,Gerard Murphy,Alfa GTV6
1983,18,Tony Mulvihill,John Murden,Mazda RX7
1983,19,Bill O'Brien,Brian Sampson,Falcon XD
1983,20,Brian Callaghan,Barry Graham,Falcon XE
1983,21,Johnnie Walker,Gene Cook,Mazda RX7
1983,22,Fred Gibson,John French,Nissan Bluebird
1983,23,Ken Mathews,Greg Toepfer,Commodore VH
1983,24,Chris Heyer,Don Bretland,Audi 5+5
1983,25,John White,Bernie McClure,Isuzu Gemini
1983,26,Lawrie Nelson,Peter Jones,Ford Capri
1983,1000,James Hardie 1000 Mount Panorama,Bathurst 2nd October,James Hardie 1000 Mount Panorama Bathurst 2nd October 1983 1983 Hardie-Ferodo 1000 Program Number of Laps: 163 Total Race Time: 6:28:31.6 Fastest lap: Peter Brock 2:18.5 (160.43 km/h) Classes: Class A - Over 3000cc; Class B - Under 3000cc Please Note: You can sort this listing by simply clicking on the column heading PLACE DRIVER / CO DRIVER(S) VEHICLE CLASS LAPS QUALIFYING 1 Peter Brock / Larry Perkins / John Harvey Commodore VH A 163 0:2:18.549 2 Allan Moffat / Yoshimi Katayama Mazda RX7 A 162 0:2:19.800 3 Allan Grice / Colin Bond Commodore VH A 160 0:2:18.963 4 Garth Wigston / Steve Harrington Commodore VH A 158 0:2:19.200 5 Peter McLeod / Graeme Bailey Mazda RX7 A 158 0:2:21.200 6 Jim Keogh / Leo Leonard Commodore VH A 157 0:2:20.100 7 Alf Grant / David Seldon Falcon XD A 156 0:2:22.200 8 Bob Morris / Rusty French Commodore VH A 154 0:2:21.184 9 Phil Alexander / Ron Gillard Mazda RX7 A 153 0:2:22.000 10 Andrew Harris / Gary Cooke Commodore VH A 151 0:2:23.100 11 Barry Jones / Rod Millen Mazda RX7 A 151 0:2:28.200 12 Garry Rogers / Clive Benson-Brown Commodore VH A 149 0:2:18.648 13 Garry Willmington / Mike Griffin Falcon XD A 147 0:2:25.000 14 Alan Taylor / Kevin Kennedy Commodore VH A 146 0:2:25.500 15 Les Grose / Alan Cant Ford Capri B 144 0:2:33.700 16 Greg Syme / Bruce Smith Commodore VH A 141 0:2:24.600 17 Ray Gulson / Gerard Murphy Alfa GTV6 B 141 0:2:39.400 18 Tony Mulvihill / John Murden Mazda RX7 A 138 0:2:38.000 19 Bill O'Brien / Brian Sampson Falcon XD A 136 0:2:21.400 20 Brian Callaghan / Barry Graham Falcon XE A 136 0:2:22.500 21 Johnnie Walker / Gene Cook Mazda RX7 A 135 0:2:32.500 22 Fred Gibson / John French Nissan Bluebird A 134 0:2:21.100 23 Ken Mathews / Greg Toepfer Commodore VH A 132 0:2:21.900 24 Chris Heyer / Don Bretland Audi 5+5 B 132 0:2:44.200 25 John White / Bernie McClure Isuzu Gemini B 125 0:2:39.800 26 Lawrie Nelson / Peter Jones Ford Capri B 114 0:2:33.900 DNF Barry Seton / Glenn Seton Ford Capri B DNF 0:2:18.549 DNF George Fury / Gary Scott Nissan Bluebird A DNF not available DNF Terry Shiel / Wally Storey Mazda RX7 A DNF not available DNF Mike Burgmann / Tony Longhurst Chev Camaro A DNF not available DNF Fred Geissler / Ralph Radburn Commodore VH A DNF not available DNF Warren Cullen / Ron Harrop Commodore VH A DNF not available DNF Peter Janson / David Parsons Commodore VH A DNF not available DNF Terry Ryan / Graham Storah Mazda RX7 A DNF not available DNF Andrew Manson / Geoffrey Manson Commodore VH A DNF not available DNF Bernie Stack / Bob Jennings Commodore VH A DNF not available DNF Terry Finnigan / Geoff Leeds Commodore VH A DNF not available DNF Laurie Hazelton / Jerry Strauberg Ford Capri B DNF not available DNF Dick Johnson / Kevin Bartlett Falcon XE A DNF not available DNF Gregg Hansford / Garry Waldon Mazda RX7 A DNF not available DNF John Donnelly / Kerry Baily Falcon XD A DNF not available DNF Gerry Burges / Roger Mandeville Mazda RX7 A DNF not available DNF John English / Paul Gulson Falcon XD A DNF not available DNF Ron Dickson / Bob Stevens Mazda RX7 A DNF not available DNF Joe Moore / Graham Moore Falcon XE A DNF not available DNF Steve Masterton / Bruce Stewart Falcon XE A DNF not available DNF Murray Carter / David Clement Mazda RX7 A DNF not available DNF Christine Gibson / Bob Muir Pulsar Exa B DNF not available DNF Peter Brock / Larry Perkins Commodore VH A DNF not available DNF John Bundy / Norm Carr Mazda RX7 A DNF not available DNF Jim Richards / Frank Gardner BMW 635CSi A DNF not available DNF Gary Hinton / Lester Smerdon Commodore VC A DNF not available DNF John Craft / Don Smith Ford Capri B DNF not available DNF Tony Hubbard / Jim Faneco Falcon XE A DNF not available DNF Ron Grose / David Grose Mazda RX7 A DNF not available
1983,1000,James Hardie 1000 Mount Panorama,Bathurst 2nd October,James Hardie 1000 Mount Panorama Bathurst 2nd October 1983 1983 Hardie-Ferodo 1000 Program Number of Laps: 163 Total Race Time: 6:28:31.6 Fastest lap: Peter Brock 2:18.5 (160.43 km/h) Classes: Class A - Over 3000cc; Class B - Under 3000cc Please Note: You can sort this listing by simply clicking on the column heading PLACE DRIVER / CO DRIVER(S) VEHICLE CLASS LAPS QUALIFYING 1 Peter Brock / Larry Perkins / John Harvey Commodore VH A 163 0:2:18.549 2 Allan Moffat / Yoshimi Katayama Mazda RX7 A 162 0:2:19.800 3 Allan Grice / Colin Bond Commodore VH A 160 0:2:18.963 4 Garth Wigston / Steve Harrington Commodore VH A 158 0:2:19.200 5 Peter McLeod / Graeme Bailey Mazda RX7 A 158 0:2:21.200 6 Jim Keogh / Leo Leonard Commodore VH A 157 0:2:20.100 7 Alf Grant / David Seldon Falcon XD A 156 0:2:22.200 8 Bob Morris / Rusty French Commodore VH A 154 0:2:21.184 9 Phil Alexander / Ron Gillard Mazda RX7 A 153 0:2:22.000 10 Andrew Harris / Gary Cooke Commodore VH A 151 0:2:23.100 11 Barry Jones / Rod Millen Mazda RX7 A 151 0:2:28.200 12 Garry Rogers / Clive Benson-Brown Commodore VH A 149 0:2:18.648 13 Garry Willmington / Mike Griffin Falcon XD A 147 0:2:25.000 14 Alan Taylor / Kevin Kennedy Commodore VH A 146 0:2:25.500 15 Les Grose / Alan Cant Ford Capri B 144 0:2:33.700 16 Greg Syme / Bruce Smith Commodore VH A 141 0:2:24.600 17 Ray Gulson / Gerard Murphy Alfa GTV6 B 141 0:2:39.400 18 Tony Mulvihill / John Murden Mazda RX7 A 138 0:2:38.000 19 Bill O'Brien / Brian Sampson Falcon XD A 136 0:2:21.400 20 Brian Callaghan / Barry Graham Falcon XE A 136 0:2:22.500 21 Johnnie Walker / Gene Cook Mazda RX7 A 135 0:2:32.500 22 Fred Gibson / John French Nissan Bluebird A 134 0:2:21.100 23 Ken Mathews / Greg Toepfer Commodore VH A 132 0:2:21.900 24 Chris Heyer / Don Bretland Audi 5+5 B 132 0:2:44.200 25 John White / Bernie McClure Isuzu Gemini B 125 0:2:39.800 26 Lawrie Nelson / Peter Jones Ford Capri B 114 0:2:33.900 DNF Barry Seton / Glenn Seton Ford Capri B DNF 0:2:18.549 DNF George Fury / Gary Scott Nissan Bluebird A DNF not available DNF Terry Shiel / Wally Storey Mazda RX7 A DNF not available DNF Mike Burgmann / Tony Longhurst Chev Camaro A DNF not available DNF Fred Geissler / Ralph Radburn Commodore VH A DNF not available DNF Warren Cullen / Ron Harrop Commodore VH A DNF not available DNF Peter Janson / David Parsons Commodore VH A DNF not available DNF Terry Ryan / Graham Storah Mazda RX7 A DNF not available DNF Andrew Manson / Geoffrey Manson Commodore VH A DNF not available DNF Bernie Stack / Bob Jennings Commodore VH A DNF not available DNF Terry Finnigan / Geoff Leeds Commodore VH A DNF not available DNF Laurie Hazelton / Jerry Strauberg Ford Capri B DNF not available DNF Dick Johnson / Kevin Bartlett Falcon XE A DNF not available DNF Gregg Hansford / Garry Waldon Mazda RX7 A DNF not available DNF John Donnelly / Kerry Baily Falcon XD A DNF not available DNF Gerry Burges / Roger Mandeville Mazda RX7 A DNF not available DNF John English / Paul Gulson Falcon XD A DNF not available DNF Ron Dickson / Bob Stevens Mazda RX7 A DNF not available DNF Joe Moore / Graham Moore Falcon XE A DNF not available DNF Steve Masterton / Bruce Stewart Falcon XE A DNF not available DNF Murray Carter / David Clement Mazda RX7 A DNF not available DNF Christine Gibson / Bob Muir Pulsar Exa B DNF not available DNF Peter Brock / Larry Perkins Commodore VH A DNF not available DNF John Bundy / Norm Carr Mazda RX7 A DNF not available DNF Jim Richards / Frank Gardner BMW 635CSi A DNF not available DNF Gary Hinton / Lester Smerdon Commodore VC A DNF not available DNF John Craft / Don Smith Ford Capri B DNF not available DNF Tony Hubbard / Jim Faneco Falcon XE A DNF not available DNF Ron Grose / David Grose Mazda RX7 A DNF not available
1983,1000,James Hardie 1000 Mount Panorama,Bathurst 2nd October,James Hardie 1000 Mount Panorama Bathurst 2nd October 1983
1983,1000,James Hardie 1000 Mount Panorama,Bathurst 2nd October,1983 Hardie-Ferodo 1000 Program Number of Laps: 163 Total Race Time: 6:28:31.6 Fastest lap: Peter Brock 2:18.5 (160.43 km/h) Classes: Class A - Over 3000cc; Class B - Under 3000cc
1984,1,Peter Brock,Larry Perkins,Commodore VK
1984,2,John Harvey,David Parsons,Commodore VK
1984,3,Gregg Hansford,Allan Moffat,Mazda RX7
1984,4,Warren Cullen,Alan Jones,Commodore VK
1984,5,Barry Lawrence,Alan Browne,Commodore VH
1984,6,Rusty French,Geoff Russell,Commodore VH
1984,7,Brian Callaghan,Barry Graham,Falcon XE
1984,8,Mike Burgmann,Bob Stevens,Mazda RX7
1984,9,Ron Gillard,Mark Gibbs,Mazda RX7
1984,10,Alf Grant,Craig Harris,Falcon XD
1984,11,Fred Geissler,Ralph Radburn,Commodore VH
1984,12,Jeff Allam,Armin Hahne,Rover Vitesse
1984,13,Ken Mathews,Greg Toepfer,Commodore VH
1984,14,Graham Lusty,John Lusty,Commodore VH
1984,15,Denny Hulme,Leopold von Bayern,BMW 635CSi
1984,16,George Fury,Gary Scott,Nissan Bluebird
1984,17,Lester Smerdon,Wayne Park,Commodore VK
1984,18,Tony Mulvihill,Brian Nightingale,Mazda RX7
1984,19,Graham Stones,Ian Stones,Mazda RX7
1984,20,Barry Seton,Don Smith,Ford Mustang
1984,21,John Craft,Les Grose,Ford Capri
1984,22,Ray Gulson,Grant O'Donnell,Alfa GTV6
1984,23,Alan Taylor,Kevin Kennedy,Commodore VH
1984,24,Bernie Stack,Wayne Clift,Commodore VH
1984,25,Colin Campbell,John Faulkner,Commodore VH
1984,26,Bob Holden,Alexandra Surplice,Toyota Sprinter
1984,27,Chris Clearihan,David Grose,Mazda RX7
1984,28,Chris Heyer,Gerard Murphy,Audi 5+5
1984,29,Steve Soper,Ron Dickson,Rover Vitesse
1984,1000,James Hardie 1000 Mount Panorama,Bathurst 30th September,James Hardie 1000 Mount Panorama Bathurst 30th September 1984 1984 Hardie-Ferodo 1000 Program Number of Laps: 163 Total Race Time: 6:23:13.6 Fastest lap: Peter Brock 2:15.13 (164.43 km/h) Classes: Class A - Group C; Class B - Group A Please Note: You can sort this listing by simply clicking on the column heading PLACE DRIVER / CO DRIVER(S) VEHICLE CLASS LAPS QUALIFYING 1 Peter Brock / Larry Perkins Commodore VK A 163 0:2:14.390 2 John Harvey / David Parsons Commodore VK A 161 0:2:17.600 3 Gregg Hansford / Allan Moffat Mazda RX7 A 161 0:2:18.510 4 Warren Cullen / Alan Jones Commodore VK A 161 0:2:17.630 5 Barry Lawrence / Alan Browne Commodore VH A 158 0:2:18.360 6 Rusty French / Geoff Russell Commodore VH A 154 0:2:22.130 7 Brian Callaghan / Barry Graham Falcon XE A 154 0:2:20.700 8 Mike Burgmann / Bob Stevens Mazda RX7 A 153 0:2:23.820 9 Ron Gillard / Mark Gibbs Mazda RX7 A 153 0:2:18.990 10 Alf Grant / Craig Harris Falcon XD A 153 0:2:24.450 11 Fred Geissler / Ralph Radburn Commodore VH A 153 0:2:21.250 12 Jeff Allam / Armin Hahne Rover Vitesse B 152 0:2:23.410 13 Ken Mathews / Greg Toepfer Commodore VH A 151 0:2:22.160 14 Graham Lusty / John Lusty Commodore VH A 148 0:2:33.400 15 Denny Hulme / Leopold von Bayern BMW 635CSi B 148 0:2:28.640 16 George Fury / Gary Scott Nissan Bluebird A 146 0:2:13.850 17 Lester Smerdon / Wayne Park Commodore VK A 145 0:2:32.200 18 Tony Mulvihill / Brian Nightingale Mazda RX7 A 140 0:2:26.110 19 Graham Stones / Ian Stones Mazda RX7 A 138 0:2:28.700 20 Barry Seton / Don Smith Ford Mustang B 136 0:2:35.170 21 John Craft / Les Grose Ford Capri B 135 0:2:38.580 22 Ray Gulson / Grant O'Donnell Alfa GTV6 B 131 0:2:37.420 23 Alan Taylor / Kevin Kennedy Commodore VH A 130 0:2:22.300 24 Bernie Stack / Wayne Clift / Terry Shiel Commodore VH A 130 0:2:20.330 25 Colin Campbell / John Faulkner Commodore VH A 127 0:2:24.100 26 Bob Holden / Alexandra Surplice Toyota Sprinter B 125 0:2:46.540 27 Chris Clearihan / David Grose Mazda RX7 A 123 0:2:29.460 28 Chris Heyer / Gerard Murphy Audi 5+5 B 117 0:2:49.780 29 Steve Soper / Ron Dickson Rover Vitesse B 116 0:2:23.690 DNF Bruce Smith / Graeme Waswo Commodore VH A DNF 0:2:14.390 DNF John Donnelly / Simon Harrex Falcon XD A DNF not available DNF Bryan Thomson / John Mann Chev Camaro A DNF not available DNF Laurie Hazelto / Jerry Strauberg Ford Capri B DNF not available DNF Tony Kavich / Phil Alexander Mazda RX7 A DNF not available DNF Graham Moore / Peter McKay Mazda RX7 A DNF not available DNF Colin Bond / Alfredo Costanzo Alfa GTV6 B DNF not available DNF Joe Moore / Bob Muir Falcon XE A DNF not available DNF Peter Janson / Garry Rogers Commodore VH A DNF not available DNF Dick Johnson / John French Falcon XE A DNF not available DNF Bill O'Brien / Gary Cooke Falcon XD A DNF not available DNF John Smith / Stephen Brook Toyota Sprinter B DNF not available DNF Bob Morris / Barry Jones Mazda RX7 A DNF not available DNF Greville Arnel / Lyndon Arnel Mitsubishi Starion B DNF not available DNF Paul Jones / Peter Hopwood Falcon XE A DNF not available DNF John Bundy / Norm Carr Mazda RX7 A DNF not available DNF Chris Gibson / Glenn Seton Nissan Exa A DNF not available DNF Allan Grice / Steve Harrington Commodore VK A DNF not available DNF Andrew Harris / Ron Harrop Commodore VH A DNF not available DNF Terry Finnigan / Geoff Leeds Commodore VH A DNF not available DNF Jim Richards / Tony Longhurst BMW 635CSi A DNF not available DNF Peter McLeod / Graeme Bailey Mazda RX7 A DNF not available DNF Garry Willmington / Mike Griffin Falcon XD A DNF not available DNF John English / Paul Gulson Falcon XD A DNF not available DNF Kevin Bartlett / Peter Fitzgerald Mitsubishi Starion B DNF not available DNF Jim Keogh / Terry Shiel Commodore VH A DNF not available DNF Steve Masterton / Bruce Stewart Falcon XE A DNF not available DNF Allan Moffat / Gregg Hansford Mazda RX7 A DNF not available DNF Steve Harrington / Allan Grice Commodore VH A DNF not available DNF Lawrie Nelso /Peter Jones Ford Mustang B DNF not available DNF Murray Carter / John Murden Mazda RX7 A DNF not available DNF Tom Walkinshaw / John Goss Jaguar XJ-S A DNF not available DNF John Tesoriero / Bob Tindal Chev Camaro A DNF not available DNF Peter Williamson / Charlie O'Brien Toyota Supra B DNF not available
1984,1000,James Hardie 1000 Mount Panorama,Bathurst 30th September,James Hardie 1000 Mount Panorama Bathurst 30th September 1984 1984 Hardie-Ferodo 1000 Program Number of Laps: 163 Total Race Time: 6:23:13.6 Fastest lap: Peter Brock 2:15.13 (164.43 km/h) Classes: Class A - Group C; Class B - Group A Please Note: You can sort this listing by simply clicking on the column heading PLACE DRIVER / CO DRIVER(S) VEHICLE CLASS LAPS QUALIFYING 1 Peter Brock / Larry Perkins Commodore VK A 163 0:2:14.390 2 John Harvey / David Parsons Commodore VK A 161 0:2:17.600 3 Gregg Hansford / Allan Moffat Mazda RX7 A 161 0:2:18.510 4 Warren Cullen / Alan Jones Commodore VK A 161 0:2:17.630 5 Barry Lawrence / Alan Browne Commodore VH A 158 0:2:18.360 6 Rusty French / Geoff Russell Commodore VH A 154 0:2:22.130 7 Brian Callaghan / Barry Graham Falcon XE A 154 0:2:20.700 8 Mike Burgmann / Bob Stevens Mazda RX7 A 153 0:2:23.820 9 Ron Gillard / Mark Gibbs Mazda RX7 A 153 0:2:18.990 10 Alf Grant / Craig Harris Falcon XD A 153 0:2:24.450 11 Fred Geissler / Ralph Radburn Commodore VH A 153 0:2:21.250 12 Jeff Allam / Armin Hahne Rover Vitesse B 152 0:2:23.410 13 Ken Mathews / Greg Toepfer Commodore VH A 151 0:2:22.160 14 Graham Lusty / John Lusty Commodore VH A 148 0:2:33.400 15 Denny Hulme / Leopold von Bayern BMW 635CSi B 148 0:2:28.640 16 George Fury / Gary Scott Nissan Bluebird A 146 0:2:13.850 17 Lester Smerdon / Wayne Park Commodore VK A 145 0:2:32.200 18 Tony Mulvihill / Brian Nightingale Mazda RX7 A 140 0:2:26.110 19 Graham Stones / Ian Stones Mazda RX7 A 138 0:2:28.700 20 Barry Seton / Don Smith Ford Mustang B 136 0:2:35.170 21 John Craft / Les Grose Ford Capri B 135 0:2:38.580 22 Ray Gulson / Grant O'Donnell Alfa GTV6 B 131 0:2:37.420 23 Alan Taylor / Kevin Kennedy Commodore VH A 130 0:2:22.300 24 Bernie Stack / Wayne Clift / Terry Shiel Commodore VH A 130 0:2:20.330 25 Colin Campbell / John Faulkner Commodore VH A 127 0:2:24.100 26 Bob Holden / Alexandra Surplice Toyota Sprinter B 125 0:2:46.540 27 Chris Clearihan / David Grose Mazda RX7 A 123 0:2:29.460 28 Chris Heyer / Gerard Murphy Audi 5+5 B 117 0:2:49.780 29 Steve Soper / Ron Dickson Rover Vitesse B 116 0:2:23.690 DNF Bruce Smith / Graeme Waswo Commodore VH A DNF 0:2:14.390 DNF John Donnelly / Simon Harrex Falcon XD A DNF not available DNF Bryan Thomson / John Mann Chev Camaro A DNF not available DNF Laurie Hazelto / Jerry Strauberg Ford Capri B DNF not available DNF Tony Kavich / Phil Alexander Mazda RX7 A DNF not available DNF Graham Moore / Peter McKay Mazda RX7 A DNF not available DNF Colin Bond / Alfredo Costanzo Alfa GTV6 B DNF not available DNF Joe Moore / Bob Muir Falcon XE A DNF not available DNF Peter Janson / Garry Rogers Commodore VH A DNF not available DNF Dick Johnson / John French Falcon XE A DNF not available DNF Bill O'Brien / Gary Cooke Falcon XD A DNF not available DNF John Smith / Stephen Brook Toyota Sprinter B DNF not available DNF Bob Morris / Barry Jones Mazda RX7 A DNF not available DNF Greville Arnel / Lyndon Arnel Mitsubishi Starion B DNF not available DNF Paul Jones / Peter Hopwood Falcon XE A DNF not available DNF John Bundy / Norm Carr Mazda RX7 A DNF not available DNF Chris Gibson / Glenn Seton Nissan Exa A DNF not available DNF Allan Grice / Steve Harrington Commodore VK A DNF not available DNF Andrew Harris / Ron Harrop Commodore VH A DNF not available DNF Terry Finnigan / Geoff Leeds Commodore VH A DNF not available DNF Jim Richards / Tony Longhurst BMW 635CSi A DNF not available DNF Peter McLeod / Graeme Bailey Mazda RX7 A DNF not available DNF Garry Willmington / Mike Griffin Falcon XD A DNF not available DNF John English / Paul Gulson Falcon XD A DNF not available DNF Kevin Bartlett / Peter Fitzgerald Mitsubishi Starion B DNF not available DNF Jim Keogh / Terry Shiel Commodore VH A DNF not available DNF Steve Masterton / Bruce Stewart Falcon XE A DNF not available DNF Allan Moffat / Gregg Hansford Mazda RX7 A DNF not available DNF Steve Harrington / Allan Grice Commodore VH A DNF not available DNF Lawrie Nelso /Peter Jones Ford Mustang B DNF not available DNF Murray Carter / John Murden Mazda RX7 A DNF not available DNF Tom Walkinshaw / John Goss Jaguar XJ-S A DNF not available DNF John Tesoriero / Bob Tindal Chev Camaro A DNF not available DNF Peter Williamson / Charlie O'Brien Toyota Supra B DNF not available
1984,1000,James Hardie 1000 Mount Panorama,Bathurst 30th September,James Hardie 1000 Mount Panorama Bathurst 30th September 1984
1984,1000,James Hardie 1000 Mount Panorama,Bathurst 30th September,1984 Hardie-Ferodo 1000 Program Number of Laps: 163 Total Race Time: 6:23:13.6 Fastest lap: Peter Brock 2:15.13 (164.43 km/h) Classes: Class A - Group C; Class B - Group A
1985,1,John Goss,Armin Hahne,Jaguar XJ-S
1985,2,Roberto Ravaglia,Johnny Cecotto,BMW 635CSi
1985,3,Tom Walkinshaw,Win Percy,Jaguar XJ-S
1985,4,Jim Richards,Tony Longhurst,BMW 635CSi
1985,5,Kent Baigent,Neal Lowe,BMW 635CSi
1985,6,Jim Keogh,Garry Rogers,BMW 635CSi
1985,7,Dick Johnson,Larry Perkins,Ford Mustang
1985,8,Colin Bond,Gregg Hansford,Alfa GTV6
1985,9,Kevin Bartlett,Peter McKay,Mitsubishi Starion
1985,10,Barry Jones,Tony Mulvihill,Commodore VK
1985,11,Tony Kavich,Ralph Radburn,Commodore VK
1985,12,Terry Finnigan,Barry Lawrence,Commodore VK
1985,13,Tim Slako,Geoff Leeds,Rover Vitesse
1985,14,Garry Willmington,Peter Janson,Jaguar XJ-S
1985,15,Ken Mathews,Bob Muir,Commodore VK
1985,16,Ray Gulson,Frank Porter,Alfa GTV6
1985,17,John Smith,Drew Price,Toyota Corolla
1985,18,Lester Smerdon,Geoff Russell,Commodore VK
1985,19,Andrew Harris,Greville Arnel,Mitsubishi Starion
1985,20,Graeme Bowkett,Wayne Wilkinson,Commodore VK
1985,21,Chris Heyer,Graham McGregor,Audi 5+5
1985,22,Graham Lusty,Ken Lusty,Commodore VK
1985,23,Alan Taylor,Kevin Kennedy,Commodore VK
1985,1000,James Hardie 1000 Mount Panorama,Bathurst 6th October,James Hardie 1000 Mount Panorama Bathurst 6th October 1985 Number of Laps: 163 Total Race Time: 6:41:30.19 Fastest lap: John Goss / Armin Hahne 2:21.86 (156.63 km/h) Classes: Class A - Up to 2000cc; Class B - 2001 to 3000cc; Class C - Over 3000cc Please Note: You can sort this listing by simply clicking on the column heading PLACE DRIVER / CO DRIVER(S) VEHICLE CLASS LAPS QUALIFYING 1 John Goss / Armin Hahne Jaguar XJ-S C 163 0:2:20.919 2 Roberto Ravaglia / Johnny Cecotto BMW 635CSi C 163 0:2:22.874 3 Tom Walkinshaw / Win Percy Jaguar XJ-S C 160 0:2:18.822 4 Jim Richards / Tony Longhurst BMW 635CSi C 160 0:2:21.396 5 Kent Baigent / Neal Lowe BMW 635CSi C 159 0:2:24.380 6 Jim Keogh / Garry Rogers BMW 635CSi C 159 0:2:25.640 7 Dick Johnson / Larry Perkins Ford Mustang C 159 0:2:20.646 8 Colin Bond / Gregg Hansford Alfa GTV6 B 158 0:2:26.650 9 Kevin Bartlett / Peter McKay Mitsubishi Starion B 157 0:2:24.600 10 Barry Jones / Tony Mulvihill Commodore VK C 156 0:2:27.320 11 Tony Kavich / Ralph Radburn Commodore VK C 156 0:2:31.120 12 Terry Finnigan / Barry Lawrence Commodore VK C 155 0:2:27.190 13 Tim Slako / Geoff Leeds Rover Vitesse C 152 0:2:25.920 14 Garry Willmington / Peter Janson Jaguar XJ-S C 150 0:2:29.100 15 Ken Mathews / Bob Muir Commodore VK C 148 0:2:29.740 16 Ray Gulson / Frank Porter Alfa GTV6 B 148 0:2:33.250 17 John Smith / Drew Price Toyota Corolla A 148 0:2:34.380 18 Lester Smerdon / Geoff Russell Commodore VK C 145 0:2:32.400 19 Andrew Harris / Greville Arnel Mitsubishi Starion B 141 0:2:40.940 20 Graeme Bowkett& / Wayne Wilkinson Commodore VK C 135 0:2:26.600 21 Chris Heyer / Graham McGregor Audi 5+5 B 134 0:2:42.130 22 Graham Lusty / Ken Lusty Commodore VK C 133 0:2:35.89 23 Alan Taylor / Kevin Kennedy Commodore VK C 132 0:2:33.960 DNF Peter Brock / David Oxton Commodore VK C DNF 0:2:20.919 DNF Ray Smith / Denny Hulme Commodore VK C DNF not available DNF Bernie McClure / Ray Ellis Commodore VK C DNF not available DNF Peter McLeod / Graeme Bailey Commodore VK C DNF not available DNF Bob Holden / Glenn Clark Mitsubishi Sprinter A DNF not available DNF Robbie Francevic / John Bowe Volvo 240T B DNF not available DNF Brian Sampson / Garry Waldon Mitsubishi Starion B DNF not available DNF Brian Callaghan / Barry Graham Commodore VK C DNF not available DNF Allan Grice / Warren Cullen Commodore VK C DNF not available DNF Gerald Kay / Martin Power Commodore VK C DNF not available DNF Ray Cutchie / John Faulkner Mitsubishi Sprinter A DNF not available DNF Charlie O'Brien& / John English BMW 635CSi C DNF not available DNF David Ratcliff / Don Smith Toyota Levin A DNF not available DNF Steve Masterton / Bruce Stewart Commodore VK C DNF not available DNF John Harvey / David Parsons Commodore VK C DNF not available DNF Mike Burgmann / Bob Stevens Commodore VK C DNF not available DNF Neville Crichton / George Fury BMW 635CSi C DNF not available DNF John Bundy / Norm Carr Mazda RX7 B DNF not available DNF Barry Robinson / John Jeffries Rover Vitesse C DNF not available DNF Simon Emmerling / Trevor Hine BMW 635CSi C DNF not available DNF Barry Wraith / Wayne Park Commodore VK C DNF not available DNF Peter Williamson / Tomas Mezera Toyota Supra B DNF not available DNF Ken Davison / Wally Kramer Ford Mustang C DNF not available DNF Lawrie Nelson / Bill O'Brien Ford Mustang C DNF not available DNF Bruce Anderson / Wayne Anderson Ford Mustang C DNF not available DNF Jeff Allam / Ron Dickson Jaguar XJ-S C DNF not available DNF Peter Fitzgerald / Brad Jones Mitsubishi Starion B DNF not available DNF John French / Alf Grant Commodore VK C DNF not available
1985,1000,James Hardie 1000 Mount Panorama,Bathurst 6th October,James Hardie 1000 Mount Panorama Bathurst 6th October 1985 Number of Laps: 163 Total Race Time: 6:41:30.19 Fastest lap: John Goss / Armin Hahne 2:21.86 (156.63 km/h) Classes: Class A - Up to 2000cc; Class B - 2001 to 3000cc; Class C - Over 3000cc Please Note: You can sort this listing by simply clicking on the column heading PLACE DRIVER / CO DRIVER(S) VEHICLE CLASS LAPS QUALIFYING 1 John Goss / Armin Hahne Jaguar XJ-S C 163 0:2:20.919 2 Roberto Ravaglia / Johnny Cecotto BMW 635CSi C 163 0:2:22.874 3 Tom Walkinshaw / Win Percy Jaguar XJ-S C 160 0:2:18.822 4 Jim Richards / Tony Longhurst BMW 635CSi C 160 0:2:21.396 5 Kent Baigent / Neal Lowe BMW 635CSi C 159 0:2:24.380 6 Jim Keogh / Garry Rogers BMW 635CSi C 159 0:2:25.640 7 Dick Johnson / Larry Perkins Ford Mustang C 159 0:2:20.646 8 Colin Bond / Gregg Hansford Alfa GTV6 B 158 0:2:26.650 9 Kevin Bartlett / Peter McKay Mitsubishi Starion B 157 0:2:24.600 10 Barry Jones / Tony Mulvihill Commodore VK C 156 0:2:27.320 11 Tony Kavich / Ralph Radburn Commodore VK C 156 0:2:31.120 12 Terry Finnigan / Barry Lawrence Commodore VK C 155 0:2:27.190 13 Tim Slako / Geoff Leeds Rover Vitesse C 152 0:2:25.920 14 Garry Willmington / Peter Janson Jaguar XJ-S C 150 0:2:29.100 15 Ken Mathews / Bob Muir Commodore VK C 148 0:2:29.740 16 Ray Gulson / Frank Porter Alfa GTV6 B 148 0:2:33.250 17 John Smith / Drew Price Toyota Corolla A 148 0:2:34.380 18 Lester Smerdon / Geoff Russell Commodore VK C 145 0:2:32.400 19 Andrew Harris / Greville Arnel Mitsubishi Starion B 141 0:2:40.940 20 Graeme Bowkett& / Wayne Wilkinson Commodore VK C 135 0:2:26.600 21 Chris Heyer / Graham McGregor Audi 5+5 B 134 0:2:42.130 22 Graham Lusty / Ken Lusty Commodore VK C 133 0:2:35.89 23 Alan Taylor / Kevin Kennedy Commodore VK C 132 0:2:33.960 DNF Peter Brock / David Oxton Commodore VK C DNF 0:2:20.919 DNF Ray Smith / Denny Hulme Commodore VK C DNF not available DNF Bernie McClure / Ray Ellis Commodore VK C DNF not available DNF Peter McLeod / Graeme Bailey Commodore VK C DNF not available DNF Bob Holden / Glenn Clark Mitsubishi Sprinter A DNF not available DNF Robbie Francevic / John Bowe Volvo 240T B DNF not available DNF Brian Sampson / Garry Waldon Mitsubishi Starion B DNF not available DNF Brian Callaghan / Barry Graham Commodore VK C DNF not available DNF Allan Grice / Warren Cullen Commodore VK C DNF not available DNF Gerald Kay / Martin Power Commodore VK C DNF not available DNF Ray Cutchie / John Faulkner Mitsubishi Sprinter A DNF not available DNF Charlie O'Brien& / John English BMW 635CSi C DNF not available DNF David Ratcliff / Don Smith Toyota Levin A DNF not available DNF Steve Masterton / Bruce Stewart Commodore VK C DNF not available DNF John Harvey / David Parsons Commodore VK C DNF not available DNF Mike Burgmann / Bob Stevens Commodore VK C DNF not available DNF Neville Crichton / George Fury BMW 635CSi C DNF not available DNF John Bundy / Norm Carr Mazda RX7 B DNF not available DNF Barry Robinson / John Jeffries Rover Vitesse C DNF not available DNF Simon Emmerling / Trevor Hine BMW 635CSi C DNF not available DNF Barry Wraith / Wayne Park Commodore VK C DNF not available DNF Peter Williamson / Tomas Mezera Toyota Supra B DNF not available DNF Ken Davison / Wally Kramer Ford Mustang C DNF not available DNF Lawrie Nelson / Bill O'Brien Ford Mustang C DNF not available DNF Bruce Anderson / Wayne Anderson Ford Mustang C DNF not available DNF Jeff Allam / Ron Dickson Jaguar XJ-S C DNF not available DNF Peter Fitzgerald / Brad Jones Mitsubishi Starion B DNF not available DNF John French / Alf Grant Commodore VK C DNF not available
1985,1000,James Hardie 1000 Mount Panorama,Bathurst 6th October,James Hardie 1000 Mount Panorama Bathurst 6th October 1985
1985,1000,James Hardie 1000 Mount Panorama,Bathurst 6th October,Number of Laps: 163 Total Race Time: 6:41:30.19 Fastest lap: John Goss / Armin Hahne 2:21.86 (156.63 km/h) Classes: Class A - Up to 2000cc; Class B - 2001 to 3000cc; Class C - Over 3000cc
1986,1,Allan Grice,Graeme Bailey,Commodore VK
1986,2,John Harvey,Neal Lowe,Commodore VK
1986,3,Gary Scott,Terry Shiel,Nissan Skyline DR30
1986,4,Dick Johnson,Gregg Hansford,Ford Mustang
1986,5,Peter Brock,Allan Moffat,Commodore VK
1986,6,Jim Richards,Tony Longhurst,BMW 635CSi
1986,7,Graham Moore,Michel Delcourt,Commodore VK
1986,8,Warren Cullen,Gary Sprague,Commodore VK
1986,9,Denny Hulme,Franz Klammer,Mercedes 190E
1986,10,Murray Carter,Bill O'Brien,Nissan Skyline DR30
1986,11,Neville Crichton,Graham McRae,Volvo 240T
1986,12,Fred Geissler,Chris Clearihan,Commodore VK
1986,13,Graeme Crosby,Wayne Wilkinson,Commodore VK
1986,14,Tony Mulvihill,Ken Mathews,Commodore VK
1986,15,Graham Lusty,John Lusty,Commodore VK
1986,16,Ray Ellis,Kerry Baily,Commodore VK
1986,17,Simon Emmerling,Trevor Hine,BMW 635CSi
1986,18,Lucio Cesario,Warwick Rooklyn,Alfa GTV6
1986,19,Mike Quinn,John Faulkner,Toyota Corolla
1986,20,Graham Lorimer,Phil Mhyre,BMW 635CSi
1986,21,John Giddings,Bruce Stewart,Nissan Gazelle
1986,22,Terry Finnigan,Steve Williams,Commodore VK
1986,23,Alan Taylor,Kevin Kennedy,Commodore VK
1986,24,John Goss,Bob Muir,Jaguar XJ-S
1986,25,Larry Perkins,David Parsons,Commodore VK
1986,26,Don Smith,David Ratcliff,Toyota Levin
1986,27,Bob Holden,Geoff Kimber-Smith,Toyota Sprinter
1986,28,Brian Callaghan,Barry Graham,Commodore VK
1986,29,Gerald Kay,Bryan Thomson,Commodore VK
1986,1000,James Hardie 1000 Mount Panorama,Bathurst 5th October,James Hardie 1000 Mount Panorama Bathurst 5th October 1986 Number of Laps: 163 Total Race Time: 6:30:35.68 Fastest lap: Allan Grice 2:18.99 (159.86 km/h) Classes: Class A - Up to 2000cc; Class B - 2000 to 3000cc; Class C - Over 3000cc Please Note: You can sort this listing by simply clicking on the column heading PLACE DRIVER / CO DRIVER(S) VEHICLE CLASS LAPS QUALIFYING 1 Allan Grice / Graeme Bailey Commodore VK C 163 0:2:17.246 2 John Harvey / Neal Lowe Commodore VK C 163 0:2:20.860 3 Gary Scott / Terry Shiel Nissan Skyline DR30 B 163 0:2:17.159 4 Dick Johnson / Gregg Hansford Ford Mustang C 162 0:2:19.808 5 Peter Brock / Allan Moffat Commodore VK C 162 0:2:18.100 6 Jim Richards / Tony Longhurst BMW 635CSi C 161 0:2:20.751 7 Graham Moore / Michel Delcourt Commodore VK C 158 0:2:22.28 8 Warren Cullen / Gary Sprague Commodore VK C 157 0:2:20.600 9 Denny Hulme / Franz Klammer Mercedes 190E B 157 0:2:23.190 10 Murray Carter / Bill O'Brien Nissan Skyline DR30 B 157 0:2:27.500 11 Neville Crichton / Graham McRae / John Bowe Volvo 240T B 157 0:2:23.210 12 Fred Geissler / Chris Clearihan Commodore VK C 156 0:2:24.760 13 Graeme Crosby / Wayne Wilkinson Commodore VK C 156 0:2:20.370 14 Tony Mulvihill / Ken Mathews Commodore VK C 155 0:2:24.330 15 Graham Lusty / John Lusty Commodore VK C 154 0:2:25.420 16 Ray Ellis / Kerry Baily Commodore VK C 150 0:2:24.430 17 Simon Emmerling / Trevor Hine BMW 635CSi C 149 0:2:29.990 18 Lucio Cesario / Warwick Rooklyn Alfa GTV6 B 148 0:2:31.190 19 Mike Quinn / John Faulkner Toyota Corolla A 148 0:2:33.730 20 Graham Lorimer / Phil Mhyre BMW 635CSi C 146 0:2:32.420 21 John Giddings / Bruce Stewart Nissan Gazelle B 146 0:2:32.120 22 Terry Finnigan / Steve Williams Commodore VK C 144 0:2:24.900 23 Alan Taylor / Kevin Kennedy Commodore VK C 144 0:2:29.320 24 John Goss / Bob Muir Jaguar XJ-S C 140 0:2:23.610 25 Larry Perkins / David Parsons Commodore VK C 140 0:2:19.433 26 Don Smith / David Ratcliff Toyota Levin A 140 0:2:48.850 27 Bob Holden / Geoff Kimber-Smith Toyota Sprinter A 138 0:2:40.490 28 Brian Callaghan / Barry Graham Commodore VK C DNF 0:2:17.246 29 Gerald Kay / Bryan Thomson Commodore VK C DNF not available DNF Brian Bolwell / Tony Farrell BMW 323i B DNF not available DNF George Fury / Glenn Seton Nissan Skyline DR30 B DNF not available DNF John Bowe / Alfredo Costanzo Volvo 240T B DNF not available DNF Colin Bond / Peter Fitzgerald Alfa GTV6 B DNF not available DNF Trevor Ashby / Steve Reed Commodore VK C DNF not available DNF Gordon Mitchell / Allan McCarthy Fiat Uno A DNF not available DNF Trevor Crowe / Kevin Bartlett BMW 635CSi C DNF not available DNF John English / Glenn McIntire BMW 635CSi C DNF not available DNF Lester Smerdon / Geoff Russell Commodore VK C DNF not available DNF John Donnelly / Simon Harrex Rover Vitesse C DNF not available DNF Ray Gulson / Frank Porter Alfa GTV6 B DNF not available DNF Trevor McLean / Rod Downs Commodore V C DNF not available DNF Garry Willmington / Peter Janson Jaguar XJ-S C DNF not available DNF Bruce Anderson / Wayne Anderson Ford Mustang C DNF not available DNF Tim Slako / Geoff Leeds Rover Vitesse C DNF not available DNF Brad Jones / Akihiko Nakaya Mitsubishi Starion B DNF not available DNF Peter McLeod / Glenn Clark Commodore VK C DNF not available DNF Keith McClelland / Brian Nightingale Toyota Sprinter A DNF not available DNF Ken Davison / Wally Kramer Ford Mustang C DNF not available DNF Jim Keogh / Des Wall BMW 635CSi C DNF not available DNF Robbie Francevic / Leo Leonard Ford Sierra XR4i C DNF not available DNF Andrew Bagnall / Ted Jarvis Ford Escort A DNF not available DNF Charlie O'Brien / Garry Rogers BMW 635CSi C DNF not available DNF Kent Baigent / Graeme Bowkett Nissan Skyline DR30 B DNF not available DNF Alf Grant / John French Commodore VK C DNF not available DNF Mike Burgmann / Mal Rose Commodore VK C DNF not available DNF Tony Kavich / Ralph Radburn Commodore VK C DNF not available DNF John Smith / Drew Price Toyota Corolla A DNF not available DNF Roberto Ravaglia / Dieter Quester BMW 635CSi C DNF not available DNF Jorg van Ommen / Andrew Miedecke Mercedes 190E B DNF not available
1986,1000,James Hardie 1000 Mount Panorama,Bathurst 5th October,James Hardie 1000 Mount Panorama Bathurst 5th October 1986 Number of Laps: 163 Total Race Time: 6:30:35.68 Fastest lap: Allan Grice 2:18.99 (159.86 km/h) Classes: Class A - Up to 2000cc; Class B - 2000 to 3000cc; Class C - Over 3000cc Please Note: You can sort this listing by simply clicking on the column heading PLACE DRIVER / CO DRIVER(S) VEHICLE CLASS LAPS QUALIFYING 1 Allan Grice / Graeme Bailey Commodore VK C 163 0:2:17.246 2 John Harvey / Neal Lowe Commodore VK C 163 0:2:20.860 3 Gary Scott / Terry Shiel Nissan Skyline DR30 B 163 0:2:17.159 4 Dick Johnson / Gregg Hansford Ford Mustang C 162 0:2:19.808 5 Peter Brock / Allan Moffat Commodore VK C 162 0:2:18.100 6 Jim Richards / Tony Longhurst BMW 635CSi C 161 0:2:20.751 7 Graham Moore / Michel Delcourt Commodore VK C 158 0:2:22.28 8 Warren Cullen / Gary Sprague Commodore VK C 157 0:2:20.600 9 Denny Hulme / Franz Klammer Mercedes 190E B 157 0:2:23.190 10 Murray Carter / Bill O'Brien Nissan Skyline DR30 B 157 0:2:27.500 11 Neville Crichton / Graham McRae / John Bowe Volvo 240T B 157 0:2:23.210 12 Fred Geissler / Chris Clearihan Commodore VK C 156 0:2:24.760 13 Graeme Crosby / Wayne Wilkinson Commodore VK C 156 0:2:20.370 14 Tony Mulvihill / Ken Mathews Commodore VK C 155 0:2:24.330 15 Graham Lusty / John Lusty Commodore VK C 154 0:2:25.420 16 Ray Ellis / Kerry Baily Commodore VK C 150 0:2:24.430 17 Simon Emmerling / Trevor Hine BMW 635CSi C 149 0:2:29.990 18 Lucio Cesario / Warwick Rooklyn Alfa GTV6 B 148 0:2:31.190 19 Mike Quinn / John Faulkner Toyota Corolla A 148 0:2:33.730 20 Graham Lorimer / Phil Mhyre BMW 635CSi C 146 0:2:32.420 21 John Giddings / Bruce Stewart Nissan Gazelle B 146 0:2:32.120 22 Terry Finnigan / Steve Williams Commodore VK C 144 0:2:24.900 23 Alan Taylor / Kevin Kennedy Commodore VK C 144 0:2:29.320 24 John Goss / Bob Muir Jaguar XJ-S C 140 0:2:23.610 25 Larry Perkins / David Parsons Commodore VK C 140 0:2:19.433 26 Don Smith / David Ratcliff Toyota Levin A 140 0:2:48.850 27 Bob Holden / Geoff Kimber-Smith Toyota Sprinter A 138 0:2:40.490 28 Brian Callaghan / Barry Graham Commodore VK C DNF 0:2:17.246 29 Gerald Kay / Bryan Thomson Commodore VK C DNF not available DNF Brian Bolwell / Tony Farrell BMW 323i B DNF not available DNF George Fury / Glenn Seton Nissan Skyline DR30 B DNF not available DNF John Bowe / Alfredo Costanzo Volvo 240T B DNF not available DNF Colin Bond / Peter Fitzgerald Alfa GTV6 B DNF not available DNF Trevor Ashby / Steve Reed Commodore VK C DNF not available DNF Gordon Mitchell / Allan McCarthy Fiat Uno A DNF not available DNF Trevor Crowe / Kevin Bartlett BMW 635CSi C DNF not available DNF John English / Glenn McIntire BMW 635CSi C DNF not available DNF Lester Smerdon / Geoff Russell Commodore VK C DNF not available DNF John Donnelly / Simon Harrex Rover Vitesse C DNF not available DNF Ray Gulson / Frank Porter Alfa GTV6 B DNF not available DNF Trevor McLean / Rod Downs Commodore V C DNF not available DNF Garry Willmington / Peter Janson Jaguar XJ-S C DNF not available DNF Bruce Anderson / Wayne Anderson Ford Mustang C DNF not available DNF Tim Slako / Geoff Leeds Rover Vitesse C DNF not available DNF Brad Jones / Akihiko Nakaya Mitsubishi Starion B DNF not available DNF Peter McLeod / Glenn Clark Commodore VK C DNF not available DNF Keith McClelland / Brian Nightingale Toyota Sprinter A DNF not available DNF Ken Davison / Wally Kramer Ford Mustang C DNF not available DNF Jim Keogh / Des Wall BMW 635CSi C DNF not available DNF Robbie Francevic / Leo Leonard Ford Sierra XR4i C DNF not available DNF Andrew Bagnall / Ted Jarvis Ford Escort A DNF not available DNF Charlie O'Brien / Garry Rogers BMW 635CSi C DNF not available DNF Kent Baigent / Graeme Bowkett Nissan Skyline DR30 B DNF not available DNF Alf Grant / John French Commodore VK C DNF not available DNF Mike Burgmann / Mal Rose Commodore VK C DNF not available DNF Tony Kavich / Ralph Radburn Commodore VK C DNF not available DNF John Smith / Drew Price Toyota Corolla A DNF not available DNF Roberto Ravaglia / Dieter Quester BMW 635CSi C DNF not available DNF Jorg van Ommen / Andrew Miedecke Mercedes 190E B DNF not available
1986,1000,James Hardie 1000 Mount Panorama,Bathurst 5th October,James Hardie 1000 Mount Panorama Bathurst 5th October 1986
1986,1000,James Hardie 1000 Mount Panorama,Bathurst 5th October,Number of Laps: 163 Total Race Time: 6:30:35.68 Fastest lap: Allan Grice 2:18.99 (159.86 km/h) Classes: Class A - Up to 2000cc; Class B - 2000 to 3000cc; Class C - Over 3000cc
1987,1,Peter Brock,David Parson,Commodore VL
1987,5,Graham Moore,Michel Delcourt,Commodore VL
1987,12,Peter Janson,Peter Fitzgerald,Commodore VL
1987,1000,James Hardie 1000 Mount Panorama,Bathurst 4th October,James Hardie 1000 Mount Panorama Bathurst 4th October 1987 Number of Laps: 158 Total Race Time: 7:1:8.40 Fastest lap: Andrew Miedecke 2:22.50 (156.96 km/h) on lap 19 Please Note: You can sort this listing by simply clicking on the column heading PLACE DRIVER / CO DRIVER(S) VEHICLE TEAM CLASS LAPS QUALIFYING FASTEST 1 Peter Brock / David Parson / Peter McLeod Commodore VL HDT Racing Class 1 158 0:2:25.12 0:2:25.55 5 Graham Moore / Michel Delcourt Commodore VL Formula 1 Investments Class 1 152 0:2:28.18 0:2:29.74 12 Peter Janson / Peter Fitzgerald Commodore VL R G Lanyon Class 1 144 0:2:29.84 0:2:29.92 DNF Kevin Bartlett / Armin Hahne Maserati Bi-Turbo Pro Team Italia Class 1 DNF 0:2:25.12 0:2:25.55 DNF Allan Grice / Win Percy Commodore VL Bob Jane T-Marts Class 1 DNF 0:2:25.12 0:2:25.55 DNF Peter Brock / David Parsons Commodore VL HDT Racing Class 1 DNF 0:2:25.12 0:2:25.55 DNF Steve Soper / Pierre Dieudonne Ford Sierra Ford Texaco Racing Class 1 DNF 0:2:25.12 0:2:25.55 DNF Klaus Ludwig / Klaus Niedzweidt Ford Sierra Ford Texaco Racing Class 1 DNF 0:2:25.12 0:2:25.55 DNF Allan Moffat / Andy Rousetd / Thierry Tassin Ford Sierra Allan Moffat Enterprises Class 1 DNF 0:2:25.12 0:2:25.55 DNF Larry Perkins / Denny Hulme Commodore VK Enzed Team Perkins Class 1 DNF 0:2:25.12 0:2:25.55 DNF Murray Carter / Stephen Masterton Commodore VK Netcomm (Aust) Racing Class 1 DNF 0:2:25.12 0:2:25.55
1987,1000,James Hardie 1000 Mount Panorama,Bathurst 4th October,James Hardie 1000 Mount Panorama Bathurst 4th October 1987 Number of Laps: 158 Total Race Time: 7:1:8.40 Fastest lap: Andrew Miedecke 2:22.50 (156.96 km/h) on lap 19 Please Note: You can sort this listing by simply clicking on the column heading PLACE DRIVER / CO DRIVER(S) VEHICLE TEAM CLASS LAPS QUALIFYING FASTEST 1 Peter Brock / David Parson / Peter McLeod Commodore VL HDT Racing Class 1 158 0:2:25.12 0:2:25.55 5 Graham Moore / Michel Delcourt Commodore VL Formula 1 Investments Class 1 152 0:2:28.18 0:2:29.74 12 Peter Janson / Peter Fitzgerald Commodore VL R G Lanyon Class 1 144 0:2:29.84 0:2:29.92 DNF Kevin Bartlett / Armin Hahne Maserati Bi-Turbo Pro Team Italia Class 1 DNF 0:2:25.12 0:2:25.55 DNF Allan Grice / Win Percy Commodore VL Bob Jane T-Marts Class 1 DNF 0:2:25.12 0:2:25.55 DNF Peter Brock / David Parsons Commodore VL HDT Racing Class 1 DNF 0:2:25.12 0:2:25.55 DNF Steve Soper / Pierre Dieudonne Ford Sierra Ford Texaco Racing Class 1 DNF 0:2:25.12 0:2:25.55 DNF Klaus Ludwig / Klaus Niedzweidt Ford Sierra Ford Texaco Racing Class 1 DNF 0:2:25.12 0:2:25.55 DNF Allan Moffat / Andy Rousetd / Thierry Tassin Ford Sierra Allan Moffat Enterprises Class 1 DNF 0:2:25.12 0:2:25.55 DNF Larry Perkins / Denny Hulme Commodore VK Enzed Team Perkins Class 1 DNF 0:2:25.12 0:2:25.55 DNF Murray Carter / Stephen Masterton Commodore VK Netcomm (Aust) Racing Class 1 DNF 0:2:25.12 0:2:25.55
1987,1000,James Hardie 1000 Mount Panorama,Bathurst 4th October,James Hardie 1000 Mount Panorama Bathurst 4th October 1987
1987,1000,James Hardie 1000 Mount Panorama,Bathurst 4th October,Number of Laps: 158 Total Race Time: 7:1:8.40 Fastest lap: Andrew Miedecke 2:22.50 (156.96 km/h) on lap 19
1988,1,Tony Longhurst,Tomas Mezera,Ford Sierra RS500
1988,2,Dick Johnson,John Bowe,Ford Sierra RS500
1988,3,Colin Bond,Alan Jones,Ford Sierra RS500
1988,4,Colin Bond,Alan Jones,Ford Sierra RS500
1988,5,Trevor Crowe,Peter Janson,BMW M3
1988,6,John Giddings,Bruce Stewart,Ford Sierra RS500
1988,7,Brian Callaghan,Barry Graham,Commodore VL
1988,8,Tony Hunter,Steve Harrington,Commodore VK
1988,9,Gerald Kay,Geoff Munday,Commodore VK
1988,10,John Faulkner,Drew Price,Toyota Corolla
1988,11,Terry Shiel,Brad Jones,Mitsubishi Starion
1988,12,Brett Riley,Peter McKay,Toyota Corolla
1988,13,Bryan Bate,Andrew Maher,Toyota Corolla
1988,14,Chris Lambden,Kerry Baily,Commodore VL
1988,15,John Harvey,Kevin Bartlett,Commodore VL
1988,16,Allan Grice,Win Percy,Commodore VL
1988,17,Mike Oliver,Mike Freeman,Toyota Corolla
1988,18,Bob Holden,Damon Beck,Toyota Corolla
1988,19,Wayne Park,Bob Tindal,Commodore VL
1988,20,Paul Radisich,Ludwig Finauer,BMW M3
1988,1000,Tooheys 1000 Mount Panorama,Bathurst 2nd October,Tooheys 1000 Mount Panorama Bathurst 2nd October 1988 Number of Laps: 161 Total Race Time: 7:2:10.28 Fastest lap: Tony Longhurst 2:19.06 (160.84 km/h) on lap 4 Classes: Class A - Over 2500cc; Class B - 1601 to 2500cc; Class C - Under 1600cc Please Note: You can sort this listing by simply clicking on the column heading PLACE DRIVER / CO DRIVER(S) VEHICLE CLASS LAPS QUALIFYING 1 Tony Longhurst / Tomas Mezera Ford Sierra RS500 A 161 0:2:17.96 2 Dick Johnson / John Bowe / John Smith Ford Sierra RS500 A 160 not available 3 Colin Bond / Alan Jones Ford Sierra RS500 A 158 0:2:19.84 4 Colin Bond / Alan Jones Ford Sierra RS500 A 158 0:2:19.84 5 Trevor Crowe / Peter Janson BMW M3 B 156 0:2:30.46 6 John Giddings / Bruce Stewart Ford Sierra RS500 A 155 0:2:27.84 7 Brian Callaghan / Barry Graham Commodore VL A 152 0:2:26.14 8 Tony Hunter / Steve Harrington Commodore VK A 151 0:2:30.40 9 Gerald Kay / Geoff Munday Commodore VK A 150 0:2:30.84 10 John Faulkner / Drew Price Toyota Corolla C 146 0:2:38.84 11 Terry Shiel / Brad Jones Mitsubishi Starion A 145 0:2:27.62 12 Brett Riley / Peter McKay Toyota Corolla C 145 0:2:41.32 13 Bryan Bate / Andrew Maher / Dave Barrow Toyota Corolla C 144 0:2:44.54 14 Chris Lambden / Kerry Baily Commodore VL A 141 0:2:30.18 15 John Harvey / Kevin Bartlett Commodore VL A 140 0:2:26.26 16 Allan Grice / Win Percy Commodore VL A 139 0:2:22.32 17 Mike Oliver / Mike Freeman Toyota Corolla C 133 0:2:46.46 18 Bob Holden / Damon Beck / James Faneco Toyota Corolla C 128 0:2:46.90 19 Wayne Park / Bob Tindal Commodore VL A 127 0:2:29.36 20 Paul Radisich / Ludwig Finauer BMW M3 B 113 0:2:25.60 DNF Graham Lusty / John Lusty Commodore VL A DNF 0:2:17.96 DNF Larry Perkins / Denny Hulme / Tom Walkinshaw Commodore VL A DNF not available DNF Trevor Ashby / Steve Reed Commodore VL A DNF not available DNF Klaus Niedzwiedz / Allan Moffat / Gregg Hansford Ford Sierra RS500 A DNF not available DNF Tony Mulvihill / Geoff Leeds Commodore VL A DNF not available DNF Mike Mortimer / David Ratcliff Toyota Corolla C DNF not available DNF Armin Hahne / Robbie Francevic Ford Sierra RS500 A DNF not available DNF Andrew Miedecke / Steve Soper Ford Sierra RS500 A DNF not available DNF Garry Willmington / John Leeson Commodore VL A DNF not available DNF John Sorensen / Kayne Scott BMW M3 B DNF not available DNF Peter Brock / Neil Crompton BMW M3 B DNF not available DNF Dennis Rogers / Garry Jones Toyota Corolla A DNF not available DNF Gary Scott / Akihiko Nakaya Mitsubishi Starion A DNF not available DNF Marc Ducquet / Brian Selby Toyota Corolla C DNF not available DNF Terry Finnigan / Ken Mathews Commodore VL A DNF not available DNF Tony Noske / Graham Moore Commodore VL A DNF not available DNF Jim Richards / David Parsons BMW M3 B DNF not available DNF Bill O'Brien / Ray Lintott / Brian Sampson Commodore VL A DNF not available DNF Garry Rogers / John Andretti Commodore VL A DNF not available DNF Phil Ward / David Clement Mercedes 190E B DNF not available DNF John Bowe / Robb Gravett / Neville Crichton Ford Sierra RS500 A DNF not available DNF Dick Johnson / John Bowe Ford Sierra RS500 A DNF not available DNF Murray Carter / Steve Masterton Ford Sierra RS500 A DNF not available DNF George Fury / Mark Skaife Nissan Skyline A DNF not available DNF Andrew Bagnall / Pierre Dieudonne Ford Sierra RS500 A DNF not available DNF Peter McLeod / Jim Keogh Commodore VL A DNF not available DNF Ulf Granberg / Ian Tulloch / Christer Simonsen Ford Sierra RS500 A DNF not available DNF Tom Walkinshaw / Jeff Allam Commodore VL A DNF not available DNF Glenn Seton / Anders Olofsson Nissan Skyline A DNF not available
1988,1000,Tooheys 1000 Mount Panorama,Bathurst 2nd October,Tooheys 1000 Mount Panorama Bathurst 2nd October 1988 Number of Laps: 161 Total Race Time: 7:2:10.28 Fastest lap: Tony Longhurst 2:19.06 (160.84 km/h) on lap 4 Classes: Class A - Over 2500cc; Class B - 1601 to 2500cc; Class C - Under 1600cc Please Note: You can sort this listing by simply clicking on the column heading PLACE DRIVER / CO DRIVER(S) VEHICLE CLASS LAPS QUALIFYING 1 Tony Longhurst / Tomas Mezera Ford Sierra RS500 A 161 0:2:17.96 2 Dick Johnson / John Bowe / John Smith Ford Sierra RS500 A 160 not available 3 Colin Bond / Alan Jones Ford Sierra RS500 A 158 0:2:19.84 4 Colin Bond / Alan Jones Ford Sierra RS500 A 158 0:2:19.84 5 Trevor Crowe / Peter Janson BMW M3 B 156 0:2:30.46 6 John Giddings / Bruce Stewart Ford Sierra RS500 A 155 0:2:27.84 7 Brian Callaghan / Barry Graham Commodore VL A 152 0:2:26.14 8 Tony Hunter / Steve Harrington Commodore VK A 151 0:2:30.40 9 Gerald Kay / Geoff Munday Commodore VK A 150 0:2:30.84 10 John Faulkner / Drew Price Toyota Corolla C 146 0:2:38.84 11 Terry Shiel / Brad Jones Mitsubishi Starion A 145 0:2:27.62 12 Brett Riley / Peter McKay Toyota Corolla C 145 0:2:41.32 13 Bryan Bate / Andrew Maher / Dave Barrow Toyota Corolla C 144 0:2:44.54 14 Chris Lambden / Kerry Baily Commodore VL A 141 0:2:30.18 15 John Harvey / Kevin Bartlett Commodore VL A 140 0:2:26.26 16 Allan Grice / Win Percy Commodore VL A 139 0:2:22.32 17 Mike Oliver / Mike Freeman Toyota Corolla C 133 0:2:46.46 18 Bob Holden / Damon Beck / James Faneco Toyota Corolla C 128 0:2:46.90 19 Wayne Park / Bob Tindal Commodore VL A 127 0:2:29.36 20 Paul Radisich / Ludwig Finauer BMW M3 B 113 0:2:25.60 DNF Graham Lusty / John Lusty Commodore VL A DNF 0:2:17.96 DNF Larry Perkins / Denny Hulme / Tom Walkinshaw Commodore VL A DNF not available DNF Trevor Ashby / Steve Reed Commodore VL A DNF not available DNF Klaus Niedzwiedz / Allan Moffat / Gregg Hansford Ford Sierra RS500 A DNF not available DNF Tony Mulvihill / Geoff Leeds Commodore VL A DNF not available DNF Mike Mortimer / David Ratcliff Toyota Corolla C DNF not available DNF Armin Hahne / Robbie Francevic Ford Sierra RS500 A DNF not available DNF Andrew Miedecke / Steve Soper Ford Sierra RS500 A DNF not available DNF Garry Willmington / John Leeson Commodore VL A DNF not available DNF John Sorensen / Kayne Scott BMW M3 B DNF not available DNF Peter Brock / Neil Crompton BMW M3 B DNF not available DNF Dennis Rogers / Garry Jones Toyota Corolla A DNF not available DNF Gary Scott / Akihiko Nakaya Mitsubishi Starion A DNF not available DNF Marc Ducquet / Brian Selby Toyota Corolla C DNF not available DNF Terry Finnigan / Ken Mathews Commodore VL A DNF not available DNF Tony Noske / Graham Moore Commodore VL A DNF not available DNF Jim Richards / David Parsons BMW M3 B DNF not available DNF Bill O'Brien / Ray Lintott / Brian Sampson Commodore VL A DNF not available DNF Garry Rogers / John Andretti Commodore VL A DNF not available DNF Phil Ward / David Clement Mercedes 190E B DNF not available DNF John Bowe / Robb Gravett / Neville Crichton Ford Sierra RS500 A DNF not available DNF Dick Johnson / John Bowe Ford Sierra RS500 A DNF not available DNF Murray Carter / Steve Masterton Ford Sierra RS500 A DNF not available DNF George Fury / Mark Skaife Nissan Skyline A DNF not available DNF Andrew Bagnall / Pierre Dieudonne Ford Sierra RS500 A DNF not available DNF Peter McLeod / Jim Keogh Commodore VL A DNF not available DNF Ulf Granberg / Ian Tulloch / Christer Simonsen Ford Sierra RS500 A DNF not available DNF Tom Walkinshaw / Jeff Allam Commodore VL A DNF not available DNF Glenn Seton / Anders Olofsson Nissan Skyline A DNF not available
1988,1000,Tooheys 1000 Mount Panorama,Bathurst 2nd October,Tooheys 1000 Mount Panorama Bathurst 2nd October 1988
1988,1000,Tooheys 1000 Mount Panorama,Bathurst 2nd October,Number of Laps: 161 Total Race Time: 7:2:10.28 Fastest lap: Tony Longhurst 2:19.06 (160.84 km/h) on lap 4 Classes: Class A - Over 2500cc; Class B - 1601 to 2500cc; Class C - Under 1600cc
1989,1,Dick Johnson,John Bowe,Ford Sierra RS500
1989,2,Klaus Niedzwiedz,Frank Biela,Ford Sierra RS500
1989,3,Jim Richards,Mark Skaife,Nissan Skyline HR31
1989,4,George Fury,Anders Olofsson,Nissan Skyline HR31
1989,5,Alan Jones,Tony Longhurst,Ford Sierra RS500
1989,6,Larry Perkins,Tomas Mezera,Commodore VL
1989,7,Win Percy,Neil Crompton,Commodore VL
1989,8,Jeff Allam,Robb Gravett,Ford Sierra RS500
1989,9,Brad Jones,Paul Radisich,Ford Sierra RS500
1989,10,Allan Grice,Peter Janson,Commodore VL
1989,11,Brian Callaghan,Barry Graham,Commodore VL
1989,12,Kevin Waldock,Bryan Thomson,Ford Sierra RS500
1989,13,Steve Reed,Trevor Ashby,Commodore VL
1989,14,Alf Costanzo,Graham Lusty,Commodore VL
1989,15,Graham Gulson,Ray Gulson,BMW 635CSi
1989,16,John Cotter,Peter Doulman,BMW M3
1989,17,Michael Dowson,Neal Bates,Toyota Corolla
1989,18,Gary Scott,Kevin Bartlett,Mitsubishi Starion
1989,19,John Faulkner,Peter McKay,Toyota Corolla
1989,20,Glenn Seton,John Goss,Ford Sierra RS500
1989,21,Alan Taylor,Roger Hurd,Mitsubishi Starion
1989,22,Clive Smith,Paul Trevethan,Nissan Skyline DR30
1989,23,Michael Adcock,Geoffrey Full,Toyota Corolla
1989,24,Ross Burbidge,Steve Williams,Nissan Gazelle
1989,25,Tony Mulvihill,Glenn McIntire,Commodore VL
1989,26,Colin Bond,Bruce Stewart,Ford Sierra RS500
1989,27,Wayne Park,John Giddings,Commodore VL
1989,1000,Tooheys 1000 Mount Panorama,Bathurst 1st October,Tooheys 1000 Mount Panorama Bathurst 1st October 1989 Number of Laps: 161 Total Race Time: 6:30:53.44 Fastest lap: Dick Johnson 2:19.12 (160.77 km/h) on lap 2 Classes: Class A - Over 2500cc; Class B - 1601-2500cc; Class C - Under 1600cc Please Note: You can sort this listing by simply clicking on the column heading PLACE DRIVER / CO DRIVER(S) VEHICLE CLASS LAPS QUALIFYING 1 Dick Johnson / John Bowe Ford Sierra RS500 A 161 0:2:16.79 2 Klaus Niedzwiedz / Frank Biela Ford Sierra RS500 A 161 0:2:17.42 3 Jim Richards / Mark Skaife Nissan Skyline HR31 A 160 0:2:20.90 4 George Fury / Anders Olofsson Nissan Skyline HR31 A 160 0:2:19.64 5 Alan Jones / Tony Longhurst / Denny Hulme Ford Sierra RS500 A 158 0:2:20.63 6 Larry Perkins / Tomas Mezera Commodore VL A 158 0:2:19.16 7 Win Percy / Neil Crompton Commodore VL A 158 0:2:22.00 8 Jeff Allam / Robb Gravett Ford Sierra RS500 A 158 0:2:19.62 9 Brad Jones / Paul Radisich Ford Sierra RS500 A 153 0:2:19.90 10 Allan Grice / Peter Janson Commodore VL A 153 0:2:22.44 11 Brian Callaghan / Barry Graham Commodore VL A 152 0:2:23.40 12 Kevin Waldock / Bryan Thomson Ford Sierra RS500 A 152 0:2:25.10 13 Steve Reed / Trevor Ashby Commodore VL A 151 0:2:27.32 14 Alf Costanzo / Graham Lusty Commodore VL A 146 0:2:25.20 15 Graham Gulson / Ray Gulson BMW 635CSi A 143 0:2:30.60 16 John Cotter / Peter Doulman BMW M3 B 142 0:2:34.84 17 Michael Dowson / Neal Bates Toyota Corolla C 141 0:2:37.92 18 Gary Scott / Kevin Bartlett / Terry Shiel Mitsubishi Starion A 141 0:2:25.94 19 John Faulkner / Peter McKay Toyota Corolla C 140 0:2:36.32 20 Glenn Seton / John Goss / Tony Noske Ford Sierra RS500 A 140 0:2:21.44 21 Alan Taylor / Roger Hurd Mitsubishi Starion A 139 0:2:35.46 22 Clive Smith / Paul Trevethan Nissan Skyline DR30 A 137 0:2:36.52 23 Michael Adcock / Geoffrey Full Toyota Corolla C 136 0:2:45.54 24 Ross Burbidge / Steve Williams Nissan Gazelle B 134 0:2:41.00 25 Tony Mulvihill / Glenn McIntire / Graham Moore Commodore VL A 133 0:2:29.74 26 Colin Bond / Bruce Stewart Ford Sierra RS500 A 131 0:2:20.44 27 Wayne Park / John Giddings Commodore VL A 130 0:2:25.98 DNF Joe Sommariva / Warren McKellar BMW 635CSi A DNF 0:2:16.79 DNF Lester Smerdon / Gary Hinton / Marty Turpin Commodore VL A DNF not available DNF Bob Holden / Joe McAndrew / Tim Hall Toyota Corolla C DNF not available DNF Reda Awadallah / Ray Lintott Commodore VL A DNF not available DNF Dennis Rogers / Marc Ducquet / Richard Vorst Toyota Corolla C DNF not available DNF Brett Riley / Ludwig Finauer BMW M3 B DNF not available DNF Craig Turner / Lou Vandermeer BMW M3 B DNF not available DNF Andrew Bagnall / Graeme Crosby Ford Sierra RS500 A DNF not available DNF Glenn Seton / Alain Ferte / Tony Noske Ford Sierra RS500 A DNF not available DNF Gerald Kay / Alf Grant Commodore VL A DNF not available DNF Garry Willmington / Tom Watkinson Toyota Supra A DNF not available DNF Chris Lambden / Greg Crick Commodore VL A DNF not available DNF John Sax / Graham Lorimer BMW M3 B DNF not available DNF Peter Brock / Andy Rouse Ford Sierra RS500 A DNF not available DNF Bob Tindal / Des Wall / John Leeson Commodore VL A DNF not available DNF Bill O'Brien / Brian Sampson Commodore VL A DNF not available DNF Ken Mathews / Garry Rogers Ford Sierra RS500 A DNF not available DNF Mark Gibbs / Rohan Onslow Commodore VL A DNF not available DNF Llynden Riethmuller / Ian Green Commodore VL A DNF not available DNF John Smith / Drew Price Toyota Supra A DNF not available DNF Pierre Dieudonne / Gregg Hansford Ford Sierra RS500 A DNF not available DNF Tim Slako / Geoff Leeds Commodore VL A DNF not available DNF Tony Longhurst / Neville Crichton Ford Sierra RS500 A DNF not available DNF Robbie Francevic / Gianfranco Brancatelli Ford Sierra RS500 A DNF not available DNF Terry Finnigan / John English Commodore VL A DNF not available DNF Murray Carter / John Mann Ford Sierra RS500 A DNF not available DNF Matt Wacker / Mike King Frank Porter Commodore VL A DNF not available DNF Andrew Miedecke / Charlie O'Brien Ford Sierra RS500 A DNF not available
1989,1000,Tooheys 1000 Mount Panorama,Bathurst 1st October,Tooheys 1000 Mount Panorama Bathurst 1st October 1989 Number of Laps: 161 Total Race Time: 6:30:53.44 Fastest lap: Dick Johnson 2:19.12 (160.77 km/h) on lap 2 Classes: Class A - Over 2500cc; Class B - 1601-2500cc; Class C - Under 1600cc Please Note: You can sort this listing by simply clicking on the column heading PLACE DRIVER / CO DRIVER(S) VEHICLE CLASS LAPS QUALIFYING 1 Dick Johnson / John Bowe Ford Sierra RS500 A 161 0:2:16.79 2 Klaus Niedzwiedz / Frank Biela Ford Sierra RS500 A 161 0:2:17.42 3 Jim Richards / Mark Skaife Nissan Skyline HR31 A 160 0:2:20.90 4 George Fury / Anders Olofsson Nissan Skyline HR31 A 160 0:2:19.64 5 Alan Jones / Tony Longhurst / Denny Hulme Ford Sierra RS500 A 158 0:2:20.63 6 Larry Perkins / Tomas Mezera Commodore VL A 158 0:2:19.16 7 Win Percy / Neil Crompton Commodore VL A 158 0:2:22.00 8 Jeff Allam / Robb Gravett Ford Sierra RS500 A 158 0:2:19.62 9 Brad Jones / Paul Radisich Ford Sierra RS500 A 153 0:2:19.90 10 Allan Grice / Peter Janson Commodore VL A 153 0:2:22.44 11 Brian Callaghan / Barry Graham Commodore VL A 152 0:2:23.40 12 Kevin Waldock / Bryan Thomson Ford Sierra RS500 A 152 0:2:25.10 13 Steve Reed / Trevor Ashby Commodore VL A 151 0:2:27.32 14 Alf Costanzo / Graham Lusty Commodore VL A 146 0:2:25.20 15 Graham Gulson / Ray Gulson BMW 635CSi A 143 0:2:30.60 16 John Cotter / Peter Doulman BMW M3 B 142 0:2:34.84 17 Michael Dowson / Neal Bates Toyota Corolla C 141 0:2:37.92 18 Gary Scott / Kevin Bartlett / Terry Shiel Mitsubishi Starion A 141 0:2:25.94 19 John Faulkner / Peter McKay Toyota Corolla C 140 0:2:36.32 20 Glenn Seton / John Goss / Tony Noske Ford Sierra RS500 A 140 0:2:21.44 21 Alan Taylor / Roger Hurd Mitsubishi Starion A 139 0:2:35.46 22 Clive Smith / Paul Trevethan Nissan Skyline DR30 A 137 0:2:36.52 23 Michael Adcock / Geoffrey Full Toyota Corolla C 136 0:2:45.54 24 Ross Burbidge / Steve Williams Nissan Gazelle B 134 0:2:41.00 25 Tony Mulvihill / Glenn McIntire / Graham Moore Commodore VL A 133 0:2:29.74 26 Colin Bond / Bruce Stewart Ford Sierra RS500 A 131 0:2:20.44 27 Wayne Park / John Giddings Commodore VL A 130 0:2:25.98 DNF Joe Sommariva / Warren McKellar BMW 635CSi A DNF 0:2:16.79 DNF Lester Smerdon / Gary Hinton / Marty Turpin Commodore VL A DNF not available DNF Bob Holden / Joe McAndrew / Tim Hall Toyota Corolla C DNF not available DNF Reda Awadallah / Ray Lintott Commodore VL A DNF not available DNF Dennis Rogers / Marc Ducquet / Richard Vorst Toyota Corolla C DNF not available DNF Brett Riley / Ludwig Finauer BMW M3 B DNF not available DNF Craig Turner / Lou Vandermeer BMW M3 B DNF not available DNF Andrew Bagnall / Graeme Crosby Ford Sierra RS500 A DNF not available DNF Glenn Seton / Alain Ferte / Tony Noske Ford Sierra RS500 A DNF not available DNF Gerald Kay / Alf Grant Commodore VL A DNF not available DNF Garry Willmington / Tom Watkinson Toyota Supra A DNF not available DNF Chris Lambden / Greg Crick Commodore VL A DNF not available DNF John Sax / Graham Lorimer BMW M3 B DNF not available DNF Peter Brock / Andy Rouse Ford Sierra RS500 A DNF not available DNF Bob Tindal / Des Wall / John Leeson Commodore VL A DNF not available DNF Bill O'Brien / Brian Sampson Commodore VL A DNF not available DNF Ken Mathews / Garry Rogers Ford Sierra RS500 A DNF not available DNF Mark Gibbs / Rohan Onslow Commodore VL A DNF not available DNF Llynden Riethmuller / Ian Green Commodore VL A DNF not available DNF John Smith / Drew Price Toyota Supra A DNF not available DNF Pierre Dieudonne / Gregg Hansford Ford Sierra RS500 A DNF not available DNF Tim Slako / Geoff Leeds Commodore VL A DNF not available DNF Tony Longhurst / Neville Crichton Ford Sierra RS500 A DNF not available DNF Robbie Francevic / Gianfranco Brancatelli Ford Sierra RS500 A DNF not available DNF Terry Finnigan / John English Commodore VL A DNF not available DNF Murray Carter / John Mann Ford Sierra RS500 A DNF not available DNF Matt Wacker / Mike King Frank Porter Commodore VL A DNF not available DNF Andrew Miedecke / Charlie O'Brien Ford Sierra RS500 A DNF not available
1989,1000,Tooheys 1000 Mount Panorama,Bathurst 1st October,Tooheys 1000 Mount Panorama Bathurst 1st October 1989
1989,1000,Tooheys 1000 Mount Panorama,Bathurst 1st October,Number of Laps: 161 Total Race Time: 6:30:53.44 Fastest lap: Dick Johnson 2:19.12 (160.77 km/h) on lap 2 Classes: Class A - Over 2500cc; Class B - 1601-2500cc; Class C - Under 1600cc
1990,1,Win Percy,Allan Grice,Commodore VL
1990,2,Jeff Allam,Paul Radisich,Ford Sierra RS500
1990,3,Larry Perkins,Tomas Mezera,Commodore VL
1990,4,Peter Brock,Andy Rouse,Ford Sierra RS500
1990,5,Neil Crompton,Brad Jones,Commodore VL
1990,6,Kevin Waldock,Mike Preston,Ford Sierra RS500
1990,7,Andrew Bagnall,Robbie Francevic,Ford Sierra RS500
1990,8,Bill O'Brien,Brian Sampson,Commodore VL
1990,9,Chris Lambden,Greg Crick,Nissan Skyline HR31
1990,10,Klaus Niedzwiedz,Frank Biela,Ford Sierra RS500
1990,11,Andrew Miedecke,Charlie O'Brien,Ford Sierra RS500
1990,12,Phil Ward,John Goss,Mercedes 190E
1990,13,Mark Gibbs,Rohan Onslow,Commodore VL
1990,14,Peter Doulman,John Cotter,BMW M3
1990,15,Bruce Stewart,Bob Pearson,Commodore VL
1990,16,Ray Gulson,Graham Gulson,BMW 635CSi
1990,17,Kevin Bartlett,Russell Ingall,Commodore VL
1990,18,Jim Richards,Mark Skaife,Nissan GT-R
1990,19,Ray Lintott,Garry Rush,Ford Sierra RS500
1990,20,Garry Willmington,Bryan Thomson,Toyota Supra
1990,21,Brian Callaghan Jr,John Gerwald,Commodore VL
1990,22,Geoffrey Full,David Ratcliff,Toyota Corolla
1990,23,Paul Trevethan,Andrew McDowell,Commodore VL
1990,24,Brian Bolwell,Mike Twigden,BMW 323i
1990,25,David Sala,Richard Vorst,Toyota Corolla
1990,26,Bob Jones,Heather Spurle,Commodore VL
1990,27,Mike Dowson,Paul Stokell,Toyota Corolla
1990,1000,Tooheys 1000 Mount Panorama,Bathurst 30th September,Tooheys 1000 Mount Panorama Bathurst 30th September 1990 Number of Laps: 161 Total Race Time: 6:40:52.64 Fastest lap: Mark Skaife 2:15.46 (165.12 km/h) on lap 98 Class A - Over 2500cc; Class B - 1601-2500cc; Class C - Under 1600cc Please Note: You can sort this listing by simply clicking on the column heading PLACE DRIVER / CO DRIVER(S) VEHICLE CLASS LAPS QUALIFYING 1 Win Percy / Allan Grice Commodore VL A 161 0:2:16.17 2 Jeff Allam / Paul Radisich Ford Sierra RS500 A 161 0:2:16.42 3 Larry Perkins / Tomas Mezera Commodore VL A 161 0:2:17.30 4 Peter Brock / Andy Rouse Ford Sierra RS500 A 160 0:2:14.71 5 Neil Crompton / Brad Jones Commodore VL A 159 0:2:17.90 6 Kevin Waldock / Mike Preston Ford Sierra RS500 A 159 0:2:19.40 7 Andrew Bagnall / Robbie Francevic Ford Sierra RS500 A 155 0:2:18.68 8 Bill O'Brien / Brian Sampson Commodore VL A 153 0:2:24.82 9 Chris Lambden / Greg Crick Nissan Skyline HR31 A 151 0:2:22.62 10 Klaus Niedzwiedz / Frank Biela / Pierre Dieudonne Ford Sierra RS500 A 151 0:2:13.94 11 Andrew Miedecke / Charlie O'Brien / David Parsons Ford Sierra RS500 A 149 0:2:16.78 12 Phil Ward& / John Goss Mercedes 190E B 148 0:2:27.44 13 Mark Gibbs / Rohan Onslow Commodore VL A 148 0:2:20.80 14 Peter Doulman / John Cotter BMW M3 B 147 0:2:34.38 15 Bruce Stewart / Bob Pearson Commodore VL A 147 0:2:25.00 16 Ray Gulson / Graham Gulson BMW 635CSi A 147 0:2:31.80 17 Kevin Bartlett / Russell Ingall / Rohan Onslow Commodore VL A 146 0:2:21.48 18 Jim Richards / Mark Skaife Nissan GT-R A 146 0:2:15.66 19 Ray Lintott / Garry Rush / Terry Shiel Ford Sierra RS500 A 143 0:2:20.28 20 Garry Willmington / Bryan Thomson Toyota Supra A 143 0:2:29.92 21 Brian Callaghan Jr / John Gerwald / Jason Bargwanna Commodore VL A 143 0:2:30.46 22 Geoffrey Full / David Ratcliff Toyota Corolla C 142 0:2:37.32 23 Paul Trevethan / Andrew McDowell Commodore VL A 138 0:2:32.66 24 Brian Bolwell / Mike Twigden / David Pullen BMW 323i B 137 0:2:43.98 25 David Sala / Richard Vorst Toyota Corolla C 134 0:2:42.20 26 Bob Jones / Heather Spurle Commodore VL A 133 0:2:30.70 27 Mike Dowson / Paul Stokell / John Faulkner Toyota Corolla C 130 0:2:35.96 DNF Gregg Hansford / Pierre Dieudonne / Klaus Niedzwiedz Ford Sierra RS500 A DNF 0:2:16.17 DNF George Fury / Drew Price/ David Sears Ford Sierra RS500 A DNF not available DNF Brian Callaghan / Barry Graham Commodore VL A DNF not available DNF Gianfranco Brancatelli / Robb Gravett Ford Sierra RS500 A DNF not available DNF Murray Carter / Matt Wacker Ford Sierra RS500 A DNF not available DNF John Smith / Peter McKay / Mark Poole Toyota Supra A DNF not available DNF Peter Verheyen / Ron Searle / Russell Becker Toyota Corolla C DNF not available DNF Bob Holden / Mike Conway Toyota Corolla C DNF not available DNF Dick Johnson / John Bowe Ford Sierra RS500 A DNF not available DNF Graham Lusty / Peter Janson Commodore VL A DNF not available DNF Lester Smerdon / Graham Jonsson Commodore VL A DNF not available DNF Brett Riley / Craig Baird BMW M3 B DNF not available DNF Glenn Seton / Drew Price Ford Sierra RS500 A DNF not available DNF Steve Reed / Trevor Ashby Commodore VL A DNF not available DNF John Lusty / Bernie Stack Commodore VL A DNF not available DNF Alan Jones / Denny Hulme Ford Sierra RS500 A DNF not available DNF Alf Grant / Tim Grant Nissan Skyline A DNF not available DNF Laurie Donaher / Marc Ducquet Commodore VL A DNF not available DNF Dennis Rogers / Garry Jones Toyota Corolla C DNF not available DNF John Faulkner / Neal Bates Toyota Corolla C DNF not available DNF Peter Gazzard / Rick Bates Commodore VL A DNF not available DNF Tony Longhurst / Mark McLaughlin Ford Sierra RS500 A DNF not available DNF Wayne Park / John English Commodore VL A DNF not available DNF Colin Bond / Graeme Crosby Ford Sierra RS500 A DNF not available DNF Terry Finnigan / Geoff Leeds Commodore VL A DNF not available DNF Tony Mulvihill / Glenn McIntire / Dave Barrow Commodore VL A DNF not available DNF Garry Rogers / Graham Moore Commodore VL A DNF not available
1990,1000,Tooheys 1000 Mount Panorama,Bathurst 30th September,Tooheys 1000 Mount Panorama Bathurst 30th September 1990 Number of Laps: 161 Total Race Time: 6:40:52.64 Fastest lap: Mark Skaife 2:15.46 (165.12 km/h) on lap 98 Class A - Over 2500cc; Class B - 1601-2500cc; Class C - Under 1600cc Please Note: You can sort this listing by simply clicking on the column heading PLACE DRIVER / CO DRIVER(S) VEHICLE CLASS LAPS QUALIFYING 1 Win Percy / Allan Grice Commodore VL A 161 0:2:16.17 2 Jeff Allam / Paul Radisich Ford Sierra RS500 A 161 0:2:16.42 3 Larry Perkins / Tomas Mezera Commodore VL A 161 0:2:17.30 4 Peter Brock / Andy Rouse Ford Sierra RS500 A 160 0:2:14.71 5 Neil Crompton / Brad Jones Commodore VL A 159 0:2:17.90 6 Kevin Waldock / Mike Preston Ford Sierra RS500 A 159 0:2:19.40 7 Andrew Bagnall / Robbie Francevic Ford Sierra RS500 A 155 0:2:18.68 8 Bill O'Brien / Brian Sampson Commodore VL A 153 0:2:24.82 9 Chris Lambden / Greg Crick Nissan Skyline HR31 A 151 0:2:22.62 10 Klaus Niedzwiedz / Frank Biela / Pierre Dieudonne Ford Sierra RS500 A 151 0:2:13.94 11 Andrew Miedecke / Charlie O'Brien / David Parsons Ford Sierra RS500 A 149 0:2:16.78 12 Phil Ward& / John Goss Mercedes 190E B 148 0:2:27.44 13 Mark Gibbs / Rohan Onslow Commodore VL A 148 0:2:20.80 14 Peter Doulman / John Cotter BMW M3 B 147 0:2:34.38 15 Bruce Stewart / Bob Pearson Commodore VL A 147 0:2:25.00 16 Ray Gulson / Graham Gulson BMW 635CSi A 147 0:2:31.80 17 Kevin Bartlett / Russell Ingall / Rohan Onslow Commodore VL A 146 0:2:21.48 18 Jim Richards / Mark Skaife Nissan GT-R A 146 0:2:15.66 19 Ray Lintott / Garry Rush / Terry Shiel Ford Sierra RS500 A 143 0:2:20.28 20 Garry Willmington / Bryan Thomson Toyota Supra A 143 0:2:29.92 21 Brian Callaghan Jr / John Gerwald / Jason Bargwanna Commodore VL A 143 0:2:30.46 22 Geoffrey Full / David Ratcliff Toyota Corolla C 142 0:2:37.32 23 Paul Trevethan / Andrew McDowell Commodore VL A 138 0:2:32.66 24 Brian Bolwell / Mike Twigden / David Pullen BMW 323i B 137 0:2:43.98 25 David Sala / Richard Vorst Toyota Corolla C 134 0:2:42.20 26 Bob Jones / Heather Spurle Commodore VL A 133 0:2:30.70 27 Mike Dowson / Paul Stokell / John Faulkner Toyota Corolla C 130 0:2:35.96 DNF Gregg Hansford / Pierre Dieudonne / Klaus Niedzwiedz Ford Sierra RS500 A DNF 0:2:16.17 DNF George Fury / Drew Price/ David Sears Ford Sierra RS500 A DNF not available DNF Brian Callaghan / Barry Graham Commodore VL A DNF not available DNF Gianfranco Brancatelli / Robb Gravett Ford Sierra RS500 A DNF not available DNF Murray Carter / Matt Wacker Ford Sierra RS500 A DNF not available DNF John Smith / Peter McKay / Mark Poole Toyota Supra A DNF not available DNF Peter Verheyen / Ron Searle / Russell Becker Toyota Corolla C DNF not available DNF Bob Holden / Mike Conway Toyota Corolla C DNF not available DNF Dick Johnson / John Bowe Ford Sierra RS500 A DNF not available DNF Graham Lusty / Peter Janson Commodore VL A DNF not available DNF Lester Smerdon / Graham Jonsson Commodore VL A DNF not available DNF Brett Riley / Craig Baird BMW M3 B DNF not available DNF Glenn Seton / Drew Price Ford Sierra RS500 A DNF not available DNF Steve Reed / Trevor Ashby Commodore VL A DNF not available DNF John Lusty / Bernie Stack Commodore VL A DNF not available DNF Alan Jones / Denny Hulme Ford Sierra RS500 A DNF not available DNF Alf Grant / Tim Grant Nissan Skyline A DNF not available DNF Laurie Donaher / Marc Ducquet Commodore VL A DNF not available DNF Dennis Rogers / Garry Jones Toyota Corolla C DNF not available DNF John Faulkner / Neal Bates Toyota Corolla C DNF not available DNF Peter Gazzard / Rick Bates Commodore VL A DNF not available DNF Tony Longhurst / Mark McLaughlin Ford Sierra RS500 A DNF not available DNF Wayne Park / John English Commodore VL A DNF not available DNF Colin Bond / Graeme Crosby Ford Sierra RS500 A DNF not available DNF Terry Finnigan / Geoff Leeds Commodore VL A DNF not available DNF Tony Mulvihill / Glenn McIntire / Dave Barrow Commodore VL A DNF not available DNF Garry Rogers / Graham Moore Commodore VL A DNF not available
1990,1000,Tooheys 1000 Mount Panorama,Bathurst 30th September,Tooheys 1000 Mount Panorama Bathurst 30th September 1990
1990,1000,Tooheys 1000 Mount Panorama,Bathurst 30th September,Number of Laps: 161 Total Race Time: 6:40:52.64 Fastest lap: Mark Skaife 2:15.46 (165.12 km/h) on lap 98 Class A - Over 2500cc; Class B - 1601-2500cc; Class C - Under 1600cc
1991,1,Jim Richards,Mark Skaife,Nissan Skyline GT-R
1991,2,Win Percy,Allan Grice,Commodore VN
1991,3,Mark Gibbs,Rohan Onslow,Nissan GT-R
1991,4,Peter Fitzgerald,Denny Hulme,BMW M3
1991,5,Kevin Waldock,Brett Peters,Ford Sierra RS500
1991,6,Alf Grant,Tim Grant,Nissan Skyline HR31
1991,7,Peter Brock,Andrew Miedecke,Commodore VN
1991,8,Terry Finnigan,Geoff Leeds,Commodore VN
1991,9,Glenn Seton,Gregg Hansford,Ford Sierra RS500
1991,10,Brian Sala,Graham Lusty,Ford Sierra RS500
1991,11,Warren Jonsson,Graham Jonsson,Commodore VL
1991,12,Geoffrey Full,Paul Morris,Toyota Corolla
1991,13,Trevor Ashby,Steve Reed,Commodore VN
1991,14,Daryl Hendrick,Chris Lambden,Commodore VL
1991,15,Graham Moore,Michel Delcourt,Commodore VL
1991,16,Ray Gulson,Graham Gulson,BMW 635CSi
1991,17,Ron Searle,Don Griffiths,Toyota Corolla
1991,18,John Smith,Geoff Morgan,Toyota Supra
1991,19,Brad Wright,Ted Dumford,Toyota Corolla
1991,20,Bob Holden,Rauno Aaltonen,Toyota Corolla
1991,21,Ray Lintott,Tony Scott,Ford Sierra RS500
1991,22,Gary Brabham,Steve Millen,Ford Sierra RS500
1991,1000,Tooheys 1000 Mount Panorama,Bathurst 6th October,Tooheys 1000 Mount Panorama Bathurst 6th October 1991 Number of Laps: 161 Total Race Time: 6:19:14.80 Fastest lap: Mark Skaife 2:14.50 (166.30 km/h) on lap 130 Please Note: You can sort this listing by simply clicking on the column heading PLACE DRIVER / CO DRIVER(S) VEHICLE TEAM LAPS QUALIFYING FASTEST 1 Jim Richards / Mark Skaife Nissan Skyline GT-R Nissan Motor Sport 161 0:2:12.63 0:2:16.60 2 Win Percy / Allan Grice Commodore VN Holden Racing Team 160 0:2:17.74 0:2:18.80 3 Mark Gibbs / Rohan Onslow Nissan GT-R Bob Forbes Corporation 159 0:2:13.88 0:2:19.14 4 Peter Fitzgerald / Denny Hulme BMW M3 Benson & Hedges Racing 157 0:2:20.88 0:2:20.56 5 Kevin Waldock / Brett Peters Ford Sierra RS500 Playscape Racing 155 0:2:20.56 0:2:20.80 6 Alf Grant / Tim Grant Nissan Skyline HR31 Alf Grant Racing 148 0:2:26.44 0:2:27.34 7 Peter Brock / Andrew Miedecke Commodore VN Mobil 1 Racing Team 147 0:2:16.80 0:2:19.18 8 Terry Finnigan / Geoff Leeds Commodore VN Foodtown Supermarkets 146 0:2:22.78 0:2:23.58 9 Glenn Seton / Gregg Hansford Ford Sierra RS500 Glenn Seton Racing 146 0:2:14.90 0:2:17.58 10 Brian Sala / Graham Lusty Ford Sierra RS500 Brian Sala 140 0:2:29.78 0:2:26.98 11 Warren Jonsson / Graham Jonsson Commodore VL Warren A Jonsson 140 0:2:27.74 0:2:25.24 12 Geoffrey Full / Paul Morris Toyota Corolla Speetech Motorsport 140 0:2:34.54 0:2:37.28 13 Trevor Ashby / Steve Reed Commodore VN Lansvale Smash Repairs 137 0:2:19.44 0:2:20.96 14 Daryl Hendrick / Chris Lambden Commodore VL John White Gemspares 137 0:2:29.94 0:2:31.26 15 Graham Moore / Michel Delcourt Commodore VL Perkins Motorsport 136 0:2:20.90 0:2:22.16 16 Ray Gulson / Graham Gulson BMW 635CSi Ray Gulson 134 0:2:29.24 0:2:22.92 17 Ron Searle / Don Griffiths Toyota Corolla Mercantile Mutual 133 0:2:36.94 0:2:37.70 18 John Smith / Geoff Morgan Toyota Supra Mercantile Mutual 131 0:2:20.56 0:2:23.36 19 Brad Wright / Ted Dumford Toyota Corolla Bob Holden Motors 126 0:2:49.80 0:2:51.20 20 Bob Holden / Rauno Aaltonen / Dennis Rogers Toyota Corolla Bob Holden Motors 124 0:2:49.26 0:2:43.52 21 Ray Lintott / Tony Scott / John English Ford Sierra RS500 Valvoline 122 0:2:20.90 0:2:22.12 22 Gary Brabham / Steve Millen Ford Sierra RS500 Allan Moffat Enterprises 120 0:2:19.10 0:2:19.94 DNF Drew Price / Garry Waldron / Mark Skaife Nissan Skyline GT-R Nissan Motor Sport DNF 0:2:12.63 0:2:16.60 DNF Brad Jones / Neil Crompton Commodore VN Holden Racing Team DNF 0:2:12.63 not available DNF Colin Bond / Graeme Crosby Ford Sierra RS500 Caltex CXT Race Team DNF 0:2:12.63 not available DNF Charlie O'Brien / Gianfranco Brancatelli Ford Sierra RS500 Allan Moffat Enterprises DNF not available not available DNF Larry Perkins / Tomas Mezera Commodore VN Mobil 1 Racing Team DNF not available not available DNF Peter Janson / Peter Gazzard Commodore VL Captain Peter Janson DNF not available not available DNF Dick Johnson / John Bowe Ford Sierra RS500 Shell Racing DNF not available not available DNF John Bowe / Paul Radisich / Terry Shiel Ford Sierra RS500 Shell Racing DNF not available not available DNF Kyane Scott / Gregg Taylor Ford Sierra RS500 Shell Racing DNF not available not available DNF Bob Jones / Mike Imrie Commodore VL Cartrek Racing DNF not available not available DNF Laurie Donaher / Michael Donaher Commodore VL Hesonne Engineering DNF not available not available DNF Bob Pearson / Bruce Stewart Commodore VN Pro-Duct Motorsport DNF not available not available DNF David Parsons / Wayne Park Ford Sierra RS500 Glenn Seton Racing DNF not available not available DNF Bill O'Brien / Brian Callaghan / Brian Callaghan Jr Commodore VL Bill O'Brien DNF not available not available DNF Gary Willmington / Reda Awadullaht Toyota Supra Gary Willmington DNF not available not available DNF Brian Bolwell / Arthur Abrahams Toyota Supra Brian Bolwell DNF not available not available DNF Glenn McIntire / Dave Barrow Ford Sierra RS500 Brian Bolwell DNF not available not available DNF Alan Jones / Tony Longhurst BMW M3 Benson and Hedges Racing DNF not available not available DNF John Cotter / Peter Doulman BMW M3 M3 Motorsports DNF not available not available DNF Keith Sharp / Ian Spurle / Edgar Salwegter BMW M3 Kiwi Motorsports DNF not available not available DNF Neal Bates / Rick Bates Toyota Corolla Mercantile Mutual DNF not available not available DNF David Sala / Brad Stratton Toyota Corolla David Sala ; DNF not available not available DNF Peter Verheyen / John Vernon Toyota Corolla Peter Verheyen DNF not available not available
1991,1000,Tooheys 1000 Mount Panorama,Bathurst 6th October,Tooheys 1000 Mount Panorama Bathurst 6th October 1991 Number of Laps: 161 Total Race Time: 6:19:14.80 Fastest lap: Mark Skaife 2:14.50 (166.30 km/h) on lap 130 Please Note: You can sort this listing by simply clicking on the column heading PLACE DRIVER / CO DRIVER(S) VEHICLE TEAM LAPS QUALIFYING FASTEST 1 Jim Richards / Mark Skaife Nissan Skyline GT-R Nissan Motor Sport 161 0:2:12.63 0:2:16.60 2 Win Percy / Allan Grice Commodore VN Holden Racing Team 160 0:2:17.74 0:2:18.80 3 Mark Gibbs / Rohan Onslow Nissan GT-R Bob Forbes Corporation 159 0:2:13.88 0:2:19.14 4 Peter Fitzgerald / Denny Hulme BMW M3 Benson & Hedges Racing 157 0:2:20.88 0:2:20.56 5 Kevin Waldock / Brett Peters Ford Sierra RS500 Playscape Racing 155 0:2:20.56 0:2:20.80 6 Alf Grant / Tim Grant Nissan Skyline HR31 Alf Grant Racing 148 0:2:26.44 0:2:27.34 7 Peter Brock / Andrew Miedecke Commodore VN Mobil 1 Racing Team 147 0:2:16.80 0:2:19.18 8 Terry Finnigan / Geoff Leeds Commodore VN Foodtown Supermarkets 146 0:2:22.78 0:2:23.58 9 Glenn Seton / Gregg Hansford Ford Sierra RS500 Glenn Seton Racing 146 0:2:14.90 0:2:17.58 10 Brian Sala / Graham Lusty Ford Sierra RS500 Brian Sala 140 0:2:29.78 0:2:26.98 11 Warren Jonsson / Graham Jonsson Commodore VL Warren A Jonsson 140 0:2:27.74 0:2:25.24 12 Geoffrey Full / Paul Morris Toyota Corolla Speetech Motorsport 140 0:2:34.54 0:2:37.28 13 Trevor Ashby / Steve Reed Commodore VN Lansvale Smash Repairs 137 0:2:19.44 0:2:20.96 14 Daryl Hendrick / Chris Lambden Commodore VL John White Gemspares 137 0:2:29.94 0:2:31.26 15 Graham Moore / Michel Delcourt Commodore VL Perkins Motorsport 136 0:2:20.90 0:2:22.16 16 Ray Gulson / Graham Gulson BMW 635CSi Ray Gulson 134 0:2:29.24 0:2:22.92 17 Ron Searle / Don Griffiths Toyota Corolla Mercantile Mutual 133 0:2:36.94 0:2:37.70 18 John Smith / Geoff Morgan Toyota Supra Mercantile Mutual 131 0:2:20.56 0:2:23.36 19 Brad Wright / Ted Dumford Toyota Corolla Bob Holden Motors 126 0:2:49.80 0:2:51.20 20 Bob Holden / Rauno Aaltonen / Dennis Rogers Toyota Corolla Bob Holden Motors 124 0:2:49.26 0:2:43.52 21 Ray Lintott / Tony Scott / John English Ford Sierra RS500 Valvoline 122 0:2:20.90 0:2:22.12 22 Gary Brabham / Steve Millen Ford Sierra RS500 Allan Moffat Enterprises 120 0:2:19.10 0:2:19.94 DNF Drew Price / Garry Waldron / Mark Skaife Nissan Skyline GT-R Nissan Motor Sport DNF 0:2:12.63 0:2:16.60 DNF Brad Jones / Neil Crompton Commodore VN Holden Racing Team DNF 0:2:12.63 not available DNF Colin Bond / Graeme Crosby Ford Sierra RS500 Caltex CXT Race Team DNF 0:2:12.63 not available DNF Charlie O'Brien / Gianfranco Brancatelli Ford Sierra RS500 Allan Moffat Enterprises DNF not available not available DNF Larry Perkins / Tomas Mezera Commodore VN Mobil 1 Racing Team DNF not available not available DNF Peter Janson / Peter Gazzard Commodore VL Captain Peter Janson DNF not available not available DNF Dick Johnson / John Bowe Ford Sierra RS500 Shell Racing DNF not available not available DNF John Bowe / Paul Radisich / Terry Shiel Ford Sierra RS500 Shell Racing DNF not available not available DNF Kyane Scott / Gregg Taylor Ford Sierra RS500 Shell Racing DNF not available not available DNF Bob Jones / Mike Imrie Commodore VL Cartrek Racing DNF not available not available DNF Laurie Donaher / Michael Donaher Commodore VL Hesonne Engineering DNF not available not available DNF Bob Pearson / Bruce Stewart Commodore VN Pro-Duct Motorsport DNF not available not available DNF David Parsons / Wayne Park Ford Sierra RS500 Glenn Seton Racing DNF not available not available DNF Bill O'Brien / Brian Callaghan / Brian Callaghan Jr Commodore VL Bill O'Brien DNF not available not available DNF Gary Willmington / Reda Awadullaht Toyota Supra Gary Willmington DNF not available not available DNF Brian Bolwell / Arthur Abrahams Toyota Supra Brian Bolwell DNF not available not available DNF Glenn McIntire / Dave Barrow Ford Sierra RS500 Brian Bolwell DNF not available not available DNF Alan Jones / Tony Longhurst BMW M3 Benson and Hedges Racing DNF not available not available DNF John Cotter / Peter Doulman BMW M3 M3 Motorsports DNF not available not available DNF Keith Sharp / Ian Spurle / Edgar Salwegter BMW M3 Kiwi Motorsports DNF not available not available DNF Neal Bates / Rick Bates Toyota Corolla Mercantile Mutual DNF not available not available DNF David Sala / Brad Stratton Toyota Corolla David Sala ; DNF not available not available DNF Peter Verheyen / John Vernon Toyota Corolla Peter Verheyen DNF not available not available
1991,1000,Tooheys 1000 Mount Panorama,Bathurst 6th October,Tooheys 1000 Mount Panorama Bathurst 6th October 1991
1991,1000,Tooheys 1000 Mount Panorama,Bathurst 6th October,Number of Laps: 161 Total Race Time: 6:19:14.80 Fastest lap: Mark Skaife 2:14.50 (166.30 km/h) on lap 130
1992,1,Mark Skaife,Jim Richards,Nissan Skyline GTR
1992,2,Dick Johnson,John Bowe,Ford Sierra RS500
1992,3,Anders Olofsson,Neil Crompton,Nissan Skyline GTR
1992,4,Tony Longhurst,Johnny Cecotto,BMW M3
1992,5,Win Percy,Allan Grice,Commodore VP
1992,6,Mark GIbbs,Rohan Onslow,Nissan Skyline GTR
1992,7,Andrew Miedecke,Troy Dunstan,Commodore VN
1992,8,Wayne Park,David Parsons,Ford Sierra RS500
1992,9,Larry Perkins,Steve Harrington,Commodore VL
1992,10,Andrew Harris,Gary Cooke,Commodore VL
1992,11,Terry Shiel,Greg Crick,Ford Sierra RS500
1992,12,Alf Grant,Tim Grant,Nissan Skyline HR31
1992,13,Terry Finnigan,Garry Rogers,Commodore VN
1992,14,Kevin Waldock,Brett Peters,Ford Sierra RS500
1992,15,Tomas Mezera,Brad Jones,Commodore VP
1992,16,Warren Jonsson,Des Wall,Commodore VL
1992,17,Ray Gulson,Graham Gulson,BMW 635CSi
1992,18,Bill O'Brien,Barry Graham,Commodore VL
1992,19,Charlie O'Brien,Gary Brabham,Ford Sierra RS500
1992,20,Klaus Niedzwiedz,Gregg Hansford,Ford Sierra RS500
1992,21,Bob Jones,Peter Janson,Commodore VL
1992,22,Stuart McColl,Peter Gazzard,Commodore VL
1992,23,Scott Bargwanna,Jason Bargwanna,Toyota Corolla
1992,24,Peter Verheyen,Geoffrey Full,Toyota Corolla
1992,25,Neal Bates,Rick Bates,Toyota Corolla
1992,25,Graham Moore,Wayne Gardner,Commodore VN
1992,26,Peter Brock,Manuel Reuter,Commodore VP
1992,27,Gregg Easton,Brad Stratton,Toyota Corolla
1992,28,Ted Dunford,Brad Wright,Toyota Corolla
1992,29,Calvin Gardiner,Mike Conway,Toyota Corolla
1992,30,Stuart Murphy,Chris Barns,Toyota Corolla
1992,1000,Tooheys 1000 Mount Panorama,Bathurst 4th October,Tooheys 1000 Mount Panorama Bathurst 4th October 1992 Number of Laps: 143 Total Race Time: 6:19:14.80 Fastest lap: Mark Skaife 2:14.50 (166.30 km/h) on lap 130 Please Note: You can sort this listing by simply clicking on the column heading PLACE DRIVER / CO DRIVER(S) VEHICLE TEAM LAPS QUALIFYING FASTEST 1 Mark Skaife / Jim Richards Nissan Skyline GTR Winfield Racing 143 0:2:14.54 0:2:16.47 2 Dick Johnson / John Bowe Ford Sierra RS500 Shell Racing 143 0:2:12.89 0:2:16.78 3 Anders Olofsson / Neil Crompton Nissan Skyline GTR Winfield Racing 143 0:2:16.17 0:2:17.62 4 Tony Longhurst / Johnny Cecotto BMW M3 Benson & Hedges Racing 142 0:2:16.93 0:2:18.82 5 Win Percy / Allan Grice Commodore VP Holden Racing Team 141 0:2:16.21 0:2:18.24 6 Mark GIbbs / Rohan Onslow Nissan Skyline GTR Bob Forbes Corporation 138 0:2:14.54 0:2:18.37 7 Andrew Miedecke / Troy Dunstan Commodore VN Mobil 1 Racing 137 0:2:18.26 0:2:19.52 8 Wayne Park / David Parsons Ford Sierra RS500 Peter Jackson Racing 136 0:2:17.65 0:2:20.16 9 Larry Perkins / Steve Harrington Commodore VL Perkins Engineering 135 0:2:14.54 0:2:18.18 10 Andrew Harris / Gary Cooke / John Trimble Commodore VL Daily Planet 135 0:2:22.92 0:2:24.20 11 Terry Shiel / Greg Crick Ford Sierra RS500 Shell Racing 134 0:2:19.30 0:2:20.23 12 Alf Grant / Tim Grant Nissan Skyline HR31 Alf Grant Racing 134 0:2:24.93 0:2:25.60 13 Terry Finnigan / Garry Rogers Commodore VN Foodtown Supermarkets 133 0:2:20.45 0:2:24.55 14 Kevin Waldock / Brett Peters Ford Sierra RS500 Playscape Racing 132 0:2:20.57 0:2:23.52 15 Tomas Mezera / Brad Jones Commodore VP Holden Racing Team 131 0:2:16.28 0:2:18.10 16 Warren Jonsson / Des Wall Commodore VL Warren A Jonsson 130 0:2:25.77 0:2:27.22 17 Ray Gulson / Graham Gulson / Peter Beck BMW 635CSi Ray Gulson 129 0:2:28.24 0:2:29.96 18 Bill O'Brien / Barry Graham / Brian Callaghan JR Commodore VL Bill O'Brien 129 0:2:23.70 0:2:24.58 19 Charlie O'Brien / Gary Brabham Ford Sierra RS500 Allan Moffat Enterprises 129 0:2:16.78 0:2:20.37 20 Klaus Niedzwiedz / Gregg Hansford Ford Sierra RS500 Allan Moffat Enterprises 128 0:2:16.94 0:2:18.14 21 Bob Jones / Peter Janson Commodore VL Ampol Max Racing 128 0:2:23.5 0:2:25.96 22 Stuart McColl / Peter Gazzard Commodore VL Kart Mania 126 0:2:27.54 0:2:27.90 23 Scott Bargwanna / Jason Bargwanna Toyota Corolla Mercantile Mutual 126 0:2:36.99 0:2:41.90 24 Peter Verheyen / Geoffrey Full Toyota Corolla Peter Verheyen 125 0:2:37.27 0:2:38.47 25 Neal Bates / Rick Bates Toyota Corolla John Smith 125 0:2:35.94 0:2:39.49 25 Graham Moore / Wayne Gardner Commodore VN Formula 1 Investments 119 0:2:20.98 0:2:22.80 26 Peter Brock / Manuel Reuter Commodore VP Mobil 1 Racing 118 0:2:16.45 0:2:18.44 27 Gregg Easton / Brad Stratton / David Sala Toyota Corolla Adrian Brooke 115 0:2:45.78 0:2:46.68 28 Ted Dunford / Brad Wright Toyota Corolla Bob Holden Motorsport 113 0:2:50.36 0:2:56.92 29 Calvin Gardiner / Mike Conway / Geoff Forshaw Toyota Corolla Mountain Motorsport 112 0:2:46.27 0:2:45.27 30 Stuart Murphy / Chris Barns Toyota Corolla Stuart Murphy 110 0:2:52.67 0:2:50.99 DNF Steve Reed / Trevor Ashby Commodore VN Lansvale Smash Repairs DNF 0:2:14.54 0:2:16.47 DNF Peter Hopwood / Terry Bosnjak Ford Sierra RS500 Caltex CXT Race Team DNF not available not available DNF Colin Bond / John Smith Ford Sierra RS500 Caltex CXT Race Team DNF not available not available DNF Melinda Price / Denny Hulme BMW M3 Benson & Hedges Racing DNF not available not available DNF Daryl Hendrick / John Blanchard Commodore VL Gemspares DNF not available not available DNF John English / Ed Lamont Commodore VL Marathon Food DNF not available not available DNF Robbi Ker / Don Watson Commodore VL Car-Trek Racing DNF not available not available DNF Nick Newton / Rodney Jones / Ken Mathews Ford Sierra RS500 Rod Jones DNF not available not available DNF John Bourke / Keith Carling Toyota Supra John Bourke DNF not available not available DNF Garry Willmington / Tom Watkinson Commodore VL J & D Leeson DNF not available not available DNF Bryan Sala / Kevin Weeks / Brian Bolwell Ford Sierra RS500 Bryan Sala DNF not available not available DNF Peter Doulman / John Cotter BMW M3 M3 Motorsport DNF not available not available DNF Bob Holden / Dennis Rogers / Garry Jones Toyota Corolla Bob Holden Motors DNF not available not available DNF Frank Binding / Bob Tindal Toyota Corolla Binding Smash Repairs DNF not available not available DNF Malcom Rea / Ken Talbot Toyota Corolla Malcom Rea DNF not available not available DNF Glenn Seton / Alan Jones Ford Falcon EB Peter Jackson Racing DNF not available not available DNF Malcom Rea / Ken Talbert / Richard Wilson Toyota Corolla Malcom Rea DNF not available not available
1992,1000,Tooheys 1000 Mount Panorama,Bathurst 4th October,Tooheys 1000 Mount Panorama Bathurst 4th October 1992 Number of Laps: 143 Total Race Time: 6:19:14.80 Fastest lap: Mark Skaife 2:14.50 (166.30 km/h) on lap 130 Please Note: You can sort this listing by simply clicking on the column heading PLACE DRIVER / CO DRIVER(S) VEHICLE TEAM LAPS QUALIFYING FASTEST 1 Mark Skaife / Jim Richards Nissan Skyline GTR Winfield Racing 143 0:2:14.54 0:2:16.47 2 Dick Johnson / John Bowe Ford Sierra RS500 Shell Racing 143 0:2:12.89 0:2:16.78 3 Anders Olofsson / Neil Crompton Nissan Skyline GTR Winfield Racing 143 0:2:16.17 0:2:17.62 4 Tony Longhurst / Johnny Cecotto BMW M3 Benson & Hedges Racing 142 0:2:16.93 0:2:18.82 5 Win Percy / Allan Grice Commodore VP Holden Racing Team 141 0:2:16.21 0:2:18.24 6 Mark GIbbs / Rohan Onslow Nissan Skyline GTR Bob Forbes Corporation 138 0:2:14.54 0:2:18.37 7 Andrew Miedecke / Troy Dunstan Commodore VN Mobil 1 Racing 137 0:2:18.26 0:2:19.52 8 Wayne Park / David Parsons Ford Sierra RS500 Peter Jackson Racing 136 0:2:17.65 0:2:20.16 9 Larry Perkins / Steve Harrington Commodore VL Perkins Engineering 135 0:2:14.54 0:2:18.18 10 Andrew Harris / Gary Cooke / John Trimble Commodore VL Daily Planet 135 0:2:22.92 0:2:24.20 11 Terry Shiel / Greg Crick Ford Sierra RS500 Shell Racing 134 0:2:19.30 0:2:20.23 12 Alf Grant / Tim Grant Nissan Skyline HR31 Alf Grant Racing 134 0:2:24.93 0:2:25.60 13 Terry Finnigan / Garry Rogers Commodore VN Foodtown Supermarkets 133 0:2:20.45 0:2:24.55 14 Kevin Waldock / Brett Peters Ford Sierra RS500 Playscape Racing 132 0:2:20.57 0:2:23.52 15 Tomas Mezera / Brad Jones Commodore VP Holden Racing Team 131 0:2:16.28 0:2:18.10 16 Warren Jonsson / Des Wall Commodore VL Warren A Jonsson 130 0:2:25.77 0:2:27.22 17 Ray Gulson / Graham Gulson / Peter Beck BMW 635CSi Ray Gulson 129 0:2:28.24 0:2:29.96 18 Bill O'Brien / Barry Graham / Brian Callaghan JR Commodore VL Bill O'Brien 129 0:2:23.70 0:2:24.58 19 Charlie O'Brien / Gary Brabham Ford Sierra RS500 Allan Moffat Enterprises 129 0:2:16.78 0:2:20.37 20 Klaus Niedzwiedz / Gregg Hansford Ford Sierra RS500 Allan Moffat Enterprises 128 0:2:16.94 0:2:18.14 21 Bob Jones / Peter Janson Commodore VL Ampol Max Racing 128 0:2:23.5 0:2:25.96 22 Stuart McColl / Peter Gazzard Commodore VL Kart Mania 126 0:2:27.54 0:2:27.90 23 Scott Bargwanna / Jason Bargwanna Toyota Corolla Mercantile Mutual 126 0:2:36.99 0:2:41.90 24 Peter Verheyen / Geoffrey Full Toyota Corolla Peter Verheyen 125 0:2:37.27 0:2:38.47 25 Neal Bates / Rick Bates Toyota Corolla John Smith 125 0:2:35.94 0:2:39.49 25 Graham Moore / Wayne Gardner Commodore VN Formula 1 Investments 119 0:2:20.98 0:2:22.80 26 Peter Brock / Manuel Reuter Commodore VP Mobil 1 Racing 118 0:2:16.45 0:2:18.44 27 Gregg Easton / Brad Stratton / David Sala Toyota Corolla Adrian Brooke 115 0:2:45.78 0:2:46.68 28 Ted Dunford / Brad Wright Toyota Corolla Bob Holden Motorsport 113 0:2:50.36 0:2:56.92 29 Calvin Gardiner / Mike Conway / Geoff Forshaw Toyota Corolla Mountain Motorsport 112 0:2:46.27 0:2:45.27 30 Stuart Murphy / Chris Barns Toyota Corolla Stuart Murphy 110 0:2:52.67 0:2:50.99 DNF Steve Reed / Trevor Ashby Commodore VN Lansvale Smash Repairs DNF 0:2:14.54 0:2:16.47 DNF Peter Hopwood / Terry Bosnjak Ford Sierra RS500 Caltex CXT Race Team DNF not available not available DNF Colin Bond / John Smith Ford Sierra RS500 Caltex CXT Race Team DNF not available not available DNF Melinda Price / Denny Hulme BMW M3 Benson & Hedges Racing DNF not available not available DNF Daryl Hendrick / John Blanchard Commodore VL Gemspares DNF not available not available DNF John English / Ed Lamont Commodore VL Marathon Food DNF not available not available DNF Robbi Ker / Don Watson Commodore VL Car-Trek Racing DNF not available not available DNF Nick Newton / Rodney Jones / Ken Mathews Ford Sierra RS500 Rod Jones DNF not available not available DNF John Bourke / Keith Carling Toyota Supra John Bourke DNF not available not available DNF Garry Willmington / Tom Watkinson Commodore VL J & D Leeson DNF not available not available DNF Bryan Sala / Kevin Weeks / Brian Bolwell Ford Sierra RS500 Bryan Sala DNF not available not available DNF Peter Doulman / John Cotter BMW M3 M3 Motorsport DNF not available not available DNF Bob Holden / Dennis Rogers / Garry Jones Toyota Corolla Bob Holden Motors DNF not available not available DNF Frank Binding / Bob Tindal Toyota Corolla Binding Smash Repairs DNF not available not available DNF Malcom Rea / Ken Talbot Toyota Corolla Malcom Rea DNF not available not available DNF Glenn Seton / Alan Jones Ford Falcon EB Peter Jackson Racing DNF not available not available DNF Malcom Rea / Ken Talbert / Richard Wilson Toyota Corolla Malcom Rea DNF not available not available
1992,1000,Tooheys 1000 Mount Panorama,Bathurst 4th October,Tooheys 1000 Mount Panorama Bathurst 4th October 1992
1992,1000,Tooheys 1000 Mount Panorama,Bathurst 4th October,Number of Laps: 143 Total Race Time: 6:19:14.80 Fastest lap: Mark Skaife 2:14.50 (166.30 km/h) on lap 130
1993,1,Larry Perkins,Gregg Hansford,Commodore VP
1993,2,Mark Skaife,Jim Richards,Commodore VP
1993,3,Wayne Gardne,Brad Jones,Commodore VP
1993,4,David Brabham,Anders Olofsson,Commodore VP
1993,5,Troy Dunstan,Steve Harrington,Commodore VP
1993,6,Geoff Brabham,David Parsons,Falcon EB
1993,7,Bob Jones,Greg Crick,Commodore VP
1993,8,Paul Radisich,Cameron McConville,Falcon EB
1993,9,Terry Finnigan,Garry Rogers,Commodore VP
1993,10,Bob Pearson,Bruce Stewart,Commodore VP
1993,11,John Blanchard,Jeff Allam,BMW M3
1993,12,Michael Donaher,Laurie Donaher,Commodore VL
1993,13,Warren Jonsson,Des Wall,Commodore VL
1993,14,John Trimbole,Andrew Harris,Commodore VL
1993,15,Paul Morris,Joachim Winkelhock,BMW M3
1993,16,Mike Preston,Brett Peters,Falcon EB
1993,17,Peter Brock,John Cleland,Commodore VP
1993,18,Stuart McColl,Peter Gazzard,Commodore VP
1993,19,John Cotter,Peter Doulman,BMW M3
1993,20,Graham Lusty,Kevin Heffernan,Commodore VL
1993,21,John English,Brett Youlden,Commodore VL
1993,22,Dennis Rogers,Peter Hopwood,Toyota Corolla
1993,23,Mike Conway,Calvin Gardiner,Toyota Corolla
1993,24,Glenn Seton,Alan Jones,Falcon EB
1993,25,Neil Crompton,Mark Gibbs,Commodore VP
1993,25,Steve Masterton,Peter Hills,Ford Sierra RS
1993,26,John Smith,Neal Bates,Corolla Seca
1993,27,Tomas Mezera,Win Percy,Commodore VP
1993,28,Brad Stratton,Chris Madden,Toyota Corolla
1993,29,Dick Johnson,John Bowe,Falcon EB
1993,30,Richard Wilson,Gregg McShane,Commodore VL
1993,1000,Tooheys 1000 Mount Panorama,Bathurst 3rd October,Tooheys 1000 Mount Panorama Bathurst 3rd October 1993 Number of Laps: 161 Total Race Time: 6:29:6.69 Fastest lap: Mark Skaife 2:14.803 (165.92 km/h) on lap 84 Classes: Class A - Over 2000cc; Class B - Up to 2000cc Please Note: You can sort this listing by simply clicking on the column heading PLACE DRIVER / CO DRIVER(S) VEHICLE CLASS LAPS QUALIFYING 1 Larry Perkins / Gregg Hansford Commodore VP A 161 0:2:13.13 2 Mark Skaife / Jim Richards Commodore VP A 161 0:2:13.57 3 Wayne Gardne / Brad Jones Commodore VP A 160 0:2:14.90 4 David Brabham / Anders Olofsson Commodore VP A 159 0:2:16.30 5 Troy Dunstan / Steve Harrington Commodore VP A 156 0:2:16.49 6 Geoff Brabham / David Parsons Falcon EB A 154 0:2:16.78 7 Bob Jones / Greg Crick Commodore VP A 153 0:2:16.96 8 Paul Radisich / Cameron McConville Falcon EB A 151 0:2:16.54 9 Terry Finnigan / Garry Rogers Commodore VP A 150 0:2:19.41 10 Bob Pearson / Bruce Stewart Commodore VP A 148 0:2:17.36 11 John Blanchard / Jeff Allam BMW M3 A 148 0:2:21.51 12 Michael Donaher / Laurie Donaher Commodore VL A 147 0:2:21.43 13 Warren Jonsson / Des Wall Commodore VL A 146 0:2:24.61 14 John Trimbole / Andrew Harris Commodore VL A 146 0:2:24.81 15 Paul Morris / Joachim Winkelhock BMW M3 A 146 0:2:15.90 16 Mike Preston / Brett Peters Falcon EB A 145 0:2:19.37 17 Peter Brock / John Cleland Commodore VP A 142 0:2:16.25 18 Stuart McColl / Peter Gazzard Commodore VP A 140 0:2:21.11 19 John Cotter / Peter Doulman BMW M3 A 136 0:2:33.50 20 Graham Lusty / Kevin Heffernan / John Lusty Commodore VL A 135 0:2:25.88 21 John English / Brett Youlden Commodore VL A 134 0:2:24.29 22 Dennis Rogers / Peter Hopwood Toyota Corolla B 128 0:2:56.72 23 Mike Conway / Calvin Gardiner / Gavin Monaghan Toyota Corolla B 127 0:2:39.43 24 Glenn Seton / Alan Jones Falcon EB A DNF 0:2:13.13 25 Neil Crompton / Mark Gibbs Commodore VP A DNF not available 25 Steve Masterton / Peter Hills Ford Sierra RS B DNF not available 26 John Smith / Neal Bates Corolla Seca B DNF not available 27 Tomas Mezera / Win Percy Commodore VP A DNF not available 28 Brad Stratton / Chris Madden Toyota Corolla B DNF not available 29 Dick Johnson / John Bowe Falcon EB A DNF not available 30 Richard Wilson / Gregg McShane / Glenn Mason Commodore VL A DNF not available DNF Bill O'Brien / Barry Graham / Brian Callaghan Jr Commodore VL A DNF not available DNF Trevor Ashby / Steve Reed Commodore VP A DNF not available DNF Tony Longhurst / Steve Soper BMW M3 A DNF not available DNF Ray Gulson / Graham Gulson BMW 635CSi A DNF not available DNF Colin Bond / Terry Bosnjak Corolla Seca B DNF not available DNF Steve Ellery / Garry Gosatti Ford Sierra RS B DNF not available DNF Steve Cramp / Denis Cribbin Toyota Corolla B DNF not available DNF Geoff Full / Peter Fitzgerald BMW M3 A DNF not available DNF Frank Binding / Frank Dartell Toyota Corolla B DNF not available DNF Matthew Martin / Spencer Martin / David McMillan Toyota Corolla B DNF not available DNF Charlie O'Brien / Andrew Miedecke Falcon EB A DNF not available DNF Ken Mathews / Tony Mulvihill / John Mathews Commodore VL A DNF not available DNF Garry Willmington / Tom Watkinson / Darren Pate Falcon EB A DNF not available DNF Gregg Easton / Kurt Kratzmann Toyota Corolla B DNF not available
1993,1000,Tooheys 1000 Mount Panorama,Bathurst 3rd October,Tooheys 1000 Mount Panorama Bathurst 3rd October 1993 Number of Laps: 161 Total Race Time: 6:29:6.69 Fastest lap: Mark Skaife 2:14.803 (165.92 km/h) on lap 84 Classes: Class A - Over 2000cc; Class B - Up to 2000cc Please Note: You can sort this listing by simply clicking on the column heading PLACE DRIVER / CO DRIVER(S) VEHICLE CLASS LAPS QUALIFYING 1 Larry Perkins / Gregg Hansford Commodore VP A 161 0:2:13.13 2 Mark Skaife / Jim Richards Commodore VP A 161 0:2:13.57 3 Wayne Gardne / Brad Jones Commodore VP A 160 0:2:14.90 4 David Brabham / Anders Olofsson Commodore VP A 159 0:2:16.30 5 Troy Dunstan / Steve Harrington Commodore VP A 156 0:2:16.49 6 Geoff Brabham / David Parsons Falcon EB A 154 0:2:16.78 7 Bob Jones / Greg Crick Commodore VP A 153 0:2:16.96 8 Paul Radisich / Cameron McConville Falcon EB A 151 0:2:16.54 9 Terry Finnigan / Garry Rogers Commodore VP A 150 0:2:19.41 10 Bob Pearson / Bruce Stewart Commodore VP A 148 0:2:17.36 11 John Blanchard / Jeff Allam BMW M3 A 148 0:2:21.51 12 Michael Donaher / Laurie Donaher Commodore VL A 147 0:2:21.43 13 Warren Jonsson / Des Wall Commodore VL A 146 0:2:24.61 14 John Trimbole / Andrew Harris Commodore VL A 146 0:2:24.81 15 Paul Morris / Joachim Winkelhock BMW M3 A 146 0:2:15.90 16 Mike Preston / Brett Peters Falcon EB A 145 0:2:19.37 17 Peter Brock / John Cleland Commodore VP A 142 0:2:16.25 18 Stuart McColl / Peter Gazzard Commodore VP A 140 0:2:21.11 19 John Cotter / Peter Doulman BMW M3 A 136 0:2:33.50 20 Graham Lusty / Kevin Heffernan / John Lusty Commodore VL A 135 0:2:25.88 21 John English / Brett Youlden Commodore VL A 134 0:2:24.29 22 Dennis Rogers / Peter Hopwood Toyota Corolla B 128 0:2:56.72 23 Mike Conway / Calvin Gardiner / Gavin Monaghan Toyota Corolla B 127 0:2:39.43 24 Glenn Seton / Alan Jones Falcon EB A DNF 0:2:13.13 25 Neil Crompton / Mark Gibbs Commodore VP A DNF not available 25 Steve Masterton / Peter Hills Ford Sierra RS B DNF not available 26 John Smith / Neal Bates Corolla Seca B DNF not available 27 Tomas Mezera / Win Percy Commodore VP A DNF not available 28 Brad Stratton / Chris Madden Toyota Corolla B DNF not available 29 Dick Johnson / John Bowe Falcon EB A DNF not available 30 Richard Wilson / Gregg McShane / Glenn Mason Commodore VL A DNF not available DNF Bill O'Brien / Barry Graham / Brian Callaghan Jr Commodore VL A DNF not available DNF Trevor Ashby / Steve Reed Commodore VP A DNF not available DNF Tony Longhurst / Steve Soper BMW M3 A DNF not available DNF Ray Gulson / Graham Gulson BMW 635CSi A DNF not available DNF Colin Bond / Terry Bosnjak Corolla Seca B DNF not available DNF Steve Ellery / Garry Gosatti Ford Sierra RS B DNF not available DNF Steve Cramp / Denis Cribbin Toyota Corolla B DNF not available DNF Geoff Full / Peter Fitzgerald BMW M3 A DNF not available DNF Frank Binding / Frank Dartell Toyota Corolla B DNF not available DNF Matthew Martin / Spencer Martin / David McMillan Toyota Corolla B DNF not available DNF Charlie O'Brien / Andrew Miedecke Falcon EB A DNF not available DNF Ken Mathews / Tony Mulvihill / John Mathews Commodore VL A DNF not available DNF Garry Willmington / Tom Watkinson / Darren Pate Falcon EB A DNF not available DNF Gregg Easton / Kurt Kratzmann Toyota Corolla B DNF not available
1993,1000,Tooheys 1000 Mount Panorama,Bathurst 3rd October,Tooheys 1000 Mount Panorama Bathurst 3rd October 1993
1993,1000,Tooheys 1000 Mount Panorama,Bathurst 3rd October,Number of Laps: 161 Total Race Time: 6:29:6.69 Fastest lap: Mark Skaife 2:14.803 (165.92 km/h) on lap 84 Classes: Class A - Over 2000cc; Class B - Up to 2000cc
1994,1,Dick Johnson,John Bowe,Falcon EB
1994,2,Brad Jones,Craig Lowndes,Commodore VP
1994,3,Larry Perkins,Gregg Hansford,Commodore VP
1994,4,Tony Longhurst,Charlie O'Brien,Commodore VP
1994,5,Win Percy,Russell Ingall,Commodore VP
1994,6,Colin Bond,Anders Olofsson,Commodore VP
1994,7,Allan Grice,Steve Johnson,Falcon EB
1994,8,Andrew Miedecke,Jeff Allam,Falcon EB
1994,9,John Trimbole,Garry Waldon,Commodore VP
1994,10,Paul Morris,Altfrid Heger,BMW 318i
1994,11,Craig Baird,Brett Riley,BMW 318i
1994,12,Warwick Rooklyn,John Blanchard,BMW 318i
1994,13,Chris Smerdon,Cameron McConville,Commodore VP
1994,14,Ian Palmer,Brett Peters,Commodore VP
1994,15,Neil Schembri,Rodney Crick,Commodore VP
1994,16,Bob Jones,Troy Dunstan,Commodore VP
1994,17,Ed Lamont,Graham Gulson,Commodore VP
1994,18,Alan Taylor,Stephen Bell,Commodore VL
1994,19,Peter Doulman,John Cotter,BMW M3
1994,20,Barry Graham,Brian Callaghan Jr,Commodore VL
1994,21,Richard Wilson,Troy Nicholson,Commodore VP
1994,22,Stuart McColl,Peter Gazzard,Commodore VP
1994,23,James Kaye,Greg Murphy,Toyota Corona
1994,24,Steve Reed,Trevor Ashby,Commodore VP
1994,25,Peter McKay,Jamie Miller,Mercedes 190E
1994,25,Mike Conway,George Ayoub,Commodore VL
1994,26,Greg Crick,Tony Scott,Commodore VP
1994,27,Peter Brock,Tomas Mezera,Commodore VP
1994,28,Garry Willmington,Jeff Barnes,Falcon EB
1994,29,Phil Ward,Steven Ellery,Commodore VP
1994,30,Wayne Gardner,Neil Crompton,Commodore VP
1994,1000,Tooheys 1000 Mount Panorama,Bathurst 2nd October,Tooheys 1000 Mount Panorama Bathurst 2nd October 1994 Number of Laps: 161 Total Race Time: 7:3:45.8425 Fastest lap: Dick Johnson 2:14.1458 (166.74 km/h) on lap 108 Classes: Class A - CAMS 5 liter; Class B - FIA 2 liter Please Note: You can sort this listing by simply clicking on the column heading PLACE DRIVER / CO DRIVER(S) VEHICLE CLASS LAPS QUALIFYING 1 Dick Johnson / John Bowe Falcon EB A 161 0:2:13.6164 2 Brad Jones / Craig Lowndes Commodore VP A 161 0:2:13.5126 3 Larry Perkins / Gregg Hansford Commodore VP A 161 0:2:13.2338 4 Tony Longhurst / Charlie O'Brien Commodore VP A 161 0:2:12.7549 5 Win Percy / Russell Ingall Commodore VP A 161 0:2:14.499 6 Colin Bond / Anders Olofsson Commodore VP A 161 0:2:14.5095 7 Allan Grice / Steve Johnson Falcon EB A 160 0:2:13.1959 8 Andrew Miedecke / Jeff Allam Falcon EB A 157 0:2:17.3621 9 John Trimbole / Garry Waldon Commodore VP A 156 0:2:17.9627 10 Paul Morris / Altfrid Heger BMW 318i B 155 0:2:24.6999 11 Craig Baird / Brett Riley BMW 318i B 152 0:2:26.9755 12 Warwick Rooklyn / John Blanchard BMW 318i B 152 0:2:24.8104 13 Chris Smerdon / Cameron McConville Commodore VP A 151 0:2:18.6004 14 Ian Palmer / Brett Peters Commodore VP A 151 0:2:20.6978 15 Neil Schembri / Rodney Crick Commodore VP A 149 0:2:19.3198 16 Bob Jones / Troy Dunstan Commodore VP A 148 0:2:17.8340 17 Ed Lamont / Graham Gulson Commodore VP A 146 0:2:19.2186 18 Alan Taylor / Stephen Bell / Roger Hurd Commodore VL A 145 0:2:27.1379 19 Peter Doulman / John Cotter BMW M3 B 144 0:2:31.4227 20 Barry Graham / Brian Callaghan Jr Commodore VL A 143 0:2:23.1467 21 Richard Wilson / Troy Nicholson / Richard Shaw Commodore VP A 143 0:2:23.4000 22 Stuart McColl / Peter Gazzard Commodore VP A 142 0:2:19.4826 23 James Kaye / Greg Murphy Toyota Corona B 136 0:2:26.4827 24 Steve Reed / Trevor Ashby Commodore VP A 134 0:2:16.8615 25 Peter McKay / Jamie Miller Mercedes 190E B 126 0:2:38.8370 25 Mike Conway / George Ayoub / Kevin Heffernan Commodore VL A 123 0:2:28.4523 26 Greg Crick / Tony Scott Commodore VP A DNF 0:2:13.6164 27 Peter Brock / Tomas Mezera Commodore VP A DNF not available 28 Garry Willmington / Jeff Barnes Falcon EB A DNF not available 29 Phil Ward / Steven Ellery Commodore VP A DNF not available 30 Wayne Gardner / Neil Crompton Commodore VP A DNF not available DNF Greg Fahey / Denis Cribbin Commodore VL A DNF not available DNF Terry Finnigan / Steve Williams Commodore VP A DNF not available DNF Ryan McLeod / Kevin Burton / Peter McLeod Commodore VL A DNF not available DNF Glenn Seton / Paul Radisich Falcon EB A DNF not available DNF Wayne Russell / Bernie Gillon Commodore VL A DNF not available DNF Bill Sieders / Allan Letcher Peugeot 405 B DNF not available DNF Alan Jones / David Parsons Falcon EB A DNF not available DNF Mark Skaife / Jim Richards Commodore VP A DNF not available DNF Peter Hills / Dennis Rogers Ford Sierra RS B DNF not available DNF Steve Hardman / Geoff Full Hyundai Lantra B DNF not available DNF Brett Youlden / Malcolm Stenniken Commodore VL A DNF not available DNF Kevin Waldock / Michael Preston Falcon EB A DNF not available DNF Ken Mathews / Matthew Martin Peugeot 405 A DNF not available DNF Andrew Reid / Melinda Price / Garry Jones Toyota Corolla B DNF not available
1994,1000,Tooheys 1000 Mount Panorama,Bathurst 2nd October,Tooheys 1000 Mount Panorama Bathurst 2nd October 1994 Number of Laps: 161 Total Race Time: 7:3:45.8425 Fastest lap: Dick Johnson 2:14.1458 (166.74 km/h) on lap 108 Classes: Class A - CAMS 5 liter; Class B - FIA 2 liter Please Note: You can sort this listing by simply clicking on the column heading PLACE DRIVER / CO DRIVER(S) VEHICLE CLASS LAPS QUALIFYING 1 Dick Johnson / John Bowe Falcon EB A 161 0:2:13.6164 2 Brad Jones / Craig Lowndes Commodore VP A 161 0:2:13.5126 3 Larry Perkins / Gregg Hansford Commodore VP A 161 0:2:13.2338 4 Tony Longhurst / Charlie O'Brien Commodore VP A 161 0:2:12.7549 5 Win Percy / Russell Ingall Commodore VP A 161 0:2:14.499 6 Colin Bond / Anders Olofsson Commodore VP A 161 0:2:14.5095 7 Allan Grice / Steve Johnson Falcon EB A 160 0:2:13.1959 8 Andrew Miedecke / Jeff Allam Falcon EB A 157 0:2:17.3621 9 John Trimbole / Garry Waldon Commodore VP A 156 0:2:17.9627 10 Paul Morris / Altfrid Heger BMW 318i B 155 0:2:24.6999 11 Craig Baird / Brett Riley BMW 318i B 152 0:2:26.9755 12 Warwick Rooklyn / John Blanchard BMW 318i B 152 0:2:24.8104 13 Chris Smerdon / Cameron McConville Commodore VP A 151 0:2:18.6004 14 Ian Palmer / Brett Peters Commodore VP A 151 0:2:20.6978 15 Neil Schembri / Rodney Crick Commodore VP A 149 0:2:19.3198 16 Bob Jones / Troy Dunstan Commodore VP A 148 0:2:17.8340 17 Ed Lamont / Graham Gulson Commodore VP A 146 0:2:19.2186 18 Alan Taylor / Stephen Bell / Roger Hurd Commodore VL A 145 0:2:27.1379 19 Peter Doulman / John Cotter BMW M3 B 144 0:2:31.4227 20 Barry Graham / Brian Callaghan Jr Commodore VL A 143 0:2:23.1467 21 Richard Wilson / Troy Nicholson / Richard Shaw Commodore VP A 143 0:2:23.4000 22 Stuart McColl / Peter Gazzard Commodore VP A 142 0:2:19.4826 23 James Kaye / Greg Murphy Toyota Corona B 136 0:2:26.4827 24 Steve Reed / Trevor Ashby Commodore VP A 134 0:2:16.8615 25 Peter McKay / Jamie Miller Mercedes 190E B 126 0:2:38.8370 25 Mike Conway / George Ayoub / Kevin Heffernan Commodore VL A 123 0:2:28.4523 26 Greg Crick / Tony Scott Commodore VP A DNF 0:2:13.6164 27 Peter Brock / Tomas Mezera Commodore VP A DNF not available 28 Garry Willmington / Jeff Barnes Falcon EB A DNF not available 29 Phil Ward / Steven Ellery Commodore VP A DNF not available 30 Wayne Gardner / Neil Crompton Commodore VP A DNF not available DNF Greg Fahey / Denis Cribbin Commodore VL A DNF not available DNF Terry Finnigan / Steve Williams Commodore VP A DNF not available DNF Ryan McLeod / Kevin Burton / Peter McLeod Commodore VL A DNF not available DNF Glenn Seton / Paul Radisich Falcon EB A DNF not available DNF Wayne Russell / Bernie Gillon Commodore VL A DNF not available DNF Bill Sieders / Allan Letcher Peugeot 405 B DNF not available DNF Alan Jones / David Parsons Falcon EB A DNF not available DNF Mark Skaife / Jim Richards Commodore VP A DNF not available DNF Peter Hills / Dennis Rogers Ford Sierra RS B DNF not available DNF Steve Hardman / Geoff Full Hyundai Lantra B DNF not available DNF Brett Youlden / Malcolm Stenniken Commodore VL A DNF not available DNF Kevin Waldock / Michael Preston Falcon EB A DNF not available DNF Ken Mathews / Matthew Martin Peugeot 405 A DNF not available DNF Andrew Reid / Melinda Price / Garry Jones Toyota Corolla B DNF not available
1994,1000,Tooheys 1000 Mount Panorama,Bathurst 2nd October,Tooheys 1000 Mount Panorama Bathurst 2nd October 1994
1994,1000,Tooheys 1000 Mount Panorama,Bathurst 2nd October,Number of Laps: 161 Total Race Time: 7:3:45.8425 Fastest lap: Dick Johnson 2:14.1458 (166.74 km/h) on lap 108 Classes: Class A - CAMS 5 liter; Class B - FIA 2 liter
1995,1,Larry Perkins,Russell Ingall,Commodore VR
1995,2,Alan Jones,Allan Grice,Falcon EF
1995,3,Wayne Gardner,Neil Crompton,Commodore VR
1995,4,Anders Olofsson,Steven Richards,Commodore VR
1995,5,Brad Jones,Win Percy,Commodore VR
1995,6,Tony Scott,John Cleland,Commodore VR
1995,7,Charles O'Brien,Steven Johnson,Falcon EF
1995,8,Kevin Waldock,Mark McLaughlin,Falcon EF
1995,9,Tony Longhurst,Wayne Park,Falcon EF
1995,10,Bill O'Brien,Brian Callaghan,Commodore VL
1995,11,Scotty Taylor,Stephen Bell,Commodore VP
1995,12,Kevin Heffernan,Stephen Voight,Commodore VP
1995,13,Edwin Lamont,Graham Gulson,Commodore VP
1995,14,David Attard,Greg Crick,Commodore VP
1995,15,Wayne Russell,Richard Shaw,Commodore VP
1995,16,Mark Poole,Ed Ordynski,Commodore VP
1995,1000,Tooheys 1000 Mount Panorama,Bathurst 4th October,Tooheys 1000 Mount Panorama Bathurst 4th October 1995 Number of Laps: 161 Total Race Time: 6:20:32.4766 Fastest lap: Craig Lowndes 2:14.3239 (166.51 km/h) on lap 8 Please Note: You can sort this listing by simply clicking on the column heading PLACE DRIVER / CO DRIVER(S) VEHICLE TEAM LAPS QUALIFYING FASTEST 1 Larry Perkins / Russell Ingall Commodore VR Castrol Perkins Racing 161 0:2:12.4759 0:2:14.6969 2 Alan Jones / Allan Grice Falcon EF Peter Jackson Racing 161 0:2:12.7075 0:2:14.5140 3 Wayne Gardner / Neil Crompton Commodore VR Coca-Cola Racing 161 0:2:12.5422 0:2:15.2020 4 Anders Olofsson / Steven Richards Commodore VR Winfield Racing 161 0:2:14.7274 0:2:15.3268 5 Brad Jones / Win Percy Commodore VR Coca-Cola Racing 161 0:2:13.4106 0:2:16.2481 6 Tony Scott / John Cleland Commodore VR Pinnacle Motorsport 158 0:2:14.1913 0:2:16.5504 7 Charles O'Brien / Steven Johnson Falcon EF Shell FAI Racing 158 0:2:13.1149 0:2:15.3689 8 Kevin Waldock / Mark McLaughlin Falcon EF Playscape Racing 152 0:2:17.2654 0:2:19.824 9 Tony Longhurst / Wayne Park Falcon EF Castrol Longhurst Ford 149 0:2:13.8883 0:2:15.7178 10 Bill O'Brien / Brian Callaghan / Ron Barnacle Commodore VL Everlast Automotive 149 0:2:21.7459 0:2:22.8808 11 Scotty Taylor / Stephen Bell / Roger Hurd Commodore VP Xerox Shop 146 0:2:22.1230 0:2:25.9156 12 Kevin Heffernan / Stephen Voight Commodore VP Price Attack Racing 144 0:2:18.261 0:2:19.8580 13 Edwin Lamont / Graham Gulson Commodore VP Ed Lamont 143 0:2:17.4759 0:2:21.2950 14 David Attard / Greg Crick Commodore VP Alcair Airconditioning 130 0:2:14.2333 0:2:17.4293 15 Wayne Russell / Richard Shaw Commodore VP Roadchill/Union Steel 129 0:2:21.3122 0:2:25.3047 16 Mark Poole / Ed Ordynski / Bernie Stack Commodore VP John Deere 136 0:2:17.4758 0:2:18.6619 DNF Mark Skaife / Jim Richards Commodore VR Winfield Racing DNF 0:2:12.4759 0:2:14.6969 DNF Steve Reed / Trevor Ashby Commodore VP Lansvale Smash Repairs DNF not available not available DNF Peter Brock / Tomas Mezera Commodore VR Holden Racing Team DNF 0:2:12.4759 not available DNF Andrew Miedecke / Mark Noske Falcon EB Allan Moffat Enterprises DNF not available not available DNF Mark Larkham / Warrick Rooklyn Falcon EF Mitre 10 Racing DNF not available not available DNF John Cotter / Peter Doulman Commodore VP M3 Motorsport DNF not available not available DNF Craig Lowndes / Greg Murphy Commodore VR Holden Racing Team DNF not available not available DNF Dick Johnson / John Bowe Falcon EF Shell FAI Racing DNF not available not available DNF Ian Palmer / Brett Peters Commodore VR Palmer Promotions DNF not available not available DNF Paul Romano / Troy Dunstan Commodore VP Romano Racing DNF not available not available DNF Terry Finnigan / Peter Gazzard Commodore VP Sony Autosound DNF not available not available DNF Glenn Seton / David Parsons Falcon EF Peter Jackson Racing DNF not available not available DNF Bob Pearson / Bruce Stewart Commodore VP Pro-Duct Motorsports DNF not available not available DNF Neil Schembri / Graham Moore Commodore VR Merlin Motorsport DNF not available not available DNF David Parsons / Rodney Crick Commodore VR David Parsons DNF not available not available DNF Peter McCloud / Ryan McCloud Commodore VR Parker Enzed DNF not available not available
1995,1000,Tooheys 1000 Mount Panorama,Bathurst 4th October,Tooheys 1000 Mount Panorama Bathurst 4th October 1995 Number of Laps: 161 Total Race Time: 6:20:32.4766 Fastest lap: Craig Lowndes 2:14.3239 (166.51 km/h) on lap 8 Please Note: You can sort this listing by simply clicking on the column heading PLACE DRIVER / CO DRIVER(S) VEHICLE TEAM LAPS QUALIFYING FASTEST 1 Larry Perkins / Russell Ingall Commodore VR Castrol Perkins Racing 161 0:2:12.4759 0:2:14.6969 2 Alan Jones / Allan Grice Falcon EF Peter Jackson Racing 161 0:2:12.7075 0:2:14.5140 3 Wayne Gardner / Neil Crompton Commodore VR Coca-Cola Racing 161 0:2:12.5422 0:2:15.2020 4 Anders Olofsson / Steven Richards Commodore VR Winfield Racing 161 0:2:14.7274 0:2:15.3268 5 Brad Jones / Win Percy Commodore VR Coca-Cola Racing 161 0:2:13.4106 0:2:16.2481 6 Tony Scott / John Cleland Commodore VR Pinnacle Motorsport 158 0:2:14.1913 0:2:16.5504 7 Charles O'Brien / Steven Johnson Falcon EF Shell FAI Racing 158 0:2:13.1149 0:2:15.3689 8 Kevin Waldock / Mark McLaughlin Falcon EF Playscape Racing 152 0:2:17.2654 0:2:19.824 9 Tony Longhurst / Wayne Park Falcon EF Castrol Longhurst Ford 149 0:2:13.8883 0:2:15.7178 10 Bill O'Brien / Brian Callaghan / Ron Barnacle Commodore VL Everlast Automotive 149 0:2:21.7459 0:2:22.8808 11 Scotty Taylor / Stephen Bell / Roger Hurd Commodore VP Xerox Shop 146 0:2:22.1230 0:2:25.9156 12 Kevin Heffernan / Stephen Voight Commodore VP Price Attack Racing 144 0:2:18.261 0:2:19.8580 13 Edwin Lamont / Graham Gulson Commodore VP Ed Lamont 143 0:2:17.4759 0:2:21.2950 14 David Attard / Greg Crick Commodore VP Alcair Airconditioning 130 0:2:14.2333 0:2:17.4293 15 Wayne Russell / Richard Shaw Commodore VP Roadchill/Union Steel 129 0:2:21.3122 0:2:25.3047 16 Mark Poole / Ed Ordynski / Bernie Stack Commodore VP John Deere 136 0:2:17.4758 0:2:18.6619 DNF Mark Skaife / Jim Richards Commodore VR Winfield Racing DNF 0:2:12.4759 0:2:14.6969 DNF Steve Reed / Trevor Ashby Commodore VP Lansvale Smash Repairs DNF not available not available DNF Peter Brock / Tomas Mezera Commodore VR Holden Racing Team DNF 0:2:12.4759 not available DNF Andrew Miedecke / Mark Noske Falcon EB Allan Moffat Enterprises DNF not available not available DNF Mark Larkham / Warrick Rooklyn Falcon EF Mitre 10 Racing DNF not available not available DNF John Cotter / Peter Doulman Commodore VP M3 Motorsport DNF not available not available DNF Craig Lowndes / Greg Murphy Commodore VR Holden Racing Team DNF not available not available DNF Dick Johnson / John Bowe Falcon EF Shell FAI Racing DNF not available not available DNF Ian Palmer / Brett Peters Commodore VR Palmer Promotions DNF not available not available DNF Paul Romano / Troy Dunstan Commodore VP Romano Racing DNF not available not available DNF Terry Finnigan / Peter Gazzard Commodore VP Sony Autosound DNF not available not available DNF Glenn Seton / David Parsons Falcon EF Peter Jackson Racing DNF not available not available DNF Bob Pearson / Bruce Stewart Commodore VP Pro-Duct Motorsports DNF not available not available DNF Neil Schembri / Graham Moore Commodore VR Merlin Motorsport DNF not available not available DNF David Parsons / Rodney Crick Commodore VR David Parsons DNF not available not available DNF Peter McCloud / Ryan McCloud Commodore VR Parker Enzed DNF not available not available
1995,1000,Tooheys 1000 Mount Panorama,Bathurst 4th October,Tooheys 1000 Mount Panorama Bathurst 4th October 1995
1995,1000,Tooheys 1000 Mount Panorama,Bathurst 4th October,Number of Laps: 161 Total Race Time: 6:20:32.4766 Fastest lap: Craig Lowndes 2:14.3239 (166.51 km/h) on lap 8
1996,1,Craig Lowndes,Greg Murphy,Commodore VR
1996,2,Dick Johnson,John Bowe,Falcon EF
1996,3,Tony Longhurst,Steven Ellery,Falcon EF
1996,4,Wayne Gardner,Neil Crompton,Commodore VR
1996,5,Peter Brock,Tomas Mezera,Commodore VR
1996,6,Larry Perkins,Russell Ingall,Commodore VP
1996,7,Mark Skaife,John Cleland,Commodore VR
1996,8,Steven Johnson,Tom Kendall,Falcon EF
1996,9,Gary Waldon,Mark Noske,Commodore VR
1996,10,Klaus Niedzwiedz,Ken Douglas,Falcon EB
1996,11,Paul Romano,Andrew Miedecke,Falcon EF
1996,12,Max Dumesny,Kerry Baily,Falcon EF
1996,13,Peter Doulman,John Cotter,Commodore VP
1996,14,Chris Smerdon,Kevin Weeks,Commodore VR
1996,15,Glenn Seton,David Parsons,Falcon EF
1996,16,Ian Palmer,Brett Peters,Commodore VP
1996,17,Bill O'Brien,Brian Callaghan JR,Commodore VR
1996,18,Scotty Taylor,Stephen Bell,Commodore VP
1996,19,Mike Conway,Miles Pope,Commodore VP
1996,20,Mark Poole,Peter Gazzard,Commodore VR
1996,21,Steve Reed,Trevor Ashby,Commodore VP
1996,22,Garry Willmington,Bill Sieders,Falcon EB
1996,1000,AMP Bathurst 1000 Mount Panorama,Bathurst 6th October,AMP Bathurst 1000 Mount Panorama Bathurst 6th October 1996 Number of Laps: 161 Total Race Time: 7:9:28.3584 Fastest lap: Craig Lowndes 2:13.1636s (167.96 km/h) on lap 149 Please Note: You can sort this listing by simply clicking on the column heading PLACE DRIVER / CO DRIVER(S) VEHICLE TEAM LAPS QUALIFYING FASTEST 1 Craig Lowndes / Greg Murphy Commodore VR Holden Racing Team 161 0:2:11.4000 0:2:13.1636 2 Dick Johnson / John Bowe Falcon EF Shell FAI Racing 161 0:2:12.4699 0:2:14.6447 3 Tony Longhurst / Steven Ellery Falcon EF Castrol Longhurst Ford 161 0:2:12.3157 0:2:14.7718 4 Wayne Gardner / Neil Crompton Commodore VR Coca-Cola Racing 160 0:2:12.783 0:2:14.2101 5 Peter Brock / Tomas Mezera Commodore VR Holden Racing Team 160 0:2:11.8164 0:2:14.582 6 Larry Perkins / Russell Ingall Commodore VP Castrol Perkins Racing 160 0:2:12.3123 0:2:14.1130 7 Mark Skaife / John Cleland Commodore VR Gibson Motor Sport 159 0:2:12.3485 0:2:14.1945 8 Steven Johnson / Tom Kendall Falcon EF Shell FAI Racing 158 0:2:13.437 0:2:15.6984 9 Gary Waldon / Mark Noske Commodore VR Gibson Team Sega 158 0:2:15.6315 0:2:16.4177 10 Klaus Niedzwiedz / Ken Douglas Falcon EB Allan Moffat Enterprises 157 0:2:17.2706 0:2:18.4132 11 Paul Romano / Andrew Miedecke Falcon EF Pack Leader Racing 156 0:2:13.6574 0:2:14.2443 12 Max Dumesny / Kerry Baily Falcon EF Valvoline/Autopro/JSR 156 0:2:16.5170 0:2:58.1000 13 Peter Doulman / John Cotter Commodore VP M3 Motorsport 154 0:2:15.9259 0:2:18.9398 14 Chris Smerdon / Kevin Weeks / Adam Kaplan Commodore VR Chris Smerdon 154 0:2:18.8896 0:22:19.9651 15 Glenn Seton / David Parsons Falcon EF Ford Credit Racing 152 0:2:11.1600 0:2:13.3401 16 Ian Palmer / Brett Peters Commodore VP Palmer Promotions 151 0:2:20.2693 0:2:20.773 17 Bill O'Brien / Brian Callaghan JR / Ron Barnacle Commodore VR Everlast Automotive Service 150 0:2:19.8463 0:2:21.5980 18 Scotty Taylor / Stephen Bell / Bill Attard Commodore VP The Xerox Shop 146 0:2:22.6742 0:2:27.5560 19 Mike Conway / Miles Pope Commodore VP Mike Conway 142 0:2:23.1387 0:2:26.6422 20 Mark Poole / Peter Gazzard Commodore VR Mark Poole Motorsport 141 0:2:16.2511 0:2:18.5590 21 Steve Reed / Trevor Ashby Commodore VP Lansvale Smash Repairs 126 0:2:14.4100 0:2:17.115 22 Garry Willmington / Bill Sieders Falcon EB Garry Willmington 124 0:2:25.8216 0:2:58.100 DNF Brad Jones / Tony Scott Commodore VR Coca-Cola DNF 0:2:11.4000 0:2:13.1636 DNF Mark Larkham / Cameron McConville Falcon EF Mitre 10 Racing DNF not available not available DNF Terry Finnigan / Stuart McColl Commodore VR Terry Finnigan DNF not available not available DNF Kevin Waldock / Wayne Park Falcon EL Playscape/Team Komatsu DNF not available not available DNF Steven Richards / Jim Richards / Garry Rogers Commodore VR Valvoline/Cummins DNF not available not available DNF Mal Rose / Terry Shiel Commodore VR Mal Rose DNF not available not available DNF John Faulkner / Steve Harrington Commodore VR Betta Electrical/Fisher Paykel DNF not available not available DNF John Trimbole / David Attard Ford Falcon EB Daily Planet Melbourne DNF not available not available DNF Greg Crick / David Parsons Commodore VR Alcair Airconditioning DNF not available not available DNF Peter McLeod / Ryan McLeod Commodore VR Enzed DNF not available not available DNF Wayne Russell / Rick Shaw Commodore VP Nokia/Union Steel DNF not available not available DNF Alan Jones / Allan Grice Falcon EF Pack Leader Racing DNF not available not available
1996,1000,AMP Bathurst 1000 Mount Panorama,Bathurst 6th October,AMP Bathurst 1000 Mount Panorama Bathurst 6th October 1996 Number of Laps: 161 Total Race Time: 7:9:28.3584 Fastest lap: Craig Lowndes 2:13.1636s (167.96 km/h) on lap 149 Please Note: You can sort this listing by simply clicking on the column heading PLACE DRIVER / CO DRIVER(S) VEHICLE TEAM LAPS QUALIFYING FASTEST 1 Craig Lowndes / Greg Murphy Commodore VR Holden Racing Team 161 0:2:11.4000 0:2:13.1636 2 Dick Johnson / John Bowe Falcon EF Shell FAI Racing 161 0:2:12.4699 0:2:14.6447 3 Tony Longhurst / Steven Ellery Falcon EF Castrol Longhurst Ford 161 0:2:12.3157 0:2:14.7718 4 Wayne Gardner / Neil Crompton Commodore VR Coca-Cola Racing 160 0:2:12.783 0:2:14.2101 5 Peter Brock / Tomas Mezera Commodore VR Holden Racing Team 160 0:2:11.8164 0:2:14.582 6 Larry Perkins / Russell Ingall Commodore VP Castrol Perkins Racing 160 0:2:12.3123 0:2:14.1130 7 Mark Skaife / John Cleland Commodore VR Gibson Motor Sport 159 0:2:12.3485 0:2:14.1945 8 Steven Johnson / Tom Kendall Falcon EF Shell FAI Racing 158 0:2:13.437 0:2:15.6984 9 Gary Waldon / Mark Noske Commodore VR Gibson Team Sega 158 0:2:15.6315 0:2:16.4177 10 Klaus Niedzwiedz / Ken Douglas Falcon EB Allan Moffat Enterprises 157 0:2:17.2706 0:2:18.4132 11 Paul Romano / Andrew Miedecke Falcon EF Pack Leader Racing 156 0:2:13.6574 0:2:14.2443 12 Max Dumesny / Kerry Baily Falcon EF Valvoline/Autopro/JSR 156 0:2:16.5170 0:2:58.1000 13 Peter Doulman / John Cotter Commodore VP M3 Motorsport 154 0:2:15.9259 0:2:18.9398 14 Chris Smerdon / Kevin Weeks / Adam Kaplan Commodore VR Chris Smerdon 154 0:2:18.8896 0:22:19.9651 15 Glenn Seton / David Parsons Falcon EF Ford Credit Racing 152 0:2:11.1600 0:2:13.3401 16 Ian Palmer / Brett Peters Commodore VP Palmer Promotions 151 0:2:20.2693 0:2:20.773 17 Bill O'Brien / Brian Callaghan JR / Ron Barnacle Commodore VR Everlast Automotive Service 150 0:2:19.8463 0:2:21.5980 18 Scotty Taylor / Stephen Bell / Bill Attard Commodore VP The Xerox Shop 146 0:2:22.6742 0:2:27.5560 19 Mike Conway / Miles Pope Commodore VP Mike Conway 142 0:2:23.1387 0:2:26.6422 20 Mark Poole / Peter Gazzard Commodore VR Mark Poole Motorsport 141 0:2:16.2511 0:2:18.5590 21 Steve Reed / Trevor Ashby Commodore VP Lansvale Smash Repairs 126 0:2:14.4100 0:2:17.115 22 Garry Willmington / Bill Sieders Falcon EB Garry Willmington 124 0:2:25.8216 0:2:58.100 DNF Brad Jones / Tony Scott Commodore VR Coca-Cola DNF 0:2:11.4000 0:2:13.1636 DNF Mark Larkham / Cameron McConville Falcon EF Mitre 10 Racing DNF not available not available DNF Terry Finnigan / Stuart McColl Commodore VR Terry Finnigan DNF not available not available DNF Kevin Waldock / Wayne Park Falcon EL Playscape/Team Komatsu DNF not available not available DNF Steven Richards / Jim Richards / Garry Rogers Commodore VR Valvoline/Cummins DNF not available not available DNF Mal Rose / Terry Shiel Commodore VR Mal Rose DNF not available not available DNF John Faulkner / Steve Harrington Commodore VR Betta Electrical/Fisher Paykel DNF not available not available DNF John Trimbole / David Attard Ford Falcon EB Daily Planet Melbourne DNF not available not available DNF Greg Crick / David Parsons Commodore VR Alcair Airconditioning DNF not available not available DNF Peter McLeod / Ryan McLeod Commodore VR Enzed DNF not available not available DNF Wayne Russell / Rick Shaw Commodore VP Nokia/Union Steel DNF not available not available DNF Alan Jones / Allan Grice Falcon EF Pack Leader Racing DNF not available not available
1996,1000,AMP Bathurst 1000 Mount Panorama,Bathurst 6th October,AMP Bathurst 1000 Mount Panorama Bathurst 6th October 1996
1996,1000,AMP Bathurst 1000 Mount Panorama,Bathurst 6th October,Number of Laps: 161 Total Race Time: 7:9:28.3584 Fastest lap: Craig Lowndes 2:13.1636s (167.96 km/h) on lap 149
1997,1,Larry Perkins,Russell Ingall,Commodore VS
1997,2,Steven Richards,Jim Richards,Commodore VS
1997,3,Mark Larkham,Andrew Miedecke,Falcon EL
1997,4,Steven Johnson,Craig Baird,Falcon EL
1997,5,John Faulkner,Win Percy,Commodore VS
1997,6,Darren Hossack,Steven Ellery,Commodore VS
1997,7,Malcolm Stenniken,Peter Gazzard,Commodore VS
1997,8,Trevor Ashby,Trevor Reed,Commodore VS
1997,9,Neil Schembri,Ian Luff,Commodore VS
1997,10,Terry Finnigan,Terry Shiel,Commodore VS
1997,11,Alan Jones,Scott Pruett,Falcon EL
1997,12,Melinda Price,Kerryn Brewer,Commodore VS
1997,13,Mal Rose,Kevin Burton,Commodore VS
1997,14,Greg Crick,Peter Fitzgerald,Commodore VS
1997,15,Ian Palmer,John English,Commodore VS
1997,16,Brian Walden,Steve Williams,Commodore VP
1997,17,Chris Smerdon,Charlie Cox,Commodore VS
1997,18,John Cotter,Peter Doulman,Commodore VP
1997,19,Kevin Heffernan,Danny Osborne,Commodore VS
1997,1000,Primus 1000 Classic Mount Panorama,Bathurst 19th October,Primus 1000 Classic Mount Panorama Bathurst 19th October 1997 Number of Laps: 161 Total Race Time: 6:21:55.5483 Please Note: You can sort this listing by simply clicking on the column heading PLACE DRIVER / CO DRIVER(S) VEHICLE TEAM LAPS QUALIFYING FASTEST 1 Larry Perkins/ Russell Ingall Commodore VS Castrol Perkins Holden 161 0:2:11.826 0:2:12.3398 2 Steven Richards / Jim Richards Commodore VS Team Valvoline/Cummins 161 0:2:12.4954 0:2:13.2244 3 Mark Larkham / Andrew Miedecke Falcon EL Mitre 10 Racing 161 0:2:12.8948 0:2:13.7447 4 Steven Johnson / Craig Baird Falcon EL Shell Helix Racing 158 0:2:11.6200 not available 5 John Faulkner / Win Percy Commodore VS Betta Electrical/Fisher & Paykel 154 0:2:11.4114 0:2:13.4080 6 Darren Hossack / Steven Ellery Commodore VS Gibson Motor Sport 154 0:2:14.5071 0:2:14.7149 7 Malcolm Stenniken / Peter Gazzard Commodore VS Malcolm Stenniken 154 0:2:19.7163 0:2:18.8104 8 Trevor Ashby / Trevor Reed Commodore VS Lansvale Smash Repairs 153 0:2:14.6324 0:2:16.1507 9 Neil Schembri / Ian Luff Commodore VS Neil Schembri 153 0:2:19.3623 0:2:19.5417 10 Terry Finnigan / Terry Shiel Commodore VS Sony Autosound 153 0:2:14.5292 0:2:15.1997 11 Alan Jones / Scott Pruett / Jason Bright Falcon EL Alan Jones Racing 152 0:2:11.2317 0:2:12.7286 12 Melinda Price / Kerryn Brewer Commodore VS Castrol Cougars 152 not available 0:2:19.7808 13 Mal Rose / Kevin Burton Commodore VS Fairfax Community Newspaper 150 0:2:18.1344 0:2:19.9930 14 Greg Crick / Peter Fitzgerald Commodore VS Alcair Airconditioning 150 0:2:14.2786 0:2:14.5601 15 Ian Palmer / John English Commodore VS Palmer Promotions 146 0:2:22.5450 0:2:21.1893 16 Brian Walden / Steve Williams Commodore VP Brian Walden 144 0:2:23.7925 0:2:23.3848 17 Chris Smerdon / Charlie Cox Commodore VS Chris Smerdon 143 0:2:17.8320 0:2:17.7393 18 John Cotter / Peter Doulman Commodore VP M3 Motorsport 139 0:2:15.4359 0:2:17.5282 19 Kevin Heffernan / Danny Osborne Commodore VS Pace Racing 135 0:2:17.2177 0:2:17.7370 DNF Glenn Seton / David Parsons Falcon EL Ford Credit Racing DNF 0:2:11.826 0:2:12.3398 DNF Paul Stokell / Anthony Tratt / Peter Bradbury Commodore VS Wayne Gardner Racing DNF not available not available DNF Peter Brock / Mark Skaife Commodore VS Mobil Holden Dealer Team DNF not available not available DNF Wayne Gardner / Neil Crompton Commodore VS Wayne Gardner Racing DNF not available not available DNF Bruce Williams / Paul Gover Commodore VS Simoco Pacific DNF not available not available DNF Ryan McLeod / Darren Pate Commodore VR Oamps DNF not available not available DNF Greg Murphy / Craig Lowndes Commodore VS Mobil Holden Dealer Team DNF not available not available DNF Dick Johnson / John Bowe Falcon EL Shell Helix Racing DNF not available not available DNF Ray Hislop / Tim Briggs Falcon EF Ray Hislop Motorsport DNF not available not available DNF Paul Romano / Allan Grice Commodore VS Romano Racing DNF not available not available DNF Tony Longhurst / Charlie O'Brien Falcon EL Castrol Longhurst Ford DNF not available not available DNF Kevin Waldock / John Smith Falcon EF CBS Mining Race Team DNF not available not available DNF Bob Pearson / Allan McCarthy Commodore VS Pro-Duct Motorsport DNF not available not available DNF Scotty Taylor / Bill Attard / Stephen Bell Commodore VP Xerox Shop DNF not available not available DNF Mark Poole / Tony Scott Commodore VS Gawler SA DNF not available not available DNF Michael Hart / Peter Lawrence Commodore VR SMC Pneumatics DNF not available not available DNF Garry Willmington / Bill Seiders Commodore VR Garry Willmington DNF not available not available DNF John Trimbole / Tomas Mezera Commodore VS CDB Bottle Magic DNF not available not available DNF Bill O'Brien / Brian Callaghan / Ron Barnacle Commodore VR Everlast Automotive DNF not available not available DNF Wayne Russell / Rick Shaw Commodore VS Union Steel DNF not available not available DNF Mike Conway / Gavin Monaghan Falcon EB Cadillac Productions DNF not available not available DNF Jason Bargwanna / Mark Noske Commodore VS Holden Racing Team DNF not available not available
1997,1000,Primus 1000 Classic Mount Panorama,Bathurst 19th October,Primus 1000 Classic Mount Panorama Bathurst 19th October 1997 Number of Laps: 161 Total Race Time: 6:21:55.5483 Please Note: You can sort this listing by simply clicking on the column heading PLACE DRIVER / CO DRIVER(S) VEHICLE TEAM LAPS QUALIFYING FASTEST 1 Larry Perkins/ Russell Ingall Commodore VS Castrol Perkins Holden 161 0:2:11.826 0:2:12.3398 2 Steven Richards / Jim Richards Commodore VS Team Valvoline/Cummins 161 0:2:12.4954 0:2:13.2244 3 Mark Larkham / Andrew Miedecke Falcon EL Mitre 10 Racing 161 0:2:12.8948 0:2:13.7447 4 Steven Johnson / Craig Baird Falcon EL Shell Helix Racing 158 0:2:11.6200 not available 5 John Faulkner / Win Percy Commodore VS Betta Electrical/Fisher & Paykel 154 0:2:11.4114 0:2:13.4080 6 Darren Hossack / Steven Ellery Commodore VS Gibson Motor Sport 154 0:2:14.5071 0:2:14.7149 7 Malcolm Stenniken / Peter Gazzard Commodore VS Malcolm Stenniken 154 0:2:19.7163 0:2:18.8104 8 Trevor Ashby / Trevor Reed Commodore VS Lansvale Smash Repairs 153 0:2:14.6324 0:2:16.1507 9 Neil Schembri / Ian Luff Commodore VS Neil Schembri 153 0:2:19.3623 0:2:19.5417 10 Terry Finnigan / Terry Shiel Commodore VS Sony Autosound 153 0:2:14.5292 0:2:15.1997 11 Alan Jones / Scott Pruett / Jason Bright Falcon EL Alan Jones Racing 152 0:2:11.2317 0:2:12.7286 12 Melinda Price / Kerryn Brewer Commodore VS Castrol Cougars 152 not available 0:2:19.7808 13 Mal Rose / Kevin Burton Commodore VS Fairfax Community Newspaper 150 0:2:18.1344 0:2:19.9930 14 Greg Crick / Peter Fitzgerald Commodore VS Alcair Airconditioning 150 0:2:14.2786 0:2:14.5601 15 Ian Palmer / John English Commodore VS Palmer Promotions 146 0:2:22.5450 0:2:21.1893 16 Brian Walden / Steve Williams Commodore VP Brian Walden 144 0:2:23.7925 0:2:23.3848 17 Chris Smerdon / Charlie Cox Commodore VS Chris Smerdon 143 0:2:17.8320 0:2:17.7393 18 John Cotter / Peter Doulman Commodore VP M3 Motorsport 139 0:2:15.4359 0:2:17.5282 19 Kevin Heffernan / Danny Osborne Commodore VS Pace Racing 135 0:2:17.2177 0:2:17.7370 DNF Glenn Seton / David Parsons Falcon EL Ford Credit Racing DNF 0:2:11.826 0:2:12.3398 DNF Paul Stokell / Anthony Tratt / Peter Bradbury Commodore VS Wayne Gardner Racing DNF not available not available DNF Peter Brock / Mark Skaife Commodore VS Mobil Holden Dealer Team DNF not available not available DNF Wayne Gardner / Neil Crompton Commodore VS Wayne Gardner Racing DNF not available not available DNF Bruce Williams / Paul Gover Commodore VS Simoco Pacific DNF not available not available DNF Ryan McLeod / Darren Pate Commodore VR Oamps DNF not available not available DNF Greg Murphy / Craig Lowndes Commodore VS Mobil Holden Dealer Team DNF not available not available DNF Dick Johnson / John Bowe Falcon EL Shell Helix Racing DNF not available not available DNF Ray Hislop / Tim Briggs Falcon EF Ray Hislop Motorsport DNF not available not available DNF Paul Romano / Allan Grice Commodore VS Romano Racing DNF not available not available DNF Tony Longhurst / Charlie O'Brien Falcon EL Castrol Longhurst Ford DNF not available not available DNF Kevin Waldock / John Smith Falcon EF CBS Mining Race Team DNF not available not available DNF Bob Pearson / Allan McCarthy Commodore VS Pro-Duct Motorsport DNF not available not available DNF Scotty Taylor / Bill Attard / Stephen Bell Commodore VP Xerox Shop DNF not available not available DNF Mark Poole / Tony Scott Commodore VS Gawler SA DNF not available not available DNF Michael Hart / Peter Lawrence Commodore VR SMC Pneumatics DNF not available not available DNF Garry Willmington / Bill Seiders Commodore VR Garry Willmington DNF not available not available DNF John Trimbole / Tomas Mezera Commodore VS CDB Bottle Magic DNF not available not available DNF Bill O'Brien / Brian Callaghan / Ron Barnacle Commodore VR Everlast Automotive DNF not available not available DNF Wayne Russell / Rick Shaw Commodore VS Union Steel DNF not available not available DNF Mike Conway / Gavin Monaghan Falcon EB Cadillac Productions DNF not available not available DNF Jason Bargwanna / Mark Noske Commodore VS Holden Racing Team DNF not available not available
1997,1000,Primus 1000 Classic Mount Panorama,Bathurst 19th October,Primus 1000 Classic Mount Panorama Bathurst 19th October 1997
1997,1000,Primus 1000 Classic Mount Panorama,Bathurst 19th October,Number of Laps: 161 Total Race Time: 6:21:55.5483
1998,1,Jason Bright,Steven Richards,Falcon EL
1998,2,Jason Bargwanna,Jim Richards,Commodore VS
1998,3,Mark Larkham,Brad Jones,Falcon EL
1998,4,Glenn Seton,Neil Crompton,Falcon EL
1998,5,Craig Lowndes,Mark Skaife,Commodore VT
1998,6,Darren Hossack,Darren Pate,Commodore VS
1998,7,Tony Longhurst,Geoff Brabham,Falcon EL
1998,8,Paul Weel,Neil Bates,Falcon EL
1998,9,Mal Rose,Allan McCarthy,Commodore VS
1998,10,Melinda Price,Kerryn Brewer,Commodore VS
1998,11,Paul Romano,Steve Ellery,Commodore VS
1998,12,Wayne Gardner,Paul Stokell,Commodore VS
1998,13,Ray Hislop,Tim Briggs,Falcon EF
1998,14,Scotty Taylor,Bill Attard,Commodore VS
1998,15,D'Arcy Russell,Rod Wilson,Commodore VR
1998,16,Mike Conway,Chris Hones,Falcon EL
1998,17,John Cotter,Peter Doulman,Commodore VS
1998,18,Shane Beikoff,Shane Cruickshank,Commodore VS
1998,19,Mike Imrie,Rodney Crick,Commodore VS
1998,1000,FAI 1000 V8 Supercars Mount Panorama,Bathurst 15th November,FAI 1000 V8 Supercars Mount Panorama Bathurst 15th November 1998 Number of Laps: 161 Total Race Time: 6:42:23.9093 Please Note: You can sort this listing by simply clicking on the column heading PLACE DRIVER / CO DRIVER(S) VEHICLE TEAM LAPS QUALIFYING FASTEST 1 Jason Bright / Steven Richards Falcon EL Pirtek Australia 161 0:2:15.1710 0:2:13.6578 2 Jason Bargwanna / Jim Richards Commodore VS Valvoline /Cummins Team 161 0:2:12.9773 0:2:14.1636 3 Mark Larkham / Brad Jones Falcon EL Mitre 10 Racing 161 0:2:10.9059 0:2:13.1958 4 Glenn Seton / Neil Crompton Falcon EL Ford Credit Racing 160 0:2:10.8801 0:2:13.3432 5 Craig Lowndes / Mark Skaife Commodore VT Mobil Holden Racing Team 159 0:2:9.8945 0:2:12.7771 6 Darren Hossack / Darren Pate Commodore VS Wynn's 158 0:2:15.9540 0:2:16.7988 7 Tony Longhurst / Geoff Brabham Falcon EL Castrol Longhurst Ford 157 0:2:10.4492 0:2:12.5853 8 Paul Weel / Neil Bates Falcon EL Kees Weel 155 0:2:16.4112 0:2:17.5223 9 Mal Rose / Allan McCarthy Commodore VS Mal Rose 154 0:2:17.9462 0:2:19.4472 10 Melinda Price / Kerryn Brewer Commodore VS Castrol Cougars 151 0:2:18.9157 0:2:19.238 11 Paul Romano / Steve Ellery Commodore VS Bap Romano Racing 151 0:2:15.2489 0:2:15.1786 12 Wayne Gardner / Paul Stokell Commodore VS Wayne Gardner Racing 149 0:2:12.9215 0:2:14.4598 13 Ray Hislop / Tim Briggs Falcon EF NHP Electrical 147 0:2:20.3237 0:2:20.6518 14 Scotty Taylor / Bill Attard / Stephen Bell Commodore VS The Xerox Shop 146 0:2:27.5230 0:2:26.4596 15 D'Arcy Russell / Rod Wilson Commodore VR Rod Smith Racing 144 0:2:24.8340 0:2:25.5820 16 Mike Conway / Chris Hones Falcon EL Oamps Insurance Group 144 0:2:18.9134 0:2:21.2348 17 John Cotter / Peter Doulman Commodore VS M3 Motorsport 141 0:2:17.9808 0:2:18.8101 18 Shane Beikoff / Shane Cruickshank / Andrew Lloyd Commodore VS Union Steel 134 not available 0:2:30.7354 19 Mike Imrie / Rodney Crick Commodore VS Armor All 122 0:2:18.4899 0:2:22.6588 DNF David Parsons / Simon Wills Commodore VS Wynn's DNF 0:2:15.1710 0:2:13.6578 DNF Steve Reed / Trevor Ashby Commodore VS Lansvale Smash Repairs DNF not available not available DNF Alan Jones / Adam Macrow Falcon EL Longhurst Racing DNF not available not available DNF Larry Perkins / Russell Ingall Commodore VT Castrol Perkins Racing DNF not available not available DNF Larry Perkins / Russell Ingall Commodore VT Castrol Perkins Racing DNF not available not available DNF Dick Johnson / Steven Johnson Falcon EL Shell Helix Racing DNF not available not available DNF John Bowe / Cameron McConville Falcon EL Shell Helix Racing DNF not available not available DNF Ian Palmer / Domenic Beninca Commodore VS Palmer Promotions DNF not available not available DNF Danny Osborne / Brett Peters Falcon EL Colourscan Motorsports DNF not available not available DNF Terry Finnigan / Peter Gazzard Commodore VS Sony Autosound DNF not available not available DNF Mark McLaughlin / Ashley Stichbury Falcon EL CBS Team Racing DNF not available not available DNF Tomas Mezera / Alain Menu Commodore VT Plaspak Racing-Densitron DNF not available not available DNF Garth Tander / Cameron McLean Commodore VS Valvoline /Cummins Team DNF not available not available DNF Neil Schembri / Gary Quartly Commodore VS Gear Box Motorsport DNF not available not available DNF Mark Poole / Tony Scott Commodore VS J Rosenberg DNF not available not available DNF Chris Smerdon / Charlie Cox Commodore VS Chris Smerdon DNF not available not available DNF John Faulkner / Todd Kelly Commodore VS Fisher & Paykel DNF not available not available DNF Greg Crick / Dean Crosswell Commodore VS Ericsson /Trust Bank DNF not available not available DNF Greg Murphy / Mark Noske Commodore VT Mobil Holden Dealer Team DNF not available not available DNF Simon Emerzidis / Gary Willmington Falcon EL Simons Earthworks DNF not available not available DNF Rod Nash / Darren Edwards Commodore VS Auto Pro/Budweiser DNF not available not available DNF Nathan Pretty / Grant Johnson Commodore VS Pretty Motorsport DNF not available not available DNF Alan Heath / Ken Douglas Falcon EL Alan Heath DNF not available not available DNF Robert Smith / David Parsons Commodore VS Robert Smith DNF not available not available DNF Anthony Tratt / Robert Jones Falcon EL Pace Racing DNF not available not available DNF Richard Mork / Bill Sieders Commodore VS A.R.D.C. DNF not available not available
1998,1000,FAI 1000 V8 Supercars Mount Panorama,Bathurst 15th November,FAI 1000 V8 Supercars Mount Panorama Bathurst 15th November 1998 Number of Laps: 161 Total Race Time: 6:42:23.9093 Please Note: You can sort this listing by simply clicking on the column heading PLACE DRIVER / CO DRIVER(S) VEHICLE TEAM LAPS QUALIFYING FASTEST 1 Jason Bright / Steven Richards Falcon EL Pirtek Australia 161 0:2:15.1710 0:2:13.6578 2 Jason Bargwanna / Jim Richards Commodore VS Valvoline /Cummins Team 161 0:2:12.9773 0:2:14.1636 3 Mark Larkham / Brad Jones Falcon EL Mitre 10 Racing 161 0:2:10.9059 0:2:13.1958 4 Glenn Seton / Neil Crompton Falcon EL Ford Credit Racing 160 0:2:10.8801 0:2:13.3432 5 Craig Lowndes / Mark Skaife Commodore VT Mobil Holden Racing Team 159 0:2:9.8945 0:2:12.7771 6 Darren Hossack / Darren Pate Commodore VS Wynn's 158 0:2:15.9540 0:2:16.7988 7 Tony Longhurst / Geoff Brabham Falcon EL Castrol Longhurst Ford 157 0:2:10.4492 0:2:12.5853 8 Paul Weel / Neil Bates Falcon EL Kees Weel 155 0:2:16.4112 0:2:17.5223 9 Mal Rose / Allan McCarthy Commodore VS Mal Rose 154 0:2:17.9462 0:2:19.4472 10 Melinda Price / Kerryn Brewer Commodore VS Castrol Cougars 151 0:2:18.9157 0:2:19.238 11 Paul Romano / Steve Ellery Commodore VS Bap Romano Racing 151 0:2:15.2489 0:2:15.1786 12 Wayne Gardner / Paul Stokell Commodore VS Wayne Gardner Racing 149 0:2:12.9215 0:2:14.4598 13 Ray Hislop / Tim Briggs Falcon EF NHP Electrical 147 0:2:20.3237 0:2:20.6518 14 Scotty Taylor / Bill Attard / Stephen Bell Commodore VS The Xerox Shop 146 0:2:27.5230 0:2:26.4596 15 D'Arcy Russell / Rod Wilson Commodore VR Rod Smith Racing 144 0:2:24.8340 0:2:25.5820 16 Mike Conway / Chris Hones Falcon EL Oamps Insurance Group 144 0:2:18.9134 0:2:21.2348 17 John Cotter / Peter Doulman Commodore VS M3 Motorsport 141 0:2:17.9808 0:2:18.8101 18 Shane Beikoff / Shane Cruickshank / Andrew Lloyd Commodore VS Union Steel 134 not available 0:2:30.7354 19 Mike Imrie / Rodney Crick Commodore VS Armor All 122 0:2:18.4899 0:2:22.6588 DNF David Parsons / Simon Wills Commodore VS Wynn's DNF 0:2:15.1710 0:2:13.6578 DNF Steve Reed / Trevor Ashby Commodore VS Lansvale Smash Repairs DNF not available not available DNF Alan Jones / Adam Macrow Falcon EL Longhurst Racing DNF not available not available DNF Larry Perkins / Russell Ingall Commodore VT Castrol Perkins Racing DNF not available not available DNF Larry Perkins / Russell Ingall Commodore VT Castrol Perkins Racing DNF not available not available DNF Dick Johnson / Steven Johnson Falcon EL Shell Helix Racing DNF not available not available DNF John Bowe / Cameron McConville Falcon EL Shell Helix Racing DNF not available not available DNF Ian Palmer / Domenic Beninca Commodore VS Palmer Promotions DNF not available not available DNF Danny Osborne / Brett Peters Falcon EL Colourscan Motorsports DNF not available not available DNF Terry Finnigan / Peter Gazzard Commodore VS Sony Autosound DNF not available not available DNF Mark McLaughlin / Ashley Stichbury Falcon EL CBS Team Racing DNF not available not available DNF Tomas Mezera / Alain Menu Commodore VT Plaspak Racing-Densitron DNF not available not available DNF Garth Tander / Cameron McLean Commodore VS Valvoline /Cummins Team DNF not available not available DNF Neil Schembri / Gary Quartly Commodore VS Gear Box Motorsport DNF not available not available DNF Mark Poole / Tony Scott Commodore VS J Rosenberg DNF not available not available DNF Chris Smerdon / Charlie Cox Commodore VS Chris Smerdon DNF not available not available DNF John Faulkner / Todd Kelly Commodore VS Fisher & Paykel DNF not available not available DNF Greg Crick / Dean Crosswell Commodore VS Ericsson /Trust Bank DNF not available not available DNF Greg Murphy / Mark Noske Commodore VT Mobil Holden Dealer Team DNF not available not available DNF Simon Emerzidis / Gary Willmington Falcon EL Simons Earthworks DNF not available not available DNF Rod Nash / Darren Edwards Commodore VS Auto Pro/Budweiser DNF not available not available DNF Nathan Pretty / Grant Johnson Commodore VS Pretty Motorsport DNF not available not available DNF Alan Heath / Ken Douglas Falcon EL Alan Heath DNF not available not available DNF Robert Smith / David Parsons Commodore VS Robert Smith DNF not available not available DNF Anthony Tratt / Robert Jones Falcon EL Pace Racing DNF not available not available DNF Richard Mork / Bill Sieders Commodore VS A.R.D.C. DNF not available not available
1998,1000,FAI 1000 V8 Supercars Mount Panorama,Bathurst 15th November,FAI 1000 V8 Supercars Mount Panorama Bathurst 15th November 1998
1998,1000,FAI 1000 V8 Supercars Mount Panorama,Bathurst 15th November,Number of Laps: 161 Total Race Time: 6:42:23.9093
1999,1,Steven Richards,Greg Murphy,Commodore VT
1999,2,Craig Lowndes,Cameron McConville,Commodore VT
1999,3,Mark Skaife,Paul Morris,Commodore VT
1999,4,Dick Johnson,Steven Johnson,Falcon AU
1999,5,Glenn Seton,Neil Crompton,Falcon AU
1999,6,Todd Kelly,Mark Noske,Commodore VT
1999,7,Larry Perkins,Russell Ingall,Commodore VT
1999,8,Paul Weel,Greg Crick,Falcon AU
1999,9,Greg Ritter,Steve Owen,Commodore VT
1999,10,Geoff Brabham,Neal Bates,Falcon AU
1999,11,David Parsons,David Parsons,Commodore VT
1999,12,Rodney Forbes,Geoff Full,Commodore VS
1999,13,Paul Romano,Darren Hossack,Commodore VS
1999,14,Wayne Gardner,David Brabham,Commodore VT
1999,15,Mark Poole,Tony Scott,Commodore VT
1999,16,Steve Reed,Trevor Ashby,Commodore VS
1999,17,Dean Lindstrom,Melinda Price,Commodore VS
1999,18,Neil Schembri,Gary Quartly,Commodore VS
1999,19,Darcy Russell,Grant Johnson,Commodore VS
1999,20,Dugal McDougall,Andrew Miedecke,Commodore VT
1999,21,Nathan Pretty,Andrew Fawcet,Commodore VS
1999,22,Peter Fields,Shane Howison,Commodore VS
1999,1000,FAI 1000 V8 Supercars Mount Panorama,Bathurst 14th November,FAI 1000 V8 Supercars Mount Panorama Bathurst 14th November 1999 Number of Laps: 161 Total Race Time: 6:51:48.8354 Please Note: You can sort this listing by simply clicking on the column heading PLACE DRIVER / CO DRIVER(S) VEHICLE TEAM LAPS QUALIFYING FASTEST 1 Steven Richards / Greg Murphy Commodore VT Wynn's Australia 161 0:2:11.4005 0:2:13.1143 2 Craig Lowndes / Cameron McConville Commodore VT Holden Racing Team 161 0:2:9.9063 0:2:12.6819; 3 Mark Skaife / Paul Morris Commodore VT Holden Racing Team 161 0:2:9.5792 0:2:12.7774 4 Dick Johnson / Steven Johnson Falcon AU Shell Helix Racing 161 0:2:11.8516 0:2:13.5733 5 Glenn Seton / Neil Crompton Falcon AU Ford Tickford Racing 161 0:2:10.7096 0:2:13.2512 6 Todd Kelly / Mark Noske Commodore VT Mobil Racing Team 161 0:2:12.4370 0:2:13.2875 7 Larry Perkins / Russell Ingall Commodore VT Castrol Perkins Racing 161 0:2:10.3407 0:2:13.874 8 Paul Weel / Greg Crick Falcon AU K & J Thermal Products Racing 160 0:2:12.3802 0:2:14.7375 9 Greg Ritter / Steve Owen Commodore VT Team Valvoline/Cummins 160 0:2:14.7595 0:2:14.3096 10 Geoff Brabham / Neal Bates Falcon AU Ford Tickford Racing 159 0:2:12.6669 0:2:14.1281 11 David Parsons / David Parsons Commodore VT Challenge Recruitment 159 not available not available 12 Rodney Forbes / Geoff Full Commodore VS Rodney Forbes Racing 158 0:2:14.7409 0:2:14.5877 13 Paul Romano / Darren Hossack Commodore VS Siemens Mobile Motorsports 158 0:2:13.1752 0:2:14.7139 14 Wayne Gardner / David Brabham Commodore VT Wayne Gardner Racing 157 0:2:12.2775 0:2:13.8908 15 Mark Poole / Tony Scott Commodore VT John Deere Racing Team 157 0:2:11.7586 0:2:14.3096 16 Steve Reed / Trevor Ashby Commodore VS Lansvale/PPG 152 0:2:13.6995 0:2:14.2279 17 Dean Lindstrom / Melinda Price Commodore VS Ultra Tune Racing 151 0:2:21.6840 0:2:21.2408 18 Neil Schembri / Gary Quartly Commodore VS Gearbox Motorsport 146 0:2:18.1884 0:2:22.2139 19 Darcy Russell / Grant Johnson Commodore VS Rod Smith Racing 146 0:2:17.5601 0:2:21.275 20 Dugal McDougall / Andrew Miedecke Commodore VT Perkins Engineering 141 0:2:13.8774 0:2:15.900 21 Nathan Pretty / Andrew Fawcet Commodore VS Pretty Motorsport 134 0:2:44.9172 0:2:19.807 22 Peter Fields / Shane Howison Commodore VS South Pacific Motor Racing 134 0:2:35.8070 0:2:24.146 DNF Jason Bright / Craig Baird Falcon AU Pirtek Racing DNF 0:2:11.4005 0:2:13.1143 DNF Mark Larkham / Brad Jones Falcon AU Mitre 10 Racing DNF not available not available DNF Mike Imrie / Rodney Crick Commodore VS Saabwreck Motorsport DNF not available not available DNF Paul Radisich / Steven Ellery Falcon AU Shell Helix Racing DNF not available not available DNF Danny Osborne / Brett Peters Falcon EL Colourscan DNF not available not available DNF Tony Longhurst / Adam Macrow Falcon AU Castrol Longhurst Ford DNF not available not available DNF John Cotter / Peter Doulman Commodore VT Team Gatorade Racing DNF not available not available DNF Terry Finnigan / Darren Pat Commodore VS Terry Finnigan Racing DNF not available not available DNF Craig Harris / Tim Shaw Falcon EL Harris Racing DNF not available not available DNF Tomas Mezera / Tony Ricciardello Commodore VS Densitron DNF not available not available DNF GarthTander / Jason Bargwanna Commodore VT Valvoline/Cummins DNF not available not available DNF Chris Smerdon / Charlie Cox Commodore VS Challenge Motorsport DNF not available not available DNF Cameron McLean / John Cleland Falcon EL Greenfield Mower Racing DNF not available not available DNF Bill Sieders / Gary Holt Falcon EL Simon's Earthworks DNF not available not available DNF John Faulkner / Simon Wills Commodore VT John Faulkner Racing DNF not available not available DNF John Trimbole / Kevin Heffernan Commodore VS Daily Planet Racing DNF not available not available DNF Layton Crambrook / Dean Crosswell Commodore VS Crambrook Racing DNF not available not available DNF Simon Emerzidis / Gary Willmington Falcon EL Simon's Earthworks DNF not available not available DNF Rod Nash / Dean Wanless Commodore VT Auto Pro Racing DNF not available not available DNF John Briggs / Tim Leahey Falcon AU Super Cheap Auto DNF not available not available DNF Anthony Tratt / Alan Jones Falcon AU Toll Racing DNF not available not available DNF Richard Mork / Christian D'Agostin Commodore VS V8 Racing DNF not available not available DNF Mike Conway / Ric Shaw Falcon EL Cadillac Productions DNF not available not available DNF Bob Thorn / Todd Wanless Falcon EL Super Cheap Auto DNF not available not available DNF Tim Rowse / Ron Barnacle Commodore VP Rowse Motorsport DNF not available not available DNF Daniel Miller / Geoff Kendrick Commodore VS Miller Racing DNF not available not available DNF Damien White / Rod Salmon Commodore VS The Race Centre DNF not available not available DNF Paul Dumbrell / Matthew White Commodore VS John Faulkner Racing DNF not available not available DNF Wayne Wakefield / Dean Canto Commodore VS Graphic Skills Racing DNF not available not available DNF Alan Heath / Mick Donaher Falcon EL West Terrace 4WD DNF not available not available DNF John Bowe / Jim Richards Falcon AU Cat Racing DNF not available not available DNF Scotty Taylor / Bill Attard Commodore VS The Xerox Shop DNF not available not available
1999,1000,FAI 1000 V8 Supercars Mount Panorama,Bathurst 14th November,FAI 1000 V8 Supercars Mount Panorama Bathurst 14th November 1999 Number of Laps: 161 Total Race Time: 6:51:48.8354 Please Note: You can sort this listing by simply clicking on the column heading PLACE DRIVER / CO DRIVER(S) VEHICLE TEAM LAPS QUALIFYING FASTEST 1 Steven Richards / Greg Murphy Commodore VT Wynn's Australia 161 0:2:11.4005 0:2:13.1143 2 Craig Lowndes / Cameron McConville Commodore VT Holden Racing Team 161 0:2:9.9063 0:2:12.6819; 3 Mark Skaife / Paul Morris Commodore VT Holden Racing Team 161 0:2:9.5792 0:2:12.7774 4 Dick Johnson / Steven Johnson Falcon AU Shell Helix Racing 161 0:2:11.8516 0:2:13.5733 5 Glenn Seton / Neil Crompton Falcon AU Ford Tickford Racing 161 0:2:10.7096 0:2:13.2512 6 Todd Kelly / Mark Noske Commodore VT Mobil Racing Team 161 0:2:12.4370 0:2:13.2875 7 Larry Perkins / Russell Ingall Commodore VT Castrol Perkins Racing 161 0:2:10.3407 0:2:13.874 8 Paul Weel / Greg Crick Falcon AU K & J Thermal Products Racing 160 0:2:12.3802 0:2:14.7375 9 Greg Ritter / Steve Owen Commodore VT Team Valvoline/Cummins 160 0:2:14.7595 0:2:14.3096 10 Geoff Brabham / Neal Bates Falcon AU Ford Tickford Racing 159 0:2:12.6669 0:2:14.1281 11 David Parsons / David Parsons Commodore VT Challenge Recruitment 159 not available not available 12 Rodney Forbes / Geoff Full Commodore VS Rodney Forbes Racing 158 0:2:14.7409 0:2:14.5877 13 Paul Romano / Darren Hossack Commodore VS Siemens Mobile Motorsports 158 0:2:13.1752 0:2:14.7139 14 Wayne Gardner / David Brabham Commodore VT Wayne Gardner Racing 157 0:2:12.2775 0:2:13.8908 15 Mark Poole / Tony Scott Commodore VT John Deere Racing Team 157 0:2:11.7586 0:2:14.3096 16 Steve Reed / Trevor Ashby Commodore VS Lansvale/PPG 152 0:2:13.6995 0:2:14.2279 17 Dean Lindstrom / Melinda Price Commodore VS Ultra Tune Racing 151 0:2:21.6840 0:2:21.2408 18 Neil Schembri / Gary Quartly Commodore VS Gearbox Motorsport 146 0:2:18.1884 0:2:22.2139 19 Darcy Russell / Grant Johnson Commodore VS Rod Smith Racing 146 0:2:17.5601 0:2:21.275 20 Dugal McDougall / Andrew Miedecke Commodore VT Perkins Engineering 141 0:2:13.8774 0:2:15.900 21 Nathan Pretty / Andrew Fawcet Commodore VS Pretty Motorsport 134 0:2:44.9172 0:2:19.807 22 Peter Fields / Shane Howison Commodore VS South Pacific Motor Racing 134 0:2:35.8070 0:2:24.146 DNF Jason Bright / Craig Baird Falcon AU Pirtek Racing DNF 0:2:11.4005 0:2:13.1143 DNF Mark Larkham / Brad Jones Falcon AU Mitre 10 Racing DNF not available not available DNF Mike Imrie / Rodney Crick Commodore VS Saabwreck Motorsport DNF not available not available DNF Paul Radisich / Steven Ellery Falcon AU Shell Helix Racing DNF not available not available DNF Danny Osborne / Brett Peters Falcon EL Colourscan DNF not available not available DNF Tony Longhurst / Adam Macrow Falcon AU Castrol Longhurst Ford DNF not available not available DNF John Cotter / Peter Doulman Commodore VT Team Gatorade Racing DNF not available not available DNF Terry Finnigan / Darren Pat Commodore VS Terry Finnigan Racing DNF not available not available DNF Craig Harris / Tim Shaw Falcon EL Harris Racing DNF not available not available DNF Tomas Mezera / Tony Ricciardello Commodore VS Densitron DNF not available not available DNF GarthTander / Jason Bargwanna Commodore VT Valvoline/Cummins DNF not available not available DNF Chris Smerdon / Charlie Cox Commodore VS Challenge Motorsport DNF not available not available DNF Cameron McLean / John Cleland Falcon EL Greenfield Mower Racing DNF not available not available DNF Bill Sieders / Gary Holt Falcon EL Simon's Earthworks DNF not available not available DNF John Faulkner / Simon Wills Commodore VT John Faulkner Racing DNF not available not available DNF John Trimbole / Kevin Heffernan Commodore VS Daily Planet Racing DNF not available not available DNF Layton Crambrook / Dean Crosswell Commodore VS Crambrook Racing DNF not available not available DNF Simon Emerzidis / Gary Willmington Falcon EL Simon's Earthworks DNF not available not available DNF Rod Nash / Dean Wanless Commodore VT Auto Pro Racing DNF not available not available DNF John Briggs / Tim Leahey Falcon AU Super Cheap Auto DNF not available not available DNF Anthony Tratt / Alan Jones Falcon AU Toll Racing DNF not available not available DNF Richard Mork / Christian D'Agostin Commodore VS V8 Racing DNF not available not available DNF Mike Conway / Ric Shaw Falcon EL Cadillac Productions DNF not available not available DNF Bob Thorn / Todd Wanless Falcon EL Super Cheap Auto DNF not available not available DNF Tim Rowse / Ron Barnacle Commodore VP Rowse Motorsport DNF not available not available DNF Daniel Miller / Geoff Kendrick Commodore VS Miller Racing DNF not available not available DNF Damien White / Rod Salmon Commodore VS The Race Centre DNF not available not available DNF Paul Dumbrell / Matthew White Commodore VS John Faulkner Racing DNF not available not available DNF Wayne Wakefield / Dean Canto Commodore VS Graphic Skills Racing DNF not available not available DNF Alan Heath / Mick Donaher Falcon EL West Terrace 4WD DNF not available not available DNF John Bowe / Jim Richards Falcon AU Cat Racing DNF not available not available DNF Scotty Taylor / Bill Attard Commodore VS The Xerox Shop DNF not available not available
1999,1000,FAI 1000 V8 Supercars Mount Panorama,Bathurst 14th November,FAI 1000 V8 Supercars Mount Panorama Bathurst 14th November 1999
1999,1000,FAI 1000 V8 Supercars Mount Panorama,Bathurst 14th November,Number of Laps: 161 Total Race Time: 6:51:48.8354
2000,1,Garth Tander,Jason Bargwanna,Commodore VT
2000,2,Paul Radisich,Jason Bright,Falcon AU
2000,3,Steven Richards,Greg Murphy,Commodore VT
2000,4,Steven Johnson,Cameron McLean,Falcon AU
2000,5,Todd Pretty,Nathan Kelly,Commodore VT
2000,6,Mark Skaife,Craig Lowndes,Commodore VT
2000,7,Craig Baird,Simon Wills,Falcon AU
2000,8,Dugal MacDougall,Andrew Miedecke,Commodore VT
2000,9,David 'T' Parsons,Darren Hossack,Commodore VT
2000,10,Jason Plato,Yvan Muller,Commodore VT
2000,11,Larry Perkins,Russell Ingall,Commodore VT
2000,12,Paul Morris,Matther Neal,Commodore VT
2000,13,Glenn Seton,Neil Crompton,Falcon AU
2000,14,Paul Weel,Greg Crick,Falcon AU
2000,15,Rick Bates,Brett Peters,Falcon AU
2000,16,Jason Richards,Angus Fogg,Commodore VT
2000,17,Rod Salmon,Damien White,Falcon AU
2000,18,Mark Larkham,Alain Menu,Falcon AU
2000,19,Tim Sipp,Shane Beikoff,Commodore VS
2000,20,Dean Lindstrom,Melinda Price,Commodore VS
2000,21,Peter Field,Shane Howison,Commodore VS
2000,22,Neil Schemberi,Gary Quartly,Falcon EL
2000,23,Rob Russell,Steve Coulter,Falcon EL
2000,24,Matthew White,Steve Owen,Commodore VS
2000,25,Mal Rose,Christian D'Agostin,Commodore VS
2000,26,Bill Seiders,Luke Seiders,Falcon EL
2000,27,Rodney Crick,Peter Gazzard,Commodore VT
2000,28,Layton Crambrook,Gary Baxter,Falcon EL
2000,29,Richard Mork,Steve Williams,Commodore VS
2000,1000,FAI 1000 V8 Supercars Mount Panorama,Bathurst 13th November,FAI 1000 V8 Supercars Mount Panorama Bathurst 13th November 2000 Number of Laps: 161 Total Race Time: 7:23:30.2348 Please Note: You can sort this listing by simply clicking on the column heading PLACE DRIVER / CO DRIVER(S) VEHICLE TEAM LAPS QUALIFYING FASTEST 1 Garth Tander / Jason Bargwanna Commodore VT Garry Rogers Motorsport 161 0:2:55.7286 0:2:15.5897 2 Paul Radisich / Jason Bright Falcon AU Dick Johnson Racing 161 0:2:55.7286 0:2:16.1521 3 Steven Richards / Greg Murphy Commodore VT K-Mart Racing 161 0:2:13.7709 0:2:14.9144 4 Steven Johnson / Cameron McLean Falcon AU Dick Johnson Racing 161 0:2:29.6150 0:2:15.3735 5 Todd Pretty / Nathan Kelly Commodore VT Holden Racing Team 161 0:2:37.3280 0:2:16.1084 6 Mark Skaife / Craig Lowndes Commodore VT Holden Racing Team 161 0:2:30.6720 0:2:14.2602 7 Craig Baird / Simon Wills Falcon AU Pirtek Racing 161 0:2:15.5720 0:2:16.7327 8 Dugal MacDougall / Andrew Miedecke Commodore VT Pepsi 161 0:2:16.424 0:2:16.8340 9 David 'T' Parsons / Darren Hossack Commodore VT K-Mart Racing 161 0:2:16.4255 0:2:17.8607 10 Jason Plato / Yvan Muller Commodore VT Holden Racing Team 159 0:2:15.4351 0:2:15.9444 11 Larry Perkins / Russell Ingall Commodore VT Castrol Perkins Race Team 159 0:2:43.5516 0:2:15.2309 12 Paul Morris / Matther Neal Commodore VT Nemo Racing 158 0:2:15.4033 0:2:16.4888 13 Glenn Seton / Neil Crompton Falcon AU Tickford Racing 158 0:2:32.8572 0:2:14.3016 14 Paul Weel / Greg Crick Falcon AU K & J Thermal Products Racing 157 0:2:14.8718 0:2:16.4738 15 Rick Bates / Brett Peters Falcon AU Colourscan Motorsport 157 0:2:16.4073 0:2:17.4557 16 Jason Richards / Angus Fogg Commodore VT Genuine New Zealand Supporters 157 0:2:15.6158 0:2:18.2339 17 Rod Salmon / Damien White Falcon AU Oneworld Hotel & Sports Bar 155 0:2:20.4178 0:2:19.3513 18 Mark Larkham / Alain Menu Falcon AU Mitre 10 Ford Racing 155 0:2:31.6161 0:2:16.1144 19 Tim Sipp / Shane Beikoff Commodore VS Graphic Skills Racing 153 0:2:21.4616 0:2:21.6730 20 Dean Lindstrom / Melinda Price Commodore VS Ultra Tune Racing 150 not available 0:2:22.8607 21 Peter Field / Shane Howison Commodore VS South Pacific Motor Racing 149 0:2:36.4819 0:2:25.8386 22 Neil Schemberi / Gary Quartly Falcon EL Gearbox Merchandising 147 0:2:21.7017 0:2:24.3420 23 Rob Russell / Steve Coulter Falcon EL All-Trans Spares 144 0:2:31.3477 0:2:41.7247 24 Matthew White / Steve Owen Commodore VS Challenge Recruitment 143 not available 0:2:18.2217 25 Mal Rose / Christian D'Agostin Commodore VS K & J Thermal Products Racing 141 0:2:19.6721 0:2:22.1157 26 Bill Seiders / Luke Seiders Falcon EL All-Trans Trucks 137 0:2:21.7933 0:2:21.8896 27 Rodney Crick / Peter Gazzard Commodore VT IMS Carplan Team 137 0:2:19.5258 0:2:22.4880 28 Layton Crambrook / Gary Baxter Falcon EL Power Racing 133 0:2:19.8408 0:2:22.1575 29 Richard Mork / Steve Williams Commodore VS V8 Racing 127 0:2:22.1072 0:2:23.8337 DNF Brad Jones / Tomas Mezera Falcon AU OzEmail Internet Racing DNF 0:2:55.7286 0:2:15.5897 DNF John Faulkner /Adam Macrow Commodore VT Team Asia OnLine DNF not available not available DNF Tony Longhurst / David Besnard Falcon AU Caltex Havoline Race Team DNF not available not available DNF Anthony Tratt / Alan Jones Falcon AU Toll Racing DNF not available not available DNF John Bowe / Jim Richards Falcon AU CAT Racing DNF not available not available DNF Craig Harris / Stephen Voight Falcon AU Harris Racing DNF not available not available DNF Luka Youlden / Christian Murchison Commodore VT Perkins Engineering DNF not available not available DNF Gary Holt / Garry Willmington Falcon EL Eastern Creek Karting DNF not available not available DNF Cameron McConville / Geoff Brabham Commodore VT Delphi/Wynns Racing DNF not available not available DNF Mick Donaher / Tyler Mecklem Commodore VT Ultra Tune TDK Racing DNF not available not available DNF Geoff Full / Phillip Scifleet Commodore VS Lansvale Smash Repairs DNF not available not available DNF John Cotter / Peter Doulman Commodore VT Team Gatorade Racing DNF not available not available DNF Steve Ellery / Paul Stokell Falcon AU Super Cheap Auto Racing DNF not available not available DNF Bill Attard / Roger Hurd Commodore VS The Xerox Shop DNF not available not available DNF Rodney Forbes / John Cleland Commodore VT Rodney Forbes Racing DNF not available not available DNF Terry Wyhoon / Jamie Brock Commodore VS Terry Wyhoon Racing DNF not available not available DNF Dean Canto / Ian Moncrieff Falcon AU Dean Canto Racing DNF not available not available DNF Wayne Gardner / Neal Bates Falcon AU Ford Tickford Racing DNF not available not available DNF Ryan McLeod / Wayne Wakefield Commodore VS Chicko DNF not available not available DNF Greg Ritter / Tim Leahey Commodore VT Garry Rogers Motorsport DNF not available not available DNF Steve Reed / Trevor Ashby Commodore VS Lansvale Smash Repairs DNF not available not available DNF Ross Halliday / Adam Walls Falcon EL Halliday Motorsport DNF not available not available DNF Paul Romano / David 'S' Parsons Commodore VS Romano Racing DNF not available not available DNF Rod Nash / Paul Dumbrell Commodore VT Autopro Racing DNF not available not available DNF Owen Kelly / Aaron McGill Commodore VS Nemo Racing DNF not available not available DNF Heath / Finnigan Commodore VS not available DNF not available not available
2000,1000,FAI 1000 V8 Supercars Mount Panorama,Bathurst 13th November,FAI 1000 V8 Supercars Mount Panorama Bathurst 13th November 2000 Number of Laps: 161 Total Race Time: 7:23:30.2348 Please Note: You can sort this listing by simply clicking on the column heading PLACE DRIVER / CO DRIVER(S) VEHICLE TEAM LAPS QUALIFYING FASTEST 1 Garth Tander / Jason Bargwanna Commodore VT Garry Rogers Motorsport 161 0:2:55.7286 0:2:15.5897 2 Paul Radisich / Jason Bright Falcon AU Dick Johnson Racing 161 0:2:55.7286 0:2:16.1521 3 Steven Richards / Greg Murphy Commodore VT K-Mart Racing 161 0:2:13.7709 0:2:14.9144 4 Steven Johnson / Cameron McLean Falcon AU Dick Johnson Racing 161 0:2:29.6150 0:2:15.3735 5 Todd Pretty / Nathan Kelly Commodore VT Holden Racing Team 161 0:2:37.3280 0:2:16.1084 6 Mark Skaife / Craig Lowndes Commodore VT Holden Racing Team 161 0:2:30.6720 0:2:14.2602 7 Craig Baird / Simon Wills Falcon AU Pirtek Racing 161 0:2:15.5720 0:2:16.7327 8 Dugal MacDougall / Andrew Miedecke Commodore VT Pepsi 161 0:2:16.424 0:2:16.8340 9 David 'T' Parsons / Darren Hossack Commodore VT K-Mart Racing 161 0:2:16.4255 0:2:17.8607 10 Jason Plato / Yvan Muller Commodore VT Holden Racing Team 159 0:2:15.4351 0:2:15.9444 11 Larry Perkins / Russell Ingall Commodore VT Castrol Perkins Race Team 159 0:2:43.5516 0:2:15.2309 12 Paul Morris / Matther Neal Commodore VT Nemo Racing 158 0:2:15.4033 0:2:16.4888 13 Glenn Seton / Neil Crompton Falcon AU Tickford Racing 158 0:2:32.8572 0:2:14.3016 14 Paul Weel / Greg Crick Falcon AU K & J Thermal Products Racing 157 0:2:14.8718 0:2:16.4738 15 Rick Bates / Brett Peters Falcon AU Colourscan Motorsport 157 0:2:16.4073 0:2:17.4557 16 Jason Richards / Angus Fogg Commodore VT Genuine New Zealand Supporters 157 0:2:15.6158 0:2:18.2339 17 Rod Salmon / Damien White Falcon AU Oneworld Hotel & Sports Bar 155 0:2:20.4178 0:2:19.3513 18 Mark Larkham / Alain Menu Falcon AU Mitre 10 Ford Racing 155 0:2:31.6161 0:2:16.1144 19 Tim Sipp / Shane Beikoff Commodore VS Graphic Skills Racing 153 0:2:21.4616 0:2:21.6730 20 Dean Lindstrom / Melinda Price Commodore VS Ultra Tune Racing 150 not available 0:2:22.8607 21 Peter Field / Shane Howison Commodore VS South Pacific Motor Racing 149 0:2:36.4819 0:2:25.8386 22 Neil Schemberi / Gary Quartly Falcon EL Gearbox Merchandising 147 0:2:21.7017 0:2:24.3420 23 Rob Russell / Steve Coulter Falcon EL All-Trans Spares 144 0:2:31.3477 0:2:41.7247 24 Matthew White / Steve Owen Commodore VS Challenge Recruitment 143 not available 0:2:18.2217 25 Mal Rose / Christian D'Agostin Commodore VS K & J Thermal Products Racing 141 0:2:19.6721 0:2:22.1157 26 Bill Seiders / Luke Seiders Falcon EL All-Trans Trucks 137 0:2:21.7933 0:2:21.8896 27 Rodney Crick / Peter Gazzard Commodore VT IMS Carplan Team 137 0:2:19.5258 0:2:22.4880 28 Layton Crambrook / Gary Baxter Falcon EL Power Racing 133 0:2:19.8408 0:2:22.1575 29 Richard Mork / Steve Williams Commodore VS V8 Racing 127 0:2:22.1072 0:2:23.8337 DNF Brad Jones / Tomas Mezera Falcon AU OzEmail Internet Racing DNF 0:2:55.7286 0:2:15.5897 DNF John Faulkner /Adam Macrow Commodore VT Team Asia OnLine DNF not available not available DNF Tony Longhurst / David Besnard Falcon AU Caltex Havoline Race Team DNF not available not available DNF Anthony Tratt / Alan Jones Falcon AU Toll Racing DNF not available not available DNF John Bowe / Jim Richards Falcon AU CAT Racing DNF not available not available DNF Craig Harris / Stephen Voight Falcon AU Harris Racing DNF not available not available DNF Luka Youlden / Christian Murchison Commodore VT Perkins Engineering DNF not available not available DNF Gary Holt / Garry Willmington Falcon EL Eastern Creek Karting DNF not available not available DNF Cameron McConville / Geoff Brabham Commodore VT Delphi/Wynns Racing DNF not available not available DNF Mick Donaher / Tyler Mecklem Commodore VT Ultra Tune TDK Racing DNF not available not available DNF Geoff Full / Phillip Scifleet Commodore VS Lansvale Smash Repairs DNF not available not available DNF John Cotter / Peter Doulman Commodore VT Team Gatorade Racing DNF not available not available DNF Steve Ellery / Paul Stokell Falcon AU Super Cheap Auto Racing DNF not available not available DNF Bill Attard / Roger Hurd Commodore VS The Xerox Shop DNF not available not available DNF Rodney Forbes / John Cleland Commodore VT Rodney Forbes Racing DNF not available not available DNF Terry Wyhoon / Jamie Brock Commodore VS Terry Wyhoon Racing DNF not available not available DNF Dean Canto / Ian Moncrieff Falcon AU Dean Canto Racing DNF not available not available DNF Wayne Gardner / Neal Bates Falcon AU Ford Tickford Racing DNF not available not available DNF Ryan McLeod / Wayne Wakefield Commodore VS Chicko DNF not available not available DNF Greg Ritter / Tim Leahey Commodore VT Garry Rogers Motorsport DNF not available not available DNF Steve Reed / Trevor Ashby Commodore VS Lansvale Smash Repairs DNF not available not available DNF Ross Halliday / Adam Walls Falcon EL Halliday Motorsport DNF not available not available DNF Paul Romano / David 'S' Parsons Commodore VS Romano Racing DNF not available not available DNF Rod Nash / Paul Dumbrell Commodore VT Autopro Racing DNF not available not available DNF Owen Kelly / Aaron McGill Commodore VS Nemo Racing DNF not available not available DNF Heath / Finnigan Commodore VS not available DNF not available not available
2000,1000,FAI 1000 V8 Supercars Mount Panorama,Bathurst 13th November,FAI 1000 V8 Supercars Mount Panorama Bathurst 13th November 2000
2000,1000,FAI 1000 V8 Supercars Mount Panorama,Bathurst 13th November,Number of Laps: 161 Total Race Time: 7:23:30.2348
2001,1,Mark Skaife,Tony Longhurst,Commodore VX
2001,2,Brad Jones,John Cleland,Falcon AU
2001,3,Todd Kelly,Greg Murphy,Commodore VX
2001,4,Cameron McLean,Greg Ritter,Falcon AU
2001,5,Jim Richards,Dean Canto,Falcon AU
2001,6,Garth Tander,Jason Bargwanna,Commodore VX
2001,7,Steve Ellery,Geoff Brabham,Falcon AU
2001,8,V8 Supercar 1000 Mount Panorama,Bathurst 7th October,V8 Supercar 1000 Mount Panorama Bathurst 7th October 2001 Number of Laps: 161 Total Race Time: 6:51:48.8354 Please Note: You can sort this listing by simply clicking on the column heading PLACE DRIVER / CO DRIVER(S) VEHICLE TEAM LAPS QUALIFYING FASTEST 1 Mark Skaife / Tony Longhurst Commodore VX Holden Race Team 161 0:2:10.1599 0:2:10.8413 2 Brad Jones / John Cleland Falcon AU OzEmail Racing 161 0:2:12.2942 0:2:10.6593 3 Todd Kelly / Greg Murphy Commodore VX K-Mart Racing Team 161 0:2:10.8654 0:2:10.6318 4 Cameron McLean / Greg Ritter Falcon AU Dick Johnson Racing 161 0:2:10.2323 0:2:11.5600 5 Jim Richards / Dean Canto Falcon AU Ford Tickford Racing 161 0:2:10.5180 0:2:10.9141 6 Garth Tander / Jason Bargwanna Commodore VX Gary Rogers Motorsports 161 0:2:10.4999 0:2:10.9972 7 Steve Ellery / Geoff Brabham Falcon AU Super Cheap Auto 161 0:2:10.5180 0:2:11.503 8 Larry Perkins / Russell Ingall Commodore VX Perkins Motorsports 161 0:2:9.9912 0:2:10.7200 9 Glenn Seton / Steven Richards Falcon AU Ford Tickford Racing 161 0:2:9.9804 0:2:10.8808 10 Cameron McConville / Rick Bates Commodore VX Lansvale Smash Repairs 160 0:2:12.1408 0:2:11.4105 11 Steve Reed / Trevor Ashby Commodore VX Lansvale Smash Repairs 159 0:2:14.4264 0:2:12.5101 12 Paul Morris / Ashley Stichbury Commodore VT Big Kev 159 0:2:11.3743 0:2:11.3499 13 Paul Romano / Owen Kelly Commodore VX Holden Racing Team 159 0:2:13.7193 0:2:15.7671 14 Nathan Pretty / Rick Kelly Commodore VX K-Mart Racing Team 158 0:2:12.242 0:2:11.7204 15 Anthony Tratt / Alan Jones Falcon AU Toll Racing 158 0:2:12.9820 0:2:11.8477 16 Jason Richards / Angus Fogg Commodore VX Team Kiwi Racing 157 0:2:12.676 0:2:12.1396 17 Craig Lowndes / Neil Crompton Falcon AU Gibson Motorsports 156 0:2:11.141 0:2:10.7170 18 Alan Heath / Dale Brede Falcon AU Power Racing 155 0:2:15.9640 0:2:14.8199 19 Phillip Scifleet / Christian D'Agoshn Falcon AU RPM International 147 0:2:14.7737 0:2:12.8305 DNF Dugal McDougall / Andrew Miedecke Commodore VX Dugal McDougall Motorsports 144 0:2:12.5184 0:2:12.2614 DNF Rodney Forbes / David Parsons Falcon AU Rodney Forbes Racing 132 0:2:13.9108 0:2:14.2556 DNF Jason Bright / Tomas Mezera Commodore VX Holden Racing Team DNF 0:2:10.1599 0:2:10.8413 DNF Marcos Ambrose / Wayne Wakefield Falcon AU Stone Brothers Racing DNF not available not available DNF Luke Youlden / Adam Macrow Commodore VX Perkins Motorsports DNF not available not available DNF David Besnard / Mathew White Falcon AU Stone Brothers Racing DNF not available not available DNF Mark Larkham / Wayne Gardner Falcon AU Larkham Motorsports DNF not available not available DNF James Brock / Steve Owen Commodore VX IMS-Imrie Motorsports DNF not available not available DNF Steven Johnson / Paul Radisich Falcon AU Dick Johnson Racing DNF not available not available DNF Gary Holt / Kevin Mundy Falcon EL Eastern Creek Karts DNF not available not available DNF Terry Wyhoon / Rod Salmon Falcon AU Terry Wyhoon Racing DNF not available not available DNF Leanne Ferrier / Paul Dumbrell Commodore VX Gary Rogers Motorsports DNF not available not available DNF Paul Weel / Tim Leahey Falcon AU K & J Thermal Products DNF not available not available DNF John Faulkner / Peter Doulman Commodore VX John Faulkner Racing DNF not available not available DNF Michael Donaher / Layton Cranbrook Commodore VX Ultra Tune Racing DNF not available not available DNF Rod Nash / Tony Ricciardello Commodore VX Rod Nash Racing DNF not available not available DNF Ross Halliday / Greg Crick Falcon AU Halliday Motor Sport DNF not available not available DNF Craig Harris / Micheal Simpson Falcon AU Castrol Harris Racing DNF not available not available DNF John Bowe / Simon Wills Falcon AU CAT Racing DNF not available not available DNF Mark Noske / Craig Baird Falcon AU Bud Racing DNF not available not available
2001,8,V8 Supercar 1000 Mount Panorama,Bathurst 7th October,V8 Supercar 1000 Mount Panorama Bathurst 7th October 2001 Number of Laps: 161 Total Race Time: 6:51:48.8354 Please Note: You can sort this listing by simply clicking on the column heading PLACE DRIVER / CO DRIVER(S) VEHICLE TEAM LAPS QUALIFYING FASTEST 1 Mark Skaife / Tony Longhurst Commodore VX Holden Race Team 161 0:2:10.1599 0:2:10.8413 2 Brad Jones / John Cleland Falcon AU OzEmail Racing 161 0:2:12.2942 0:2:10.6593 3 Todd Kelly / Greg Murphy Commodore VX K-Mart Racing Team 161 0:2:10.8654 0:2:10.6318 4 Cameron McLean / Greg Ritter Falcon AU Dick Johnson Racing 161 0:2:10.2323 0:2:11.5600 5 Jim Richards / Dean Canto Falcon AU Ford Tickford Racing 161 0:2:10.5180 0:2:10.9141 6 Garth Tander / Jason Bargwanna Commodore VX Gary Rogers Motorsports 161 0:2:10.4999 0:2:10.9972 7 Steve Ellery / Geoff Brabham Falcon AU Super Cheap Auto 161 0:2:10.5180 0:2:11.503 8 Larry Perkins / Russell Ingall Commodore VX Perkins Motorsports 161 0:2:9.9912 0:2:10.7200 9 Glenn Seton / Steven Richards Falcon AU Ford Tickford Racing 161 0:2:9.9804 0:2:10.8808 10 Cameron McConville / Rick Bates Commodore VX Lansvale Smash Repairs 160 0:2:12.1408 0:2:11.4105 11 Steve Reed / Trevor Ashby Commodore VX Lansvale Smash Repairs 159 0:2:14.4264 0:2:12.5101 12 Paul Morris / Ashley Stichbury Commodore VT Big Kev 159 0:2:11.3743 0:2:11.3499 13 Paul Romano / Owen Kelly Commodore VX Holden Racing Team 159 0:2:13.7193 0:2:15.7671 14 Nathan Pretty / Rick Kelly Commodore VX K-Mart Racing Team 158 0:2:12.242 0:2:11.7204 15 Anthony Tratt / Alan Jones Falcon AU Toll Racing 158 0:2:12.9820 0:2:11.8477 16 Jason Richards / Angus Fogg Commodore VX Team Kiwi Racing 157 0:2:12.676 0:2:12.1396 17 Craig Lowndes / Neil Crompton Falcon AU Gibson Motorsports 156 0:2:11.141 0:2:10.7170 18 Alan Heath / Dale Brede Falcon AU Power Racing 155 0:2:15.9640 0:2:14.8199 19 Phillip Scifleet / Christian D'Agoshn Falcon AU RPM International 147 0:2:14.7737 0:2:12.8305 DNF Dugal McDougall / Andrew Miedecke Commodore VX Dugal McDougall Motorsports 144 0:2:12.5184 0:2:12.2614 DNF Rodney Forbes / David Parsons Falcon AU Rodney Forbes Racing 132 0:2:13.9108 0:2:14.2556 DNF Jason Bright / Tomas Mezera Commodore VX Holden Racing Team DNF 0:2:10.1599 0:2:10.8413 DNF Marcos Ambrose / Wayne Wakefield Falcon AU Stone Brothers Racing DNF not available not available DNF Luke Youlden / Adam Macrow Commodore VX Perkins Motorsports DNF not available not available DNF David Besnard / Mathew White Falcon AU Stone Brothers Racing DNF not available not available DNF Mark Larkham / Wayne Gardner Falcon AU Larkham Motorsports DNF not available not available DNF James Brock / Steve Owen Commodore VX IMS-Imrie Motorsports DNF not available not available DNF Steven Johnson / Paul Radisich Falcon AU Dick Johnson Racing DNF not available not available DNF Gary Holt / Kevin Mundy Falcon EL Eastern Creek Karts DNF not available not available DNF Terry Wyhoon / Rod Salmon Falcon AU Terry Wyhoon Racing DNF not available not available DNF Leanne Ferrier / Paul Dumbrell Commodore VX Gary Rogers Motorsports DNF not available not available DNF Paul Weel / Tim Leahey Falcon AU K & J Thermal Products DNF not available not available DNF John Faulkner / Peter Doulman Commodore VX John Faulkner Racing DNF not available not available DNF Michael Donaher / Layton Cranbrook Commodore VX Ultra Tune Racing DNF not available not available DNF Rod Nash / Tony Ricciardello Commodore VX Rod Nash Racing DNF not available not available DNF Ross Halliday / Greg Crick Falcon AU Halliday Motor Sport DNF not available not available DNF Craig Harris / Micheal Simpson Falcon AU Castrol Harris Racing DNF not available not available DNF John Bowe / Simon Wills Falcon AU CAT Racing DNF not available not available DNF Mark Noske / Craig Baird Falcon AU Bud Racing DNF not available not available
2001,8,V8 Supercar 1000 Mount Panorama,Bathurst 7th October,V8 Supercar 1000 Mount Panorama Bathurst 7th October 2001
2001,8,V8 Supercar 1000 Mount Panorama,Bathurst 7th October,Number of Laps: 161 Total Race Time: 6:51:48.8354
2001,8,Larry Perkins,Russell Ingall,Commodore VX
2001,9,Glenn Seton,Steven Richards,Falcon AU
2001,10,Cameron McConville,Rick Bates,Commodore VX
2001,11,Steve Reed,Trevor Ashby,Commodore VX
2001,12,Paul Morris,Ashley Stichbury,Commodore VT
2001,13,Paul Romano,Owen Kelly,Commodore VX
2001,14,Nathan Pretty,Rick Kelly,Commodore VX
2001,15,Anthony Tratt,Alan Jones,Falcon AU
2001,16,Jason Richards,Angus Fogg,Commodore VX
2001,17,Craig Lowndes,Neil Crompton,Falcon AU
2001,18,Alan Heath,Dale Brede,Falcon AU
2001,19,Phillip Scifleet,Christian D'Agoshn,Falcon AU
2002,1,Mark Skaife,Jim Richards,Commodore VX
2002,2,Russell Ingall,Steven Richards,Commodore VX
2002,3,Jason Bright,Tomas Mezera,Commodore VX
2002,4,Rick Kelly,Nathan Pretty,Commodore VX
2002,5,Larry Perkins,Paul Dumbrell,Commodore VX
2002,6,Tony Longhurst,Mathew White,Falcon AU
2002,7,Greg Ritter,Alan Jones,Falcon AU
2002,8,Cameron McLean,Tony Scott,Falcon AU
2002,9,Steve Ellery,Luke Youlden,Falcon AU
2002,10,John Faulkner,Rick Bates,Commodore VX
2002,11,Jason Richards,Simon Wills,Commodore VX
2002,12,Anthony Tratt,Paul Stokell,Falcon AU
2002,13,Todd Kelly,Greg Murphy,Commodore VX
2002,14,Rodney Forbes,Neal Bates,Falcon AU
2002,15,Cameron McConville,Warren Luff,Commodore VX
2002,16,Brad Jones,John Bowe,Falcon AU
2002,17,Steve Owen,Dale Brede,Falcon AU
2002,18,Mark Larkham,Will Power,Falcon AU
2002,19,John Cleland,Tim Leahey,Falcon AU
2002,20,Ron Searle,Jamie Miller,Commodore VT
2002,21,Marcos Ambrose,Paul Weel,Falcon AU
2002,22,Christian D'Agostin,David Krause,Commodore VX
2002,23,Craig Baird,Peter Brock,Commodore VX
2002,24,Kevin Mundy,Micheal Simpson,Falcon AU
2002,1000,Bob Jane T-Marts 1000 Mount Panorama,Bathurst 13th October,Bob Jane T-Marts 1000 Mount Panorama Bathurst 13th October 2002 Number of Laps: 161 Total Race Time: 6:58:41.260 Please Note: You can sort this listing by simply clicking on the column heading PLACE DRIVER / CO DRIVER(S) VEHICLE TEAM LAPS QUALIFYING FASTEST 1 Mark Skaife / Jim Richards Commodore VX Holden Race Team 161 0:2:8.8278 0:2:9.8048 2 Russell Ingall / Steven Richards Commodore VX Castrol Perkins Racing 161 0:2:9.9794 0:2:10.556 3 Jason Bright / Tomas Mezera Commodore VX Holden Racing Team 161 0:2:9.2949 0:2:9.9159 4 Rick Kelly / Nathan Pretty Commodore VX Holden Young Lions 161 0:2:10.402 0:2:10.2148 5 Larry Perkins / Paul Dumbrell Commodore VX Castrol Perkins Racing 161 0:2:10.8570 0:2:10.3488 6 Tony Longhurst / Mathew White Falcon AU Betta Electrical Racing 161 0:2:10.5701 0:2:11.9181 7 Greg Ritter / Alan Jones Falcon AU Shell Helix Racing 161 not available 0:2:10.9705 8 Cameron McLean / Tony Scott Falcon AU VIP Petfoods Racing 161 0:2:10.4261 0:2:11.8378 9 Steve Ellery / Luke Youlden Falcon AU Super Cheap Auto Racing 160 0:2:10.6719 0:2:11.4107 10 John Faulkner / Rick Bates Commodore VX Dynapack Racing 160 0:2:10.8767 0:2:11.2703 11 Jason Richards / Simon Wills Commodore VX Team Kiwi Racing 160 not available 0:2:10.8974 12 Anthony Tratt / Paul Stokell Falcon AU Toll Racing 160 0:2:14.7125 0:2:12.1696 13 Todd Kelly / Greg Murphy Commodore VX K-Mart Racing Team 159 0:2:10.135 0:2:9.6471 14 Rodney Forbes / Neal Bates Falcon AU 00 Motorsports 159 0:2:12.2725 0:2:13.883 15 Cameron McConville / Warren Luff Commodore VX Landsvale Racing Team 159 0:2:10.5120 0:2:11.6001 16 Brad Jones / John Bowe Falcon AU OzEmail Racing Team 158 0:2:9.988 0:2:9.5705 17 Steve Owen / Dale Brede Falcon AU Caterpilla Racing 158 0:2:10.6554 0:2:11.3673 18 Mark Larkham / Will Power Falcon AU Orrcon Racing 157 0:2:10.2221 0:2:12.3162 19 John Cleland / Tim Leahey Falcon AU OzEmail Racing Team 157 0:2:10.2432 0:2:11.5004 20 Ron Searle / Jamie Miller Commodore VT Transtar Racing 155 not available 0:2:17.804 21 Marcos Ambrose / Paul Weel Falcon AU Pirtek Racing 154 0:2:10.1008 0:2:10.2240 22 Christian D'Agostin / David Krause Commodore VX IMS Racing 145 0:2:14.9576 0:2:16.1143 23 Craig Baird / Peter Brock Commodore VX Team Brock 136 0:2:10.9889 0:2:11.4265 24 Kevin Mundy / Micheal Simpson Falcon AU Actron Air Racing Team 129 0:2:14.8405 0:2:16.2365 DNF Glenn Seton / David Besnard Falcon AU Ford Credit Racing DNF 0:2:8.8278 0:2:9.8048 DNF Craig Lowndes / Neil Crompton Falcon AU 00 Motorsports DNF not available not available DNF Paul Radisich / Steven Johnson Falcon AU Shell Helix Racing DNF not available not available DNF Dugal McDougall / Allan Gurr Commodore VX Pepsi Racing DNF not available not available DNF Paul Morris / Wayne Wakefield Commodore VX Paul Morris Motorsports DNF not available not available DNF Jason Bargwanna / Garth Tander Commodore VX Garry Rogers Motorsports DNF not available not available DNF Jamie Whincup / Mark Noske Commodore VX Garry Rogers Motorsports DNF not available not available DNF Mark Porter / Geoff Full Falcon AU DuPont/Hydralink Racing DNF not available not available DNF Andy Priaulx / Yvan Muller Commodore VX K-Mart Racing Team DNF not available not available DNF Max Wilson / Dean Canto Falcon AU Betta Electrical Racing DNF not available not available DNF Greg Crick / Phillip Scifleet Falcon AU Halliday Motorsports DNF not available not available DNF Allan Grice / Peter Doulman Falcon AU Gulf Western Racing DNF not available not available DNF Tyler Mecklem / Daryl Beattie Commodore VX IMS Racing DNF not available not available
2002,1000,Bob Jane T-Marts 1000 Mount Panorama,Bathurst 13th October,Bob Jane T-Marts 1000 Mount Panorama Bathurst 13th October 2002 Number of Laps: 161 Total Race Time: 6:58:41.260 Please Note: You can sort this listing by simply clicking on the column heading PLACE DRIVER / CO DRIVER(S) VEHICLE TEAM LAPS QUALIFYING FASTEST 1 Mark Skaife / Jim Richards Commodore VX Holden Race Team 161 0:2:8.8278 0:2:9.8048 2 Russell Ingall / Steven Richards Commodore VX Castrol Perkins Racing 161 0:2:9.9794 0:2:10.556 3 Jason Bright / Tomas Mezera Commodore VX Holden Racing Team 161 0:2:9.2949 0:2:9.9159 4 Rick Kelly / Nathan Pretty Commodore VX Holden Young Lions 161 0:2:10.402 0:2:10.2148 5 Larry Perkins / Paul Dumbrell Commodore VX Castrol Perkins Racing 161 0:2:10.8570 0:2:10.3488 6 Tony Longhurst / Mathew White Falcon AU Betta Electrical Racing 161 0:2:10.5701 0:2:11.9181 7 Greg Ritter / Alan Jones Falcon AU Shell Helix Racing 161 not available 0:2:10.9705 8 Cameron McLean / Tony Scott Falcon AU VIP Petfoods Racing 161 0:2:10.4261 0:2:11.8378 9 Steve Ellery / Luke Youlden Falcon AU Super Cheap Auto Racing 160 0:2:10.6719 0:2:11.4107 10 John Faulkner / Rick Bates Commodore VX Dynapack Racing 160 0:2:10.8767 0:2:11.2703 11 Jason Richards / Simon Wills Commodore VX Team Kiwi Racing 160 not available 0:2:10.8974 12 Anthony Tratt / Paul Stokell Falcon AU Toll Racing 160 0:2:14.7125 0:2:12.1696 13 Todd Kelly / Greg Murphy Commodore VX K-Mart Racing Team 159 0:2:10.135 0:2:9.6471 14 Rodney Forbes / Neal Bates Falcon AU 00 Motorsports 159 0:2:12.2725 0:2:13.883 15 Cameron McConville / Warren Luff Commodore VX Landsvale Racing Team 159 0:2:10.5120 0:2:11.6001 16 Brad Jones / John Bowe Falcon AU OzEmail Racing Team 158 0:2:9.988 0:2:9.5705 17 Steve Owen / Dale Brede Falcon AU Caterpilla Racing 158 0:2:10.6554 0:2:11.3673 18 Mark Larkham / Will Power Falcon AU Orrcon Racing 157 0:2:10.2221 0:2:12.3162 19 John Cleland / Tim Leahey Falcon AU OzEmail Racing Team 157 0:2:10.2432 0:2:11.5004 20 Ron Searle / Jamie Miller Commodore VT Transtar Racing 155 not available 0:2:17.804 21 Marcos Ambrose / Paul Weel Falcon AU Pirtek Racing 154 0:2:10.1008 0:2:10.2240 22 Christian D'Agostin / David Krause Commodore VX IMS Racing 145 0:2:14.9576 0:2:16.1143 23 Craig Baird / Peter Brock Commodore VX Team Brock 136 0:2:10.9889 0:2:11.4265 24 Kevin Mundy / Micheal Simpson Falcon AU Actron Air Racing Team 129 0:2:14.8405 0:2:16.2365 DNF Glenn Seton / David Besnard Falcon AU Ford Credit Racing DNF 0:2:8.8278 0:2:9.8048 DNF Craig Lowndes / Neil Crompton Falcon AU 00 Motorsports DNF not available not available DNF Paul Radisich / Steven Johnson Falcon AU Shell Helix Racing DNF not available not available DNF Dugal McDougall / Allan Gurr Commodore VX Pepsi Racing DNF not available not available DNF Paul Morris / Wayne Wakefield Commodore VX Paul Morris Motorsports DNF not available not available DNF Jason Bargwanna / Garth Tander Commodore VX Garry Rogers Motorsports DNF not available not available DNF Jamie Whincup / Mark Noske Commodore VX Garry Rogers Motorsports DNF not available not available DNF Mark Porter / Geoff Full Falcon AU DuPont/Hydralink Racing DNF not available not available DNF Andy Priaulx / Yvan Muller Commodore VX K-Mart Racing Team DNF not available not available DNF Max Wilson / Dean Canto Falcon AU Betta Electrical Racing DNF not available not available DNF Greg Crick / Phillip Scifleet Falcon AU Halliday Motorsports DNF not available not available DNF Allan Grice / Peter Doulman Falcon AU Gulf Western Racing DNF not available not available DNF Tyler Mecklem / Daryl Beattie Commodore VX IMS Racing DNF not available not available
2002,1000,Bob Jane T-Marts 1000 Mount Panorama,Bathurst 13th October,Bob Jane T-Marts 1000 Mount Panorama Bathurst 13th October 2002
2002,1000,Bob Jane T-Marts 1000 Mount Panorama,Bathurst 13th October,Number of Laps: 161 Total Race Time: 6:58:41.260
2003,1,Greg Murphy,Rick Kelly,Holden Commodore (VY)
2003,2,Craig Lowndes,Glenn Seton,Ford Falcon (BA)
2003,3,Steven Ellery,Luke Youlden,Ford Falcon (BA)
2003,4,Steven Richards,Larry Perkins,Holden Commodore (VY)
2003,5,Jim Richards,Tony Longhurst,Holden Commodore (VY)
2003,6,Marcos Ambrose,Russell Ingall,Ford Falcon (BA)
2003,7,Paul Radisich,Rickard Rydell,Ford Falcon (BA)
2003,8,Mark Skaife,Todd Kelly,Holden Commodore (VY)
2003,9,John Cleland,Andrew Jones,Ford Falcon (BA)
2003,10,John Bowe,Brad Jones,Ford Falcon (BA)
2003,11,Nicolas Minassian,Jan Magnussen,Holden Commodore (VY)
2003,12,Max Wilson,David Brabham,Ford Falcon (BA)
2003,13,Steven Johnson,Warren Luff,Ford Falcon (BA)
2003,14,Paul Dumbrell,Tomas Mezera,Holden Commodore (VX)
2003,15,Jamie Miller,Ron Searle,Holden Commodore (VX)
2003,16,David Thexton,Stephen Voight,Ford Falcon (AU)
2003,17,Craig Baird,Mark Porter,Holden Commodore (VX)
2003,18,Grant Johnson,Kerry Wade,Ford Falcon (AU)
2003,19,Garth Tander,Jamie Whincup,Holden Commodore (VY)
2003,20,Cameron McConville,Tim Leahey,Holden Commodore (VX)
2003,21,Steve Owen,Phillip Scifleet,Holden Commodore (VX)
2003,22,Simon Wills,Jason Richards,Holden Commodore (VY)
2003,23,Mal Rose,Grant Elliott,Ford Falcon (AU)
2004,1,Greg Murphy,Rick Kelly,Holden Commodore (VY)
2004,2,Craig Lowndes,Glenn Seton,Ford Falcon (BA)
2004,3,John Bowe,Brad Jones,Ford Falcon (BA)
2004,4,Marcos Ambrose,Greg Ritter,Ford Falcon (BA)
2004,5,Jason Bargwanna,Mark Winterbottom,Ford Falcon (BA)
2004,6,Russell Ingall,Cameron McLean,Ford Falcon (BA)
2004,7,Steven Johnson,Warren Luff,Ford Falcon (BA)
2004,8,Steve Owen,Tim Leahey,Holden Commodore (VY)
2004,9,Alex Davison,Jamie Whincup,Holden Commodore (VX)
2004,10,Nathan Pretty,Allan Simonsen,Holden Commodore (VY)
2004,11,Mark Larkham,Matt Halliday,Ford Falcon (BA)
2004,12,Jason Bright,Paul Weel,Holden Commodore (VY)
2004,13,Simon Wills,Paul Stokell,Holden Commodore (VY)
2004,14,Mark Skaife,Todd Kelly,Holden Commodore (VY)
2004,15,Neil McFadyen,Alex Yoong,Ford Falcon (BA)
2004,16,Steven Ellery,Luke Youlden,Ford Falcon (BA)
2004,17,Owen Kelly,David Brabham,Ford Falcon (BA)
2004,18,Anthony Tratt,Tomas Mezera,Holden Commodore (VY)
2004,19,Christian D'Agostin,Kurt Wimmer,Holden Commodore (VX)
2004,20,Jason Richards,Fabian Coulthard,Holden Commodore (VY)
2004,21,Steven Richards,Jim Richards,Holden Commodore (VY)
2005,1,Mark Skaife,Todd Kelly,Holden VZ Commodore
2005,2,Jason Richards,Jamie Whincup,Holden VZ Commodore
2005,3,Steve Ellery,Adam Macrow,Ford BA Falcon
2005,4,Cameron McConville,Andrew Jones,Holden VZ Commodore
2005,5,Russell Ingall,Luke Youlden,Ford BA Falcon
2005,6,Owen Kelly,Nathan Pretty,Holden VZ Commodore
2005,7,John Cleland,Dale Brede,Ford BA Falcon
2005,8,Craig Baird,David Besnard,Ford BA Falcon
2005,9,Glenn Seton,Dean Canto,Ford BA Falcon
2005,10,John Faulkner,Alan Gurr,Holden VZ Commodore
2005,11,Mark Porter,Kayne Scott,Holden VZ Commodore
2005,12,Alain Menu,Matt Halliday,Ford BA Falcon
2005,13,Marcus Marshall,Alex Tagliani,Ford BA Falcon
2005,14,Jason Bright,David Brabham,Ford BA Falcon
2005,15,Craig Lowndes,Yvan Muller,Ford BA Falcon
2005,16,Garth Tander,Rick Kelly,Holden VZ Commodore
2005,17,Damien White,,Ford BA Falcon
2005,18,Greg Ritter,Cameron McLean,Ford BA Falcon
2005,19,Steven Johnson,Will Davison,Ford BA Falcon
2005,20,Alex Davison,Allan Simonsen,Holden VZ Commodore
2005,21,John Bowe,Brad Jones,Ford BA Falcon
2006,1,Craig Lowndes,Jamie Whincup,Ford Falcon (BA)
2006,2,Rick Kelly,Todd Kelly,Holden Commodore (VZ)
2006,3,James Courtney,Glenn Seton,Ford Falcon (BA)
2006,4,Russell Ingall,Luke Youlden,Ford Falcon (BA)
2006,5,Steven Richards,Paul Dumbrell,Holden Commodore (VZ)
2006,6,Paul Morris,Steve Ellery,Holden Commodore (VZ)
2006,7,Steve Owen,Tony Longhurst,Holden Commodore (VZ)
2006,8,Nathan Pretty,Paul Weel,Holden Commodore (VZ)
2006,9,Alex Davison,Grant Denyer,Ford Falcon (BA)
2006,10,Jason Bargwanna,Craig Baird,Ford Falcon (BA)
2006,11,John Bowe,Brad Jones,Ford Falcon (BA)
2006,12,Richard Lyons,Allan Simonsen,Ford Falcon (BA)
2006,13,Greg Ritter,Cameron McLean,Holden Commodore (VZ)
2006,14,Max Wilson,David Besnard,Ford Falcon (BA)
2006,15,Owen Kelly,Mark Noske,Holden Commodore (VZ)
2006,16,Tony Ricciardello,,Ford Falcon (BA)
2006,17,Dean Canto,Lee Holdsworth,Holden Commodore (VZ)
2007,2,Holden Racing Team,,2:07.1961
2007,3,Toll HSV Dealer Team,,2:07.2871
2007,4,Jim Beam Racing,,2:08.0782
2007,5,Garry Rogers Motorsport,,2:08.1812
2007,6,Team Vodafone,,2:08.2449
2007,7,Tasman Motorsport,,2:08.3672
2007,8,Jeld-Wen Racing,,2:08.3911
2007,9,Toll HSV Dealer Team,,2:08.4909
2007,10,Caltex Havoline Racing,,2:19.5966
2008,2,Mark Winterbottom,,Ford BF Falcon
2008,3,James Courtney,,Ford BF Falcon
2008,4,Paul Dumbrell,,Holden VE Commodore
2008,5,Jamie Whincup,,Ford BF Falcon
2008,6,Jason Richards,,Holden VE Commodore
2008,7,Will Davison,,Ford BF Falcon
2008,8,Russell Ingall,,Holden VE Commodore
2008,9,Fabian Coulthard,,Ford BF Falcon
2008,10,Max Wilson,,Holden VE Commodore
2009,1,Garth Tander,Will Davison,Holden Commodore (VE)
2009,2,Jason Richards,Cameron McConville,Holden Commodore (VE)
2009,3,Lee Holdsworth,Michael Caruso,Holden Commodore (VE)
2009,4,Greg Murphy,Mark Skaife,Holden Commodore (VE)
2009,5,Craig Lowndes,Jamie Whincup,Ford Falcon (FG)
2009,6,Jason Bargwanna,Mark Noske,Holden Commodore (VE)
2009,7,Tim Slade,Paul Morris,Holden Commodore (VE)
2009,8,Todd Kelly,Rick Kelly,Holden Commodore (VE)
2009,9,David Besnard,Greg Ritter,Holden Commodore (VE)
2009,10,Tony D'Alberto,Andrew Thompson,Holden Commodore (VE)
2009,11,Jason Bright,Karl Reindler,Ford Falcon (FG)
2009,12,David Reynolds,Andy Priaulx,Holden Commodore (VE)
2009,13,Shane van Gisbergen,Alex Davison,Ford Falcon (FG)
2009,14,Jack Perkins,Dale Wood,Holden Commodore (VE)
2009,15,Russell Ingall,Owen Kelly,Holden Commodore (VE)
2009,16,Steve Owen,Shane Price,Holden Commodore (VE)
2009,17,Tony Ricciardello,Mark McNally,Holden Commodore (VE)
2009,18,David Wall,Leanne Tander,Ford Falcon (FG)
2009,19,Daniel Gaunt,John McIntyre,Ford Falcon (FG)
2009,20,Nathan Pretty,Ben Collins,Holden Commodore (VE)
2009,21,Paul Dumbrell,Craig Baird,Holden Commodore (VE)
2009,22,Damian Assaillit,Brad Lowe,Ford Falcon (BF)
2009,23,Andrew Jones,Brad Jones,Holden Commodore (VE)
2009,24,Steven Johnson,James Courtney,Ford Falcon (FG)
2010,1,Craig Lowndes,Mark Skaife,Holden Commodore VE
2010,2,Jamie Whincup,Steve Owen,Holden Commodore VE
2010,3,Garth Tander,Cameron McConville,Holden Commodore VE
2010,4,Jason Bright,Matt Halliday,Holden Commodore VE
2010,5,James Courtney,Warren Luff,Ford Falcon FG
2010,6,Greg Murphy,Allan Simonsen,Holden Commodore VE
2010,7,Lee Holdsworth,David Besnard,Holden Commodore VE
2010,8,Russell Ingall,Paul Morris,Holden Commodore VE
2010,9,Mark Winterbottom,Luke Youlden,Ford Falcon FG
2010,10,Michael Caruso,Greg Ritter,Holden Commodore VE
2010,11,Steven Richards,James Moffat,Ford Falcon FG
2010,12,Steven Johnson,Marcus Marshall,Ford Falcon FG
2010,13,Alex Davison,David Brabham,Ford Falcon FG
2010,14,Paul Dumbrell,Dean Canto,Ford Falcon FG
2010,15,Karl Reindler,David Wall,Holden Commodore VE
2010,16,Rick Kelly,Owen Kelly,Holden Commodore VE
2010,17,Nathan Pretty,Mark Noske,Holden Commodore VE
2010,18,Tim Slade,Jack Perkins,Ford Falcon FG
2010,19,Jonathon Webb,David Russell,Ford Falcon FG
2010,20,Todd Kelly,Dale Wood,Holden Commodore VE
2010,21,Shane van Gisbergen,John McIntyre,Ford Falcon FG
2010,22,Tony Ricciardello,Taz Douglas,Holden Commodore VE
2010,23,Jason Richards,Andrew Jones,Holden Commodore VE
2010,24,Geoff Emery,Marcus Zukanovic,Holden Commodore VE
2010,25,Andrew Thompson,Ryan Briscoe,Holden Commodore VE
2010,26,Ant Pedersen,Damian Assaillit,Ford Falcon FG
2011,1,Garth Tander,Nick Percat,Holden VE Commodore
2011,2,Craig Lowndes,Mark Skaife,Holden VE Commodore
2011,3,Greg Murphy,Allan Simonsen,Holden VE Commodore
2011,4,Mark Winterbottom,Steven Richards,Ford FG Falcon
2011,5,Jason Bright,Andrew Jones,Holden VE Commodore
2011,6,Shane van Gisbergen,John McIntyre,Ford FG Falcon
2011,7,James Courtney,Cameron McConville,Holden VE Commodore
2011,8,Russell Ingall,Jack Perkins,Holden VE Commodore
2011,9,Tony D'Alberto,Dale Wood,Ford FG Falcon
2011,10,Michael Caruso,Marcus Marshall,Holden VE Commodore
2011,11,Steve Owen,Paul Morris,Holden VE Commodore
2011,12,Tim Slade,Daniel Gaunt,Ford FG Falcon
2011,13,Jonathon Webb,Richard Lyons,Ford FG Falcon
2011,14,Karl Reindler,David Wall,Holden VE Commodore
2011,15,Warren Luff,Nathan Pretty,Holden VE Commodore
2011,16,Alex Davison,David Brabham,Ford FG Falcon
2011,17,Lee Holdsworth,Greg Ritter,Holden VE Commodore
2011,18,Will Davison,Luke Youlden,Ford FG Falcon
2011,19,David Reynolds,Tim Blanchard,Holden VE Commodore
2011,20,Dean Fiore,Michael Patrizi,Ford FG Falcon
2011,21,Jamie Whincup,Andrew Thompson,Holden VE Commodore
2011,22,Rick Kelly,Owen Kelly,Holden VE Commodore
2011,23,Jason Bargwanna,Shane Price,Holden VE Commodore
2011,24,Todd Kelly,David Russell,Holden VE Commodore
2011,25,James Moffat,Matt Halliday,Ford FG Falcon
2012,1,Holden Commodore VE,,19
2012,2,Holden Commodore VE,,21
2012,3,Ford Falcon FG,,22
2012,4,Ford Falcon FG,,23
2012,5,Ford Falcon FG,,30
2012,6,Ford Falcon FG,,33
2012,7,Holden Commodore VE,,34
2012,8,Holden Commodore VE,,47
2012,9,Ford Falcon FG,,49
2012,11,Holden Commodore VE,,51
2012,12,Ford Falcon FG,,52
2012,14,Holden Commodore VE,,66
2012,15,Holden Commodore VE,,91
2012,17,Ford Falcon FG,,888
2012,18,Ford Falcon FG,,None
2013,1,Triple Eight Race Engineering,,Holden VF Commodore
2013,2,Ford Performance Racing,,Ford FG Falcon
2013,3,Brad Jones Racing,,Holden VF Commodore
2013,4,Holden Racing Team,,Holden VF Commodore
2013,5,Tekno Autosports,,Holden VF Commodore
2013,6,Triple Eight Race Engineering,,Holden VF Commodore
2013,7,Ford Performance Racing,,Ford FG Falcon
2013,8,Rod Nash Racing,,Ford FG Falcon
2013,9,Garry Rogers Motorsport,,Holden VF Commodore
2013,10,Garry Rogers Motorsport,,Holden VF Commodore
2013,11,Holden Racing Team,,Holden VF Commodore
2013,12,Erebus Motorsport,,Mercedes-Benz E63 AMG
2013,13,Britek Motorsport,,Holden VF Commodore
2013,14,Brad Jones Racing,,Holden VF Commodore
2013,15,Tony D'Alberto Racing,,Holden VF Commodore
2013,16,Erebus Motorsport,,Mercedes-Benz E63 AMG
2013,17,Nissan Motorsport,,Nissan Altima
2013,18,Triple Eight Race Engineering,,Holden VF Commodore
2013,19,Nissan Motorsport,,Nissan Altima
2013,20,Tekno Autosports,,Holden VF Commodore
2013,21,Dick Johnson Racing,,Ford FG Falcon
2013,22,Lucas Dumbrell Motorsport,,Holden VF Commodore
2013,23,Nissan Motorsport,,Nissan Altima
2013,24,Nissan Motorsport,,Nissan Altima
2013,25,Walkinshaw Racing,,Holden VF Commodore
2013,26,Charlie Schwerkolt Racing,,Ford FG Falcon
2013,27,Lucas Dumbrell Motorsport,,Holden VF Commodore
2013,1,Dick Johnson Racing,,Ford FG Falcon
2013,2,James Rosenberg Racing,,Mercedes-Benz E63 AMG
2013,22,,,None
2014,1,Chaz Mostert,Paul Morris,Ford Falcon FG
2014,2,James Moffat,Taz Douglas,Nissan Altima L33
2014,3,Nick Percat,Oliver Gavin,Holden Commodore VF
2014,4,Will Davison,Alex Davison,Mercedes-Benz E63 AMG
2014,5,Jamie Whincup,Paul Dumbrell,Holden Commodore VF
2014,6,Mark Winterbottom,Steve Owen,Ford Falcon FG
2014,7,Todd Kelly,Alex Buncombe,Nissan Altima L33
2014,8,Rick Kelly,David Russell,Nissan Altima L33
2014,9,Fabian Coulthard,Luke Youlden,Holden Commodore VF
2014,10,Craig Lowndes,Steven Richards,Holden Commodore VF
2014,11,Ant Pedersen,Andre Heimgartner,Ford Falcon FG
2014,12,Jack Perkins,Cam Waters,Ford Falcon FG
2014,13,James Courtney,Greg Murphy,Holden Commodore VF
2014,14,Jason Bright,Andrew Jones,Holden Commodore VF
2014,15,Michael Caruso,Dean Fiore,Nissan Altima L33
2014,16,Shane van Gisbergen,Jonathon Webb,Holden Commodore VF
2014,17,Scott McLaughlin,,Volvo S60
2015,1,Craig Lowndes,Steven Richards,Holden VF Commodore
2015,2,Mark Winterbottom,Steve Owen,Ford FG X Falcon
2015,3,Garth Tander,Warren Luff,Holden VF Commodore
2015,4,Fabian Coulthard,Luke Youlden,Holden VF Commodore
2015,5,Scott McLaughlin,,Volvo S60
2015,6,David Reynolds,Dean Canto,Ford FG X Falcon
2015,7,Jason Bright,Andrew Jones,Holden VF Commodore
2015,8,Shane van Gisbergen,Jonathon Webb,Holden VF Commodore
2015,9,Lee Holdsworth,,Holden VF Commodore
2015,10,James Moffat,Taz Douglas,Nissan Altima L33
2015,11,Jack Perkins,Russell Ingall,Holden VF Commodore
2015,12,Will Davison,Alex Davison,Mercedes-Benz E63 AMG
2015,13,Michael Caruso,Dean Fiore,Nissan Altima L33
2015,14,Tim Slade,Tony D'Alberto,Holden VF Commodore
2015,15,Dale Wood,Macauley Jones,Holden VF Commodore
2015,16,Rick Kelly,David Russell,Nissan Altima L33
2015,17,Aaren Russell,Drew Russell,Holden VF Commodore
2015,18,Jamie Whincup,Paul Dumbrell,Holden VF Commodore
2015,19,Nick Percat,Oliver Gavin,Holden VF Commodore
2015,20,Todd Kelly,Alex Buncombe,Nissan Altima L33
2015,21,Renee Gracie,Simona de Silvestro,Ford FG X Falcon
2016,1,Will Davison,Jonathon Webb,Holden VF Commodore
2016,2,Shane van Gisbergen,,Holden VF Commodore
2016,3,Nick Percat,Cameron McConville,Holden VF Commodore
2016,4,Cam Waters,Jack Le Brocq,Ford FG X Falcon
2016,5,Scott Pye,Tony D'Alberto,Ford FG X Falcon
2016,6,Fabian Coulthard,Luke Youlden,Ford FG X Falcon
2016,7,Tim Slade,Ashley Walsh,Holden VF Commodore
2016,8,Michael Caruso,Dean Fiore,Nissan Altima L33
2016,9,Dale Wood,David Russell,Nissan Altima L33
2016,10,Tim Blanchard,Macauley Jones,Holden VF Commodore
2016,11,Jamie Whincup,Paul Dumbrell,Holden VF Commodore
2016,12,Chris Pither,Richie Stanaway,Ford FG X Falcon
2016,13,James Courtney,Jack Perkins,Holden VF Commodore
2016,14,Simona de Silvestro,Renee Gracie,Nissan Altima L33
2016,15,Scott McLaughlin,David Wall,Volvo S60
2016,16,Craig Lowndes,Steven Richards,Holden VF Commodore
2016,17,Shae Davies,Chris van der Drift,Holden VF Commodore
2016,18,David Reynolds,Craig Baird,Holden VF Commodore
2016,19,Chaz Mostert,Steve Owen,Ford FG X Falcon
2017,1,David Reynolds,Luke Youlden,Holden VF Commodore
2017,2,Scott Pye,Warren Luff,Holden VF Commodore
2017,3,Fabian Coulthard,Tony D'Alberto,Ford FG X Falcon
2017,4,Dale Wood,Chris Pither,Holden VF Commodore
2017,5,Shane van Gisbergen,Matt Campbell,Holden VF Commodore
2017,6,Michael Caruso,Dean Fiore,Nissan L33 Altima
2017,7,Todd Kelly,Jack Le Brocq,Nissan L33 Altima
2017,8,Jason Bright,Garry Jacobson,Ford FG X Falcon
2017,9,Tim Slade,Andre Heimgartner,Holden VF Commodore
2017,10,Chaz Mostert,Steve Owen,Ford FG X Falcon
2017,11,Craig Lowndes,Steven Richards,Holden VF Commodore
2017,12,Tim Blanchard,Todd Hazelwood,Holden VF Commodore
2017,13,Rick Kelly,David Wall,Nissan L33 Altima
2017,14,Will Davison,Jonathon Webb,Holden VF Commodore
2017,15,Alex Rullo,Alex Davison,Holden VF Commodore
2017,16,Cam Waters,Richie Stanaway,Ford FG X Falcon
2017,17,Aaren Russell,Taz Douglas,Holden VF Commodore
2017,18,Garth Tander,James Golding,Holden VF Commodore
2017,19,James Courtney,Jack Perkins,Holden VF Commodore
2017,20,Jamie Whincup,Paul Dumbrell,Holden VF Commodore
2018,1,Craig Lowndes,Steven Richards,Holden Commodore ZB
2018,2,Scott Pye,Warren Luff,Holden Commodore ZB
2018,3,Scott McLaughlin,,Ford Falcon FG X
2018,4,Chaz Mostert,James Moffat,Ford Falcon FG X
2018,5,Shane van Gisbergen,Earl Bamber,Holden Commodore ZB
2018,6,Garth Tander,Chris Pither,Holden Commodore ZB
2018,7,Nick Percat,Macauley Jones,Holden Commodore ZB
2018,8,James Golding,Richard Muscat,Holden Commodore ZB
2018,9,Fabian Coulthard,Tony D'Alberto,Ford Falcon FG X
2018,10,Jamie Whincup,Paul Dumbrell,Holden Commodore ZB
2018,11,Rick Kelly,Garry Jacobson,Nissan Altima L33
2018,12,Mark Winterbottom,Dean Canto,Ford Falcon FG X
2018,13,David Reynolds,Luke Youlden,Holden Commodore ZB
2018,14,Simona de Silvestro,Alex Rullo,Nissan Altima L33
2018,15,Jack Le Brocq,Jonathon Webb,Holden Commodore ZB
2018,16,Andre Heimgartner,Aaren Russell,Nissan Altima L33
2018,17,Tim Slade,Ashley Walsh,Holden Commodore ZB
2018,18,Tim Blanchard,Dale Wood,Holden Commodore ZB
2018,19,Will Davison,Alex Davison,Ford Falcon FG X
2018,20,Todd Hazelwood,Bryce Fullwood,Holden Commodore VF
2018,21,Lee Holdsworth,Jason Bright,Holden Commodore ZB
2018,22,Richie Stanaway,Steve Owen,Ford Falcon FG X
2018,23,Cam Waters,David Russell,Ford Falcon FG X
2018,24,Anton de Pasquale,Will Brown,Holden Commodore ZB
2019,1,Scott McLaughlin,,Ford Mustang GT
2019,2,Shane van Gisbergen,Garth Tander,Holden Commodore ZB
2019,3,James Courtney,Jack Perkins,Holden Commodore ZB
2019,4,Jamie Whincup,Craig Lowndes,Holden Commodore ZB
2019,5,David Reynolds,Luke Youlden,Holden Commodore ZB
2019,6,Mark Winterbottom,Steven Richards,Holden Commodore ZB
2019,7,Scott Pye,Warren Luff,Holden Commodore ZB
2019,8,Rick Kelly,Dale Wood,Nissan Altima L33
2019,9,Lee Holdsworth,Thomas Randle,Ford Mustang GT
2019,10,Will Davison,Alex Davison,Ford Mustang GT
2019,11,James Golding,Richard Muscat,Holden Commodore ZB
2019,12,Richie Stanaway,Chris Pither,Holden Commodore ZB
2019,13,Simona de Silvestro,Alex Rullo,Nissan Altima L33
2019,14,Nick Percat,Tim Blanchard,Holden Commodore ZB
2019,15,Chaz Mostert,James Moffat,Ford Mustang GT
2019,16,Macauley Jones,Dean Canto,Holden Commodore ZB
2019,17,Jack Le Brocq,Jonathon Webb,Holden Commodore ZB
2019,18,Alexander Rossi,James Hinchcliffe,Holden Commodore ZB
2019,19,Garry Jacobson,Dean Fiore,Nissan Altima L33
2019,20,Cam Waters,Michael Caruso,Ford Mustang GT
2019,21,Fabian Coulthard,Tony D'Alberto,Ford Mustang GT
2020,1,Tickford Racing,,Ford Mustang GT
2020,2,Triple Eight Race Engineering,,Holden Commodore ZB
2020,3,DJR Team Penske,,Ford Mustang GT
2020,4,Tickford Racing,,Ford Mustang GT
2020,5,Triple Eight Race Engineering,,Holden Commodore ZB
2020,6,DJR Team Penske,,Ford Mustang GT
2020,7,Erebus Motorsport,,Holden Commodore ZB
2020,8,Walkinshaw Andretti United,,Holden Commodore ZB
2020,9,Tickford Racing,,Ford Mustang GT
2020,10,Brad Jones Racing,,Holden Commodore ZB
2020,11,Walkinshaw Andretti United,,Holden Commodore ZB
2020,12,Team 18,,Holden Commodore ZB
2020,13,Erebus Motorsport,,Holden Commodore ZB
2020,14,Kelly Racing,,Ford Mustang GT
2020,15,Tickford Racing,,Ford Mustang GT
2020,16,Brad Jones Racing,,Holden Commodore ZB
2020,17,Tim Blanchard Racing,,Holden Commodore ZB
2020,18,Team 18,,Holden Commodore ZB
2020,19,Kelly Racing,,Ford Mustang GT
2020,20,Team Sydney,,Holden Commodore ZB
2020,21,Matt Stone Racing,,Holden Commodore ZB
2020,22,Brad Jones Racing,,Holden Commodore ZB
2020,23,Team Sydney,,Holden Commodore ZB
2020,24,Garry Rogers Motorsport,,Holden Commodore ZB
2020,25,Matt Stone Racing,,Holden Commodore ZB
2021,1,Chaz Mostert,Lee Holdsworth,Holden Commodore ZB
2021,2,Cam Waters,James Moffat,Ford Mustang Mk.6
2021,3,Brodie Kostecki,David Russell,Holden Commodore ZB
2021,4,Jamie Whincup,Craig Lowndes,Holden Commodore ZB
2021,5,Bryce Fullwood,Warren Luff,Holden Commodore ZB
2021,6,Nick Percat,Dale Wood,Holden Commodore ZB
2021,7,James Courtney,Thomas Randle,Ford Mustang Mk.6
2021,8,Todd Hazelwood,Dean Fiore,Holden Commodore ZB
2021,9,Tim Slade,Tim Blanchard,Ford Mustang Mk.6
2021,10,Will Davison,Alex Davison,Ford Mustang Mk.6
2021,11,David Reynolds,Luke Youlden,Ford Mustang Mk.6
2021,12,Macauley Jones,Chris Pither,Holden Commodore ZB
2021,13,Jake Kostecki,Kurt Kostecki,Holden Commodore ZB
2021,14,Garry Jacobson,Dylan O'Keeffe,Holden Commodore ZB
2021,15,Jack Le Brocq,Zak Best,Ford Mustang Mk.6
2021,16,Mark Winterbottom,Michael Caruso,Holden Commodore ZB
2021,17,Jack Smith,David Wall,Holden Commodore ZB
2021,18,Shane van Gisbergen,Garth Tander,Holden Commodore ZB
2021,19,Fabian Coulthard,Jonathon Webb,Holden Commodore ZB
2021,20,Will Brown,Jack Perkins,Holden Commodore ZB
2022,1,Shane van Gisbergen,Garth Tander,Holden Commodore ZB
2022,2,Chaz Mostert,Fabian Coulthard,Holden Commodore ZB
2022,3,Cameron Waters,James Moffat,Ford Mustang Mk.6
2022,4,Brodie Kostecki,David Russell,Holden Commodore ZB
2022,5,Broc Feeney,Jamie Whincup,Holden Commodore ZB
2022,6,Lee Holdsworth,Matthew Payne,Ford Mustang Mk.6
2022,7,Anton de Pasquale,Tony D'Alberto,Ford Mustang Mk.6
2022,8,Craig Lowndes,Declan Fraser,Holden Commodore ZB
2022,9,Bryce Fullwood,Dean Fiore,Holden Commodore ZB
2022,10,Will Brown,Jack Perkins,Holden Commodore ZB
2022,11,Richie Stanaway,Greg Murphy,Holden Commodore ZB
2022,12,James Golding,Dylan O'Keeffe,Holden Commodore ZB
2022,13,Macauley Jones,Jordan Boys,Holden Commodore ZB
2022,14,Jack Le Brocq,Aaron Seton,Holden Commodore ZB
2022,15,Mark Winterbottom,Michael Caruso,Holden Commodore ZB
2022,16,Scott Pye,Tyler Everingham,Holden Commodore ZB
2022,17,Jake Kostecki,Kurt Kostecki,Ford Mustang Mk.6
2022,18,Matt Chahda,Jaylyn Robotham,Holden Commodore ZB
2022,19,Tim Slade,Tim Blanchard,Ford Mustang Mk.6
2022,20,Todd Hazelwood,Jayden Ojeda,Holden Commodore ZB
2022,21,Chris Pither,Cameron Hill,Holden Commodore ZB
2022,22,Nick Percat,Warren Luff,Holden Commodore ZB
2023,1,Shane van Gisbergen,Richie Stanaway,Chevrolet Camaro Mk.6
2023,2,Brodie Kostecki,David Russell,Chevrolet Camaro Mk.6
2023,3,Anton de Pasquale,Tony D'Alberto,Ford Mustang S650
2023,4,Chaz Mostert,Lee Holdsworth,Ford Mustang S650
2023,5,David Reynolds,Garth Tander,Ford Mustang S650
2023,6,James Courtney,Zak Best,Ford Mustang S650
2023,7,Bryce Fullwood,Dean Fiore,Chevrolet Camaro Mk.6
2023,8,Will Brown,Jack Perkins,Chevrolet Camaro Mk.6
2023,9,Jack Le Brocq,Jayden Ojeda,Chevrolet Camaro Mk.6
2023,10,James Golding,Dylan O'Keeffe,Chevrolet Camaro Mk.6
2023,11,Matthew Payne,,Ford Mustang S650
2023,12,Thomas Randle,Garry Jacobson,Ford Mustang S650
2023,13,Tim Slade,Jonathon Webb,Chevrolet Camaro Mk.6
2023,14,Nick Percat,Fabian Coulthard,Ford Mustang S650
2023,15,Cameron Hill,Jaylyn Robotham,Chevrolet Camaro Mk.6
2023,16,Will Davison,Alex Davison,Ford Mustang S650
2023,17,Scott Pye,Warren Luff,Chevrolet Camaro Mk.6
2023,18,Declan Fraser,Tyler Everingham,Ford Mustang S650
2023,19,Aaron Love,Jake Kostecki,Ford Mustang S650
2023,20,Simona de Silvestro,Kai Allen,Ford Mustang S650
2023,21,Jack Smith,Jaxon Evans,Chevrolet Camaro Mk.6
2023,22,Macauley Jones,Jordan Boys,Chevrolet Camaro Mk.6
2023,23,Broc Feeney,Jamie Whincup,Chevrolet Camaro Mk.6
2023,24,Craig Lowndes,Zane Goddard,Chevrolet Camaro Mk.6
2023,26,Mark Winterbottom,Michael Caruso,Chevrolet Camaro Mk.6
2024,1,Brodie Kostecki,Todd Hazelwood,Chevrolet Camaro Mk.6
2024,2,Broc Feeney,Jamie Whincup,Chevrolet Camaro Mk.6
2024,3,Will Brown,Scott Pye,Chevrolet Camaro Mk.6
2024,4,Cameron Waters,James Moffat,Ford Mustang S650
2024,5,Chaz Mostert,Lee Holdsworth,Ford Mustang S650
2024,6,James Golding,David Russell,Chevrolet Camaro Mk.6
2024,7,Anton De Pasquale,Tony D'Alberto,Ford Mustang S650
2024,8,Jack Le Brocq,Jayden Ojeda,Chevrolet Camaro Mk.6
2024,9,Richie Stanaway,Dale Wood,Ford Mustang S650
2024,10,Cameron Hill,Cameron Crick,Chevrolet Camaro Mk.6
2024,11,Thomas Randle,Tyler Everingham,Ford Mustang S650
2024,12,Will Davison,Kai Allen,Ford Mustang S650
2024,13,Macauley Jones,Jordan Boys,Chevrolet Camaro Mk.6
2024,14,Craig Lowndes,Cooper Murray,Chevrolet Camaro Mk.6
2024,15,Ryan Wood,Fabian Coulthard,Ford Mustang S650
2024,16,Andre Heimgartner,Declan Fraser,Chevrolet Camaro Mk.6
2024,17,Nick Percat,Dylan O'Keeffe,Chevrolet Camaro Mk.6
2024,18,Mark Winterbottom,Michael Caruso,Chevrolet Camaro Mk.6
2024,19,Tim Slade,Cameron McLeod,Chevrolet Camaro Mk.6
2024,20,Jaxon Evans,Dean Fiore,Chevrolet Camaro Mk.6
2024,21,James Courtney,Jack Perkins,Ford Mustang S650
2024,22,Bryce Fullwood,Jaylyn Robotham,Chevrolet Camaro Mk.6
2024,23,Aaron Love,Aaron Cameron,Ford Mustang S650
2024,24,David Reynolds,Warren Luff,Chevrolet Camaro Mk.6
2024,25,Matt Chahda,Bradley Vaughan,Chevrolet Camaro Mk.6
2025,1,Matthew Payne,Garth Tander,Ford Mustang S650
2025,2,David Reynolds,Lee Holdsworth,Chevrolet Camaro ZL1
2025,3,James Golding,David Russell,Chevrolet Camaro ZL1
2025,4,Cooper Murray,Jobe Stewart,Chevrolet Camaro ZL1
2025,5,Cameron Hill,Cameron McLeod,Chevrolet Camaro ZL1
2025,6,Broc Feeney,Jamie Whincup,Chevrolet Camaro ZL1
2025,7,Andre Heimgartner,Declan Fraser,Chevrolet Camaro ZL1
2025,8,Kai Allen,Dale Wood,Ford Mustang S650
2025,9,Aaron Cameron,Zak Best,Ford Mustang S650
2025,10,Craig Lowndes,Zach Bates,Chevrolet Camaro ZL1
2025,11,Thomas Randle,James Moffat,Ford Mustang S650
2025,12,Cameron Waters,Mark Winterbottom,Ford Mustang S650
2025,13,Rylan Gray,Lochie Dalton,Ford Mustang S650
2025,14,Jack Le Brocq,Jarrod Hughes,Chevrolet Camaro ZL1
2025,15,Cameron Crick,Aaron Seton,Chevrolet Camaro ZL1
2025,16,Macauley Jones,Jordan Boys,Chevrolet Camaro ZL1
2025,17,Will Brown,Scott Pye,Chevrolet Camaro ZL1
2025,18,Brodie Kostecki,Todd Hazelwood,Ford Mustang S650
2025,19,Ryan Wood,Jayden Ojeda,Ford Mustang S650
2025,20,Anton de Pasquale,Harri Jones,Chevrolet Camaro ZL1
2025,21,Bryce Fullwood,Brad Vaughan,Chevrolet Camaro ZL1
2026,,,,
