date,year,sport,event
Jan-01,1838,Horse Racing,First official horse race in South Australia takes place in Adelaide
Jan-01,1902,Football,"1st Rose Bowl, Tournament Park, Pasadena, California: Michigan defeats Stanford 49-0"
Jan-01,1943,Ice Hockey,"The Bentley brother of The Chicago Blackhawks become the first trio of brothers to play together in an NHL game; Max, Doug, and Reggie, appear for the Blackhawks in a 6-5 win over the New York Rangers at Chicago Stadium"
Jan-01,1949,Cricket,Don Bradman is knighted
Jan-01,1965,Soccer,former England international soccer forward Stanley Matthews is the only player to be awarded a knighthood while still playing for Stoke City
Jan-02,1865,Boxing,"Welterweight Con Orem and heavyweight Hugh O'Neill brawl for 185 rounds before darkness ends the legendary bare-knuckle boxing match in Virginia City, Montana"
Jan-02,1959,Cricket,"Birthday of legendary West Indian batsman Desmond Haynes, who scored 7,487 Test runs and formed one of cricket's great opening partnerships with Gordon Greenidge"
Jan-02,1966,NFL,"first NFL title game televised in colour;  NFL Championship, Lambeau Field, Green Bay: Green Bay Packers beat Cleveland Browns, 23-12"
Jan-03,1929,Cricket,"Don Bradman scores first Test century, making 112"
Jan-03,1943,Ice Hockey,Max and Doug Bentley assist on brother Reg's only NHL goal in the Chicago Blackhawks' 3-3 tie with the Rangers in NYC; the only time in NHL history a trio of family members scores and assists on a scoring play
Jan-03,1963,Cricket,"Birthday of New Zealand all-rounder Martin Crowe, widely regarded as the greatest batsman New Zealand has produced, who scored 5,444 Test runs"
Jan-03,1978,Cricket,Indian spinner B. S. Chandrasekhar becomes the first bowler in Test history to register identical figures in both innings (6 for 52)
Jan-03,1997,Cricket,"Zimbabwe cricket fast bowler Eddo Brandes takes ODI hat-trick as home team scores another upset against England, winning by 131 runs and sweeping series, 3-0 in Harare"
Jan-03,2016,Basketball,"Jimmy Butler breaks Michael Jordan's Chicago Bulls record for points in an NBA half, scoring 40 of his 42 points in the second half"
Jan-04,1904,Ice Hockey,"Stanley Cup, Aberdeen Pavilion, Ottawa, Ontario: Ottawa HC beats Winnipeg Rowing Club, 2-0 for 2-1 challenge series victory"
Jan-04,1977,Baseball,Mary Shane is hired by the Chicago White Sox as the first full-time woman play-by-play broadcaster
Jan-05,1971,Basketball,"Harlem Globetrotters lose 100-99 to NJ Reds, ending 2,495-game winning streak"
Jan-06,1984,Cricket,"Last day of Test cricket for Greg Chappell, Rodney Marsh and DennisLillee"
Jan-06,2016,Soccer,Lionel Messi (Barcelona/Argentina) wins his 5th Ballon d'Or
Jan-07,1910,Ice Hockey,"Stanley Cup, Dey's Arena, Ottawa, ON: Ottawa Senators beat Galt (ON), 3-1 for a 2-0 sweep of challenge series"
Jan-07,1927,Basketball,"Harlem Globetrotters play their 1st game in Hinckley, Illinois"
Jan-07,1995,Basketball,"Larry Brown posts his 500th career NBA coaching victory, following the Indiana Pacers' 88-83 road win at the Houston Rockets"
Jan-07,2013,Soccer,Lionel Messi (Barcelona/Argentina) wins his 4th Ballon d'Or
Jan-08,1956,AFL,"Birthday of AFL legend Ron Barassi Jr — note: Ron Barassi Sr birthday. Birthday of AFL great Gary Ablett Sr, who kicked 1,031 goals in a brilliant VFL/AFL career and is considered one of the game's greatest forwards"
Jan-09,1811,Golf,"First Women's Golf Tournament is held in Musselburgh, Scotland"
Jan-09,1947,Soccer,"Birthday of Brazilian football legend Rivelino, a key member of the famous 1970 World Cup-winning Brazil team known for his powerful left foot and spectacular free kicks"
Jan-09,2012,Soccer,Lionel Messi (Barcelona/Argentina) wins his 3rd Ballon d'Or
Jan-10,1930,Cricket,"New Zealand's 1st game of Test cricket is held Lancaster Park, Christchurch, NZ. Englishman Maurice Allom takes a Test hat-trick."
Jan-10,2011,Soccer,Lionel Messi (Barcelona/Argentina) wins his 2nd Ballon d'Or
Jan-11,1970,NFL,"Super Bowl IV, Tulane Stadium, New Orleans, LA: KC Chiefs beat Minnesota Vikings, 23-7"
Jan-11,1984,Basketball,"Denver Nuggets defeat San Antonio Spurs 163-155, highest-scoring non-overtime NBA game in history at the time"
Jan-12,1960,Basketball,"Syracuse National Dolph Schayes is the 1st NBA player to score 15,000 points"
Jan-12,1975,NFL,"Super Bowl IX, Tulane Stadium, New Orleans, LA: Pittsburgh Steelers beat Minnesota Vikings, 16-6"
Jan-12,1992,Basketball,Troy State Trojans defeat DeVry Hoyas 258-149 in the highest scoring NCAA basketball game ever
Jan-12,2013,Baseball,"The ""Mile High Miracle"" game, Denver Broncos ahead of Baltimore Ravens 35-28 with 1:09 remaining, quarterback Joe Flacco heaves 70 yard touchdown pass to receiver Jacoby Jones to tie the game. Ravens win in overtime."
Jan-12,2015,Soccer,Cristiano Ronaldo (Real Madrid/Portugal) wins his third Ballon d'Or
Jan-13,1908,Ice Hockey,"Stanley Cup, Montreal Arena, Westmount, Quebec: Montreal Wanderers rout Ottawa Victorias, 13-1 for 2-0 sweep of challenge series"
Jan-13,1911,Cricket,"South Africa cricket team records their 1st win over Australia, at Adelaide"
Jan-13,1974,NFL,"Super Bowl VIII, Rice Stadium, Houston, TX: Miami Dolphins beat Minnesota Vikings, 24-7"
Jan-13,2014,Soccer,Cristiano Ronaldo (Real Madrid/Portugal) wins his second Ballon d'Or
Jan-13,2023,Basketball,an NBA regular season record of 68323 at Alamadone see Golden State defeat San Antonio 144 - 113
Jan-14,1898,Cricket,Australian cricketer Joe Darling hits the first six in Test cricket
Jan-14,1973,NFL,"Super Bowl VII, LA Memorial Coliseum, Los Angeles, CA: Miami Dolphins beat Washington Redskins, 14-7"
Jan-15,1967,NFL,"Super Bowl I, LA Memorial Coliseum, Los Angeles, CA: Green Bay Packers beat KC Chiefs, 35-10"
Jan-15,1978,NFL,"Super Bowl XII, Louisiana Superdome, New Orleans, LA: Dallas Cowboys beat Denver Broncos, 27-10"
Jan-15,1988,Cricket,Indian cricket wicketkeeper Kiran More stumps 5 West Indian batsman in 4th Test at Madras; world Test record
Jan-15,1990,Basketball,"Golden State coach Don Nelson becomes joins Leeny Wilkens as the only two men to appear in 1,000 games both as a player and coach"
Jan-15,1998,Swimming,"Ian Thorpe becomes youngest ever male to become a world swimming champion when he wins 400m freestyle aged 15 years, 3 months"
Jan-16,1905,Ice Hockey,"Stanley Cup, Dey's Arena, Ottawa, Ontario: Ottawa Senators rout Dawson City (Yukon), 23-2 for 2-0 series sweep"
Jan-16,1933,Cricket,Australian batsman Bert Oldfield suffers a fractured skull after being struck by a ball bowled by England's Harold Larwood during the Third Test in Adelaide
Jan-16,1972,NFL,"Super Bowl VI, Tulane Stadium, New Orleans, LA: Dallas Cowboys beat Miami Dolphins, 24-3"
Jan-16,2019,Basketball,James Harden becomes first player to score 55+ points in back-to-back NBA games since Wilt Chamberlain in 1962
Jan-17,1971,NFL,"Super Bowl V, Miami Orange Bowl, Miami, FL: Baltimore Colts beat Dallas Cowboys, 16-13"
Jan-17,1989,Basketball,"Phoenix Suns cancel game at Miami Heat, due to racial unrest in Miami"
Jan-17,2025,Ice Hockey,Pittsburgh Penguins Alex Nedeljkovic becomes first goalie in NHL history to have a goal and an assist in same
Jan-18,1976,NFL,"Super Bowl X, Miami Orange Bowl, Miami, FL: Pittsburgh Steelers beat Dallas Cowboys, 21-17; MVP"
Jan-18,2015,Cricket,AB de Villiers makes fastest century in ODI cricket history from 31 balls during an innings of 149 against the West Indies in Johannesburg
Jan-19,1974,Basketball,"Notre Dame beats UCLA, 71-70 to end the Bruins' NCAA-record 88-game basketball win streak"
Jan-19,1984,Basketball,"Birthday of LeBron James in Akron, Ohio; he goes on to become a four-time NBA Champion, four-time MVP, and the NBA's all-time leading scorer surpassing Kareem Abdul-Jabbar in 2023"
Jan-20,1910,Ice Hockey," Stanley Cup, Dey's Arena, Ottawa, ON: Ottawa Senators outclass Edmonton HC, 13-7 for a 2-0 sweep"
Jan-21,1907,Ice Hockey,"Stanley Cup Hockey, Montreal Arena, Westmount, Quebec: Kenora Thistles (ON) beat Montreal Wanderers, 8-6 for 12-8 aggregate challenge series victory"
Jan-21,1930,Ice Hockey,Boston Bruins become first team in NHL history to score 100 goals in a season
Jan-21,1948,Cricket,"Three greats of cricket all make their debut in a drawn 1st Test match at Bridgetown, Barbados; Sir Clyde Walcott and Sir Everton Weekes for the West Indies, and Jim Laker for England"
Jan-22,1980,Ice Hockey,"""The Miracle On Ice"" US college players pull of one the greatest upsets in world sport, beating the Soviet Union in Ice Hockey"
Jan-22,1981,Tennis,"Birthday of Novak Djokovic in Belgrade, Serbia; he goes on to become the most decorated men's singles tennis player in history with a record 24 Grand Slam titles"
Jan-22,1984,NFL,"Super Bowl XVIII, Tampa Stadium, Tampa, FL: LA Raiders beat Washington Redskins, 38-9"
Jan-23,2015,Basketball,Klay Thompson scores an NBA record 37 points in a quarter (3rd quarter v Sacramento Kings)
Jan-24,1930,Cricket,John Mills scores New Zealand's 1st Test century in cricket
Jan-24,1962,Baseball,Jackie Robinson ibecomess 1st African American elected to Baseball's Hall of Fame
Jan-25,1981,NFL,"Super Bowl XV, Louisiana Superdome, New Orleans, LA: Oakland Raiders beat Philadelphia Eagles, 27-10"
Jan-25,1998,NFL,"Super Bowl XXXII, Qualcomm Stadium, San Diego, CA: Denver Broncos beat Green Bay Packers, 31-24"
Jan-26,1961,Ice Hockey,"Birthday of Wayne Gretzky, 'The Great One', the greatest player in NHL history who scored a record 894 goals and 2,857 points across his career, records that remain untouched"
Jan-26,1986,NFL,"Super Bowl XX, Louisiana Superdome, New Orleans, Louisiana: Chicago Bears beat New England Patriots, 46-10"
Jan-26,1992,NFL,"Super Bowl XXVI, Metrodome, Minneapolis, Minnesota: Washington Redskins beat Buffalo Bills, 37-24"
Jan-26,1997,NFL,"Super Bowl XXXI, Louisiana Superdome, New Orleans, LA: Green Bay Packers beat New England Patriots, 35-21"
Jan-26,2003,NFL,"Super Bowl XXXVII, Qualc:omm Stadium, San Diego, CA: Tampa Bay Buccaneers beat Oakland Raiders, 48-21"
Jan-27,1894,Basketball,"1st ever college basketball game, University of Chicago beats Chicago YMCA 19-11"
Jan-27,1969,Cricket,"Birthday of Australian captain Mark Taylor, who led Australia to great success and famously declared on 334 to equal Don Bradman's record"
Jan-27,1991,NFL,"Super Bowl XXV, Tampa Stadium, Tampa, FL: New York Giants beat Buffalo Bills, 20-19"
Jan-28,1959,Basketball,Soviet Union wins 62-37 for 1st international basketball loss by US
Jan-28,1996,NFL,"Super Bowl XXX, Sun Devil Stadium, Tempe, AZ: Dallas Cowboys beat Pittsburgh Steelers, 27-17"
Jan-29,2006,Cricket,Irfan Pathan becomes first bowler to take a Test cricket hat-trick in the opening over of a match
Jan-30,1975,Golf,"Birthday of Tiger Woods in Cypress, California; he goes on to win 15 major championships, 82 PGA Tour events, and transform the game of golf into a global spectacle"
Jan-30,2000,NFL,"Super Bowl XXXIV, Georgia Dome, Atlanta, GA: St. Louis Rams beat Tennessee Titans, 23-16"
Jan-30,2018,Basketball,"James Harden puts up highest scoring triple-double in NBA history (60 points, 10 rebounds, 11 assists)"
Jan-31,1901,Ice Hockey,"Stanley Cup, Montreal Arena, Westmount, Quebec: Winnipeg Victorias edge Montreal Shamrocks, 2-1 to sweep challenge series, 2-0"
Jan-31,1999,NFL,"Super Bowl XXXIII, Pro Player Stadium, Miami, FL: Denver Broncos beat Atlanta Falcons, 34-19"
Jan-31,2018,Basketball,"James Harden becomes first player in NBA history to log a 60-point triple-double with 60 points, 10 rebounds, 11 assists, 4 steals and a block"
Feb-01,2000,AFL,"Birthday of AFL superstar Patrick Dangerfield, who won the Brownlow Medal in 2016 with a record 35 votes and is regarded as one of the greatest midfielders of the modern era"
Feb-01,2009,NFL,"Super Bowl XLIII, Raymond James Stadium, Tampa, FL: Pittsburgh Steelers beat Arizona Cardinals, 27-23"
Feb-02,1995,Cricket,Henry Olonga no-balled for throwing in Zimbabwe-Pakistan Test Cricket
Feb-03,1924,Olympics,Switzerland claims the inaugural Olympic bobsleigh gold medal
Feb-03,2013,NFL,"Super Bowl XLVII, Mercedes-Benz Stadium, New Orleans, LA: Baltimore Ravens beat San Francisco 49ers, 34-31"
Feb-03,2019,NFL,"Super Bowl LIII, Mercedes-Benz Stadium, Atlanta, GA: New England Patriots beat Los Angeles Rams, 13-3"
Feb-04,1902,Ice Hockey,"Stanley Cup, Winnipeg Auditorium, Winnipeg, Manitoba: Montreal HC beats Winnipeg Victorias, 2-1 for a 2-1 challenge series victory"
Feb-04,1903,Ice Hockey,"Stanley Cup: Montreal HC beats Winnipeg Victorias, 4-1 for a 2-1 challenge series win"
Feb-04,1987,Basketball,Sacramento Kings score only 4 points 1st quarter against Lakers; fewest in a period since introduction of 24 second shot-clock in 1954
Feb-05,1969,Cricket,"Birthday of West Indian fast bowler Curtly Ambrose, one of cricket's most feared bowlers who took 405 Test wickets and was known for his devastating spells"
Feb-05,1969,Soccer,"Birthday of Brazilian footballing great Ronaldo Nazário, who won the World Cup twice (1994 and 2002) and scored 15 World Cup goals, a record that stood for over a decade"
Feb-05,1972,Basketball,Bob Douglas is the first African American elected to the Basketball Hall of Fame
Feb-05,1989,Basketball,"Kareem Abdul-Jabar becomes 1st NBA player to score 38,000 points"
Feb-05,2006,NFL,"Super Bowl XL, Ford Field, Detroit, MI: Pittsburgh Steelers beat Seattle Seahawks, 21-10"
Feb-06,1895,Baseball,"Birthday of George Herman 'Babe' Ruth, the greatest baseball player of his era, who hit 714 career home runs and transformed baseball with his legendary power hitting"
Feb-06,1958,Soccer,8 players and 3 staff are from the Manchester United football team die in an airplane crash at  Munich-Riem Airport
Feb-06,2005,NFL,"Super Bowl XXXIX, Alltel Stadium, Jacksonville, FL: New England Patriots beat Philadelphia Eagles, 24-21"
Feb-06,2018,Horse Racing,"Brazilian jockey Jorge Ricardo equals the world record for the number of victories by a jockey with 12,844 in Rio de Janeiro"
Feb-07,1969,Horse Racing,Diane Crump becomes 1st woman jockey to ride against men at a major US racetrack
Feb-07,2016,Football,"Super Bowl L, Levi's Stadium, Santa Clara, CA: Denver Broncos beat Carolina Panthers, 24"
Feb-07,2023,Basketball,LeBron James becomes the NBA all time regular season leading points scorier
Feb-08,1926,Football,First-ever NFL Draft: Jay Berwanger from the University of Chicago is first pick by Philadelphia Eagles
Feb-08,1989,Horse Racing,American jockey Chris Antley begins record 64-day consecutive winning streak; ends 1 May
Feb-09,1540,Horse Racing,The first recorded horse race meeting in England is held at Roodee Fields in Chester
Feb-09,1990,Horse Racing,"Birthday of Black Caviar, the undefeated Australian thoroughbred racehorse who won all 25 of her career starts, including a memorable victory in the Diamond Jubilee Stakes at Royal Ascot in 2012"
Feb-10,1971,Baseball,Bill White becomes 1st African American baseball announcer
Feb-10,1977,NFL,"Birthday of Tom Brady in San Mateo, California; he goes on to win a record seven Super Bowls and is widely considered the greatest quarterback and greatest player in NFL history"
Feb-10,2017,Basketball,"Draymond Green becomes the first player in NBA history to compelte a triple-double without scoring 10 points (12 reb, 10 assists  10 steals)"
Feb-11,1948,Cricket,Test cricket debut of Frank Worrell for the West Indies vs. England at Port-of-Spain
Feb-11,2001,Tennis,"Jennifer Capriati wins the Australian Open at 25, completing a remarkable comeback from personal struggles to claim her first Grand Slam title, defeating Martina Hingis in the final"
Feb-12,1989,Ice Hockey,"Wayne Gretzky sets 2 records, his 45th hat trick & 10th 40+ goal season"
Feb-14,1896,Ice Hockey,"Stanley Cup, Victoria Skating Rink, Montreal, Quebec: Winnipeg Victorias beat Montreal Victorias, 2-0"
Feb-14,1964,Basketball,Wilt Chamberlain surpasses Don Schayes (19249) to become the NBA all time leading points scorer
Feb-14,1996,Ice Hockey,"Wayne Gretzky sets the all-time NHL points record, surpassing Gordie Howe's mark of 1,850 career points during a game with the Los Angeles Kings"
Feb-14,2019,Basketball,"Russell Westbrook makes a triple-double (44 points, 14 rebounds, 11 assists) in an NBA record 11th consecutive game"
Feb-15,1905,Horse Racing,"First Thoroughbred horse race meet at Oaklawn Park in Hot Springs, Arkansas"
Feb-16,1900,Ice Hockey,"Stanley Cup Final, Montreal Shamrocks beat Winnipeg Victorias (3-1)"
Feb-16,2005,Ice Hockey,"2004-05 NHL season is cancelled,  first time a North American professional sports league has called off a season due to labor dispute"
Feb-17,1963,Basketball,"Michael Jordan is born in Brooklyn, New York City"
Feb-17,1963,Basketball,"Birthday of Michael Jordan in Brooklyn, New York; he goes on to win six NBA championships with the Chicago Bulls and is widely regarded as the greatest basketball player of all time"
Feb-17,1968,Basketball,"Naismith Memorial Basketball Hall of Fame, Springfield, Massachusetts opens"
Feb-18,1963,Cricket,"Birthday of South African fast bowler Allan Donald, nicknamed 'White Lightning', who took 330 Test wickets and is considered one of the great pace bowlers"
Feb-18,1977,Cricket,"West Indies cricket fast bowlers Joel Garner (4/130) and (Colin Croft 3/85) debut in drawn 1st Test v Pakistan at Bridgetown, Barbados"
Feb-18,1986,Basketball,"San Antonio guard Alvin Robertson scores NBA's 2nd quadruple double-20 points, 11 rebounds, 10 assists & 10 steals in 120-114 win over Phoenix Suns"
Feb-18,1988,Ice Hockey,"tanley Cup, Montreal Arena, Westmount, Quebec: Montreal Victorias beat Winnipeg Victorias, 3-2 to sweep series"
Feb-20,1963,Cricket,1963 Australian cricket greats Neil Harvey and Alan Davidson play thier final Test match 
Feb-21,1948,Motorsports,1948 NASCAR is incorporated
Feb-22,1969,Horse Racing,"Barbara Jo Rubin becomes 1st female jockey to win at an American parimutuel race at a major US track aboard Cohesian at Charles Town, West Virginia"
Feb-22,1980,Olympics,The 'Miracle on Ice' occurs at the Winter Olympics in Lake Placid as the United States hockey team defeats the heavily-favoured Soviet Union 4-3 in one of the greatest upsets in sports history
Feb-24,1978,Basketball,"1978 Kevin Porter, NJ, sets the NBA record with 29 assists in a game"
Feb-24,1980,Rugby,"Birthday of All Blacks legend Richie McCaw in Oamaru, New Zealand; he captains New Zealand to back-to-back Rugby World Cup victories in 2011 and 2015 and is widely regarded as the greatest rugby player of all time"
Feb-25,1904,Ice Hockey,Stanley Cup: Ottawa Silver 7 sweep Toronto Marlboroughs in 2 games
Feb-25,1940,Ice Hockey,First televised ice hockey game in US - New York Rangers defeat visiting Montreal Canadiens 6-2 at Madison Square Garden; W2XBS broadcasts to up to 300 receivers in NYC
Feb-25,1964,Boxing,"Cassius Clay (Muhammad Ali) wins his first World Heavyweight Champion fight, upsetting Sonny Liston"
Feb-26,1839,Horse Racing,"First Grand National steeplechase at Aintree Racecourse, Liverpool: Jem Mason wins aboard 5/1 favorite Lottery"
Feb-27,1999,Soccer,Aston Villa are the last Premier League team to play a match with an all-English starting XI in a 4-1 defeat by Coventry
Feb-28,1906,Ice Hockey,"Stanley Cup: Ottawa HC beats Queen's University, 12-7 for a 2-0 sweep of challenge series"
Mar-02,1904,Ice Hockey,"Stanley Cup, Montreal Arena, Westmount, Quebec: Montreal Wanderers and Ottawa HC tie, 5-5; Montreal disqualified for refusing to play second game in Ottawa"
Mar-02,1951,Basketball,"1st ever NBA All-Star Game, Boston Garden: East beats West, 111-94"
Mar-02,1962,Basketball,Wilt Chamberlain scores 100 points in a 169-147 win for the Philadelphia Warriors against the New York Knicks
Mar-02,2011,Cricket,Kevin O'Brien smokes fastest century in World Cup history off 50 balls (ends 113 off 63) to help Ireland beat England by 3 wickets in Bangalore
Mar-02,2019,Horse Racing,Winx wins her 17th G1 and sets world record for Group 1 wins suprasing John Henry
Mar-03,1971,Cricket,First ever One Day International is played at Melbourne Cricket Ground: Australia defeat England by 5 wickets in a 40-over match
Mar-04,2026,Cricket,New Zealand batsman Finn Allen smashes 100 not out in 33 balls for the fastest century in T20 Cricket World Cup history
Mar-05,1910,Ice Hockey,"Stanley Cup, Dey's Arena, Ottawa, ON: Montreal Wanderers beat Ottawa Senators, 3-1"
Mar-05,1965,AFL,"Birthday of AFL legend Tony Lockett, who kicked a record 1,360 VFL/AFL goals across his career with St Kilda and Sydney Swans"
Mar-06,1902,Soccer,Real Madrid CDF is founded
Mar-06,1964,Boxing,Cassius Clay changes his name to Muhammad Ali
Mar-06,1982,Basketball,NBA highest scoring game: San Antonio beat Milwaukee 171-166 (3 OT)
Mar-07,1987,Cricket,"Sunil Gavaskar becomes 1st cricket batsman to score 10,000 Test runs"
Mar-08,1906,Ice Hockey,"Stanley Cup, Dey's Arena, Ottawa, ON: Ottawa HC beats Smiths Falls (ON), 8-2 for a 2-0 sweep of challenge series"
Mar-08,1971,Boxing,"Muhammad Ali loses his first professional fight, beaten by Joe Frazier at Madison Square Garden"
Mar-08,2020,Cricket,"Defending champions Australia wins the Women's Cricket T20 World Cup, beating India by 85 runs"
Mar-09,1895,Ice Hockey,"Stanley Cup, Victoria Rink, Montreal, Quebec: Montreal Victorias clinches trophy as Montreal HC beats Queens University, 5-1"
Mar-09,1908,Soccer,Italian football club Inter Milan is founded as Football Club Internazionale
Mar-09,1958,Basketball,"Detroit Pistons forward George Yardley III scores 26 points in 111-90 defeat to Syracuse Nationals; 1st NBA player to score 2,000 points in a season"
Mar-10,1900,Ice Hockey,"Stanley Cup, Montreal Arena, Westmount, Quebec: Montreal Shamrocks outclass Halifax Crescents, 11-0 to sweep challenge series, 2-0"
Mar-10,1913,Ice Hockey,"Stanley Cup, Quebec Skating Rink, Quebec Bulldogs retain trophy; defeat Sydney Millionaires (NS), 6-2 for a 2-0 sweep of the challenge series"
Mar-10,1970,Cricket,"South Africa cricket team beast Australia 4-0, the country's last official international cricket Test for 22 years"
Mar-10,1985,Soccer,"Birthday of Zlatan Ibrahimović, Swedish football icon who scored over 500 career goals across AC Milan, Barcelona, PSG, Manchester United, and LA Galaxy before retiring in 2023"
Mar-10,2026,Basketball,"Bam Adebayo scores 83 points in Miami Heat's 150-129 win over the Washington Wizards, the second highewst scoring game for an individual, trailing only Wilt Chamberlain (100)"
Mar-11,1904,Ice Hockey,"Stanley Cup: Ottawa Silver Sevens beat Brandon Wheat City, 2-0 at the Aberdeen Pavilion, Ottawa for a 2 game sweep and back-to-back titles"
Mar-11,1905,Ice Hockey,"Stanley Cup, Dey's Arena, Ottawa, ON: Ottawa Senators beat Rat Portage Thisles, 5-4 for 2-1 challenge series victory"
Mar-11,1912,Ice Hockey,"First Stanley Cup challenge game to be played in three 20-minute periods (formerly 30-minute halves), Quebec beats Moncton, 9-3 on way to series sweep"
Mar-11,1917,Ice Hockey,1st NHL championship game: Toronto Arenas defeat Montreal Canadiens 7-3 
Mar-11,2020,Basketball,NBA suspends 2019-20 season until further notice
Mar-12,1908,Ice Hockey,"Stanley Cup Final, Montreal Wanderers beat Winnipeg Maple Leafs (2-0)"
Mar-12,1910,Ice Hockey,"Stanley Cup,  Montreal Wanderers beat Berlin Dutchmen "
Mar-12,1993,Tennis,Monica Seles is stabbed by a spectator during a match in Hamburg; the attack sidelines the world number one for over two years and changes the course of tennis history
Mar-12,2020,Football,NHL pauses the 2019-20 season due to the COVID-19 pandemic
Mar-13,1911,Ice Hockey,Stanley Cup: Ottawa Senators beat Galt
Mar-13,1912,Ice Hockey,"Stanley Cup, Quebec Bulldogs rout Moncton Victorias (2-0)"
Mar-13,1956,Cricket,New Zealand bowl out West Indies for 77 at Eden Park to score their 1st Test Cricket win
Mar-13,2020,Soccer,"Football in Britain, including England's Premier League, EFL, Women's Super League plus in Scotland, Wales and Northern Ireland, is suspended until at least 3 April because of COVID-19 pandemic"
Mar-14,1899,Ice Hockey,Stanley Cup: Montreal Shamrocks beat Queens Universit
Mar-14,1903,Ice Hockey,"Stanley Cup Final,  Ottawa HC beats Rat Portage Thisles, (2-0)"
Mar-14,1908,Ice Hockey,"Stanley Cup Final, Montreal Wanderers beat Toronto Professionals"
Mar-14,1969,Basketball,"Birthday of NBA star Karl Malone, the Utah Jazz power forward known as 'The Mailman' who is the second all-time leading scorer in NBA history with 36,928 points and a two-time NBA MVP"
Mar-14,2009,Rugby League,2009 Canterbury winger Hazem El Masri becomes highest point scorer in Australian Rugby League history
Mar-15,1877,Cricket,Australian batsman Charles Bannerman faces the first ball in Test match cricket and goes on to score first Test century in cricket history
Mar-15,1877,Cricket,Cricket's inaugural Test match commences as Australia plays England at the Melbourne Cricket Ground
Mar-15,1987,Cricket,Larry Gomes & Joel Garner play their last Test match
Mar-15,1987,Tennis,Paraguay win the Davis Cup defeating the USA
Mar-15,1988,Football,St Louis Cardinals officially move to Phoenix
Mar-15,1991,Athletics,Sergei Bubka pole vaults world record 6.14m (20 feet 1 3/4)
Mar-15,1997,Ice Hockey,"Pittsburgh Penguins' Joe Mullen, is 1st American to score 500 NHL goals"
Mar-16,1872,Soccer,"1st English FA Cup Final: Wanderers defeat Royal Engineers, 1-0 at Kennington Oval, London"
Mar-16,1911,Ice Hockey,"Stanley Cup, Dey's Arena, Ottawa, ON: Ottawa Senators beat Port Arthur Bearcats, 13-4"
Mar-16,2020,Baseball,Major League Baseball suspends remainder of Spring Training and delays start of regular season in response to COVID-19 pandemic
Mar-17,1906,Ice Hockey,"Stanley Cup, Dey's Arena, Ottawa, ON: ECAHA playoff: Montreal Wanderers lose, 9-3 to Ottawa HC but win challenge series, 12-10 on aggregate"
Mar-17,1977,Cricket,"Australia wins cricket Centenary Test by 45 runs, same result as 1877"
Mar-17,1996,Cricket,Sri Lanka win their first ever Cricket World Cup beating Australia
Mar-18,1900,Soccer,Ajax soccer club forms in Amsterdam
Mar-18,1921,Horse Racing,"Shaun Spadah wins the Grand National,  winner is only horse to complete the course without falling"
Mar-18,1995,Basketball,"""I'm Back"" , Michael Jordan announces he is returning to the Chicago Bulls"
Mar-19,1914,Ice Hockey,"Stanley Cup, Arena Gardens, Toronto ON: Toronto HC (NHA) defeat Victoria Aristocrats (PCHA), 2-1 for a 3-0 series sweep; final series of the ""challenge"" era"
Mar-19,1915,Olympics,IOC President Pierre de Coubertin advises that the 1916 Berlin Games won't take place because of WWI
Mar-19,2019,Basketball,Houston Rockets guard James Harden becomes first player in NBA history to score at least 30 points against all 29 opponents in a single season
Mar-19,2026,Basketball,"LeBron James ties Robert Parrish's all-time mark of 1,611 NBA games played"
Mar-20,1932,Horse Racing,"Phar Lap's win his last race, winning the Agua Caliente Handicap in Mexico"
Mar-22,1894,Ice Hockey,"Stanley Cup, Victoria Rink, Montreal, Quebec: Montreal Hockey Club defeats Ottawa HC, 3-1 to win 3-team challenge tournament"
Mar-22,1991,AFL,"Adelaide Crows play their first AFL game, defeating Hawthorn"
Mar-23,1991,Athletics,1991 Sergei Bubka pole vaults world record indoor (6.12m)
Mar-24,2012,AFL,"Greater Western Sydney play their first AFL game, beaten by Sydney by 63 points"
Mar-24,2018,Cricket,"Australian batsman Cameron Bancroft is caught on camera rubbing the match ball with an object during the third cricket test in Cape Town,"
Mar-24,2018,AFL,Tom Mitchell records a record 54 disposals in a VFL/AFL games
Mar-25,1907,Ice Hockey,"Stanley Cup, Winnipeg Auditorium, Winnipeg, Manitoba: Montreal Wanderers lose to Kenora Thistles, 6-5 but win on 2 game aggregate"
Mar-25,1924,Ice Hockey,"Stanley Cup Final, Ottawa Auditorium, Ottawa, ON: Montreal Canadiens (NHL) beat Calgary Tigers (WCHL), 3-0 for a 2-0 series sweep"
Mar-25,1971,Football,Boston Patriots become New England Patriots as they relocate to Foxboro. Massachusetts
Mar-26,1972,Basketball,"1972 LA Lakers break the NBA wins record by winning 69 of 82 games (69-13), record stands for 24 years"
Mar-26,1999,Ice Hockey,"Wayne Gretzky announces his retirement from professional hockey, ending a career in which he scored more goals than any other player and shattered virtually every NHL offensive record"
Mar-27,1987,AFL,"Brisnbane Bears play their first VFL game, defeating North Melbourne"
Mar-28,1922,Ice Hockey,"Stanley Cup, Toronto St Patricks (NHL) beat Vancouver Millionaires (PCHA), 5-1 for a 3-2 series win"
Mar-28,1982,AFL,Sydney Swans win their first game after South Melbourne's relocation
Mar-28,2018,Cricket,"Steve Smith and David Warner are suspended by Cricket Australia for 12 months, and Cameron Bancroft suspended 9 monthsfor their part in the infamous ball-tampering scandal in South Africa"
Mar-29,1929,Ice Hockey,"Stanley Cup : Boston Bruins beat New York Rangers, 2-1 for a 2-0 series sweep"
Mar-29,1946,Cricket,1st Test Cricket match between Australia & New Zealand
Mar-29,1987,AFL,"West Coast Eagles play their first ever VFL game, beating Richmond"
Mar-29,1997,AFL,"Port Adelaide play their first AFL game, beaten by Collingwood by 79 points"
Mar-29,2015,Cricket,Australia win their fourth World Cup with 7 wicket win over New Zealand
Mar-30,1916,Ice Hockey,"Stanley Cup Montreal Canadiens (NHA) beat Portland Rosebuds (PCHA), 2-1 for a 3-2 series victory"
Mar-30,1918,Ice Hockey,"Stanley Cup, Toronto Arenas (NHL) beat Vancouver Millionaires (PCHA), 2-1 for a 3-2 series victory"
Mar-30,1925,Ice Hockey,"Stanley Cup: Victoria Cougars (WCHL) beat Montreal Canadiens (NHL), 6-1 for a 3-1 series win; last non-NHL team to win trophy"
Mar-30,1945,Baseball,"Birthday of baseball legend Reggie Jackson, nicknamed 'Mr October' for his postseason heroics; he hit three consecutive home runs in Game 6 of the 1977 World Series"
Mar-30,1946,Cricket,Last Test Cricket appearance of Bill O'Reilly
Mar-30,1957,Horse Racing,Todman wins the first running of the Golden Slipper
Mar-30,1997,AFL,"The merged Brisbane Lions play their first game, beaten by Adelaide by 36 points"
Mar-30,2020,Olympics,IOC announces postponed 2020 Summer Olympic Games will be held July 23-August 8 in 2021 because of the COVID-19 pandemic
Mar-31,1923,Ice Hockey,"Stanley Cup,  Ottawa Senators (NHL) edge Edmonton Eskimos (WCHL), 1-0 for a 2-0 series sweep"
Mar-31,1984,AFL,Future dual Brownlow medallist Greg Williams has a VFL record 38 disposals in his debut
Apr-01,1919,Ice Hockey,"Stanley Cup Final, Montreal Canadiens (NHL) & Seattle Metropolitans (PCHA) tied at 2-2-1, trophy not awarded due to worldwide flu epidemic"
Apr-01,1920,Ice Hockey,"Stanley Cup: Ottawa Senators (NHL) beat Seattle Metropolitans (PCHA), 6-1 for a 3-2 series win"
Apr-01,1995,AFL,"Fremantle Dockers play their first AFL game, beaten by Richmond"
Apr-01,1999,Basketball,"Detroit Pistons guard Joe Dumars becomes 10th player in NBA history to play 1,000 games with the same team"
Apr-02,2005,Soccer,Newcastle United teammates Kieron Dyer and Lee Bowyer are sent off for fighting each other
Apr-02,2011,AFL,"Gold Coast Suns play their first AFL game, beaten by Carlton by 119 points"
Apr-02,2019,Basketball,"OKC guard Russell Westbrook becomes 2nd player in NBA history to have 20+ points, rebounds and assists in a game; records 20-20-21 in 119-103 win over LA Lakers"
Apr-03,1927,Soccer,Imre Schlosser becomes the first player to score 500 goals in top level competitions
Apr-03,2019,Basketball,San Antonio coach Geg Popovich is ejected after an NBA record low 63 seconds
Apr-03,2022,Cricket,Australia wins the Women's Cricket ODI World Cup beating England by 71 runs
Apr-04,1921,Ice Hockey,"Stanley Cup: Ottawa Senators (NHL) beat Vancouver Millionaires (PCHA), 2-1 for a 3-2 series victory"
Apr-04,1930,Cricket,Les Ames becomes the first wicketkeeper to score a Test Cricket century with 149
Apr-05,1879,Horse Racing,Newminster wins the first running of the Caulfield Cup
Apr-05,1972,Baseball,The regular MLB season fails to open due to a player strike for the first time in history
Apr-05,1984,Basketball,"Kareem Abdul-Jabbar surpasses Wilt Chamberlain (31,419) to become the all leading NBA points scorer"
Apr-05,1998,Football,The Arizona Diamondbacks record their first win in team history with a 3-2 victory over the San Francisco Giants
Apr-05,2019,Basketball,Russell Westbrook becomes first player in NBA history to average a triple-double for the third consecutive season
Apr-06,1896,Olympics,"The first modern Summer Olympic Games open in Athens, Greece; American athlete James Connolly becomes the first modern Olympic champion when he wins the triple jump"
Apr-06,1926,Ice Hockey,"Stanley Cup: Montreal Maroons beat Victoria Cougars (WHL), 2-0 for a 3-1 series victory"
Apr-06,1993,Baseball,"Florida Marlins lose their first-ever game, 4-2, to the LA Dodgers"
Apr-06,2014,Cricket,Australia wins Women's Cricket T20 World Cupto neating England
Apr-06,2024,Horse Racing,"Frankie Dettori rides 6 consecutive winners at Santa Anita Park, Califorina, United States"
Apr-07,1984,Horse Racing,"Trainer Colin Hayes sends out his 3,000th Australian winner, a remarkable milestone in one of Australian horse racing's longest and most successful training careers"
Apr-08,1943,Ice Hockey,"Stanley Cup: Detroit Red Wings beat Boston Bruins, 2-0 for a 4-0 series sweep"
Apr-08,1969,Baseball,"1969 Expansion teams Kansas City Royals, Montreal Expos, San Diego Padres & Seatle Pilots win their 1st games"
Apr-08,1969,Baseball,"First Major League Baseball game featuring a Canadian team; Montreal Expos beats NY Mets, 11-10 at Shea Stadium; KC Royals"
Apr-09,1932,Ice Hockey,"Stanley Cup Final, Toronto Maple Leafs beat New York Rangers, 6-4 for 3-0 series sweep"
Apr-09,1935,Ice Hockey,"Stanley Cup Final, Montreal Maroons beat Toronto Maple Leafs, 4-1 for 3-0 series sweep; Maroons last defunct team to win the Cup"
Apr-09,1946,Ice Hockey,"Stanley Cup Final, Montreal Canadiens beat Boston Bruins, 6-3 for a 4-1 series victory"
Apr-09,1968,Ice Hockey,Minnesota North Stars Wayne Connelly is 1st to score on a Stanley Cup penalty shot
Apr-09,1971,Cricket,"Birthday of India's all-time Test run-scorer Sachin Tendulkar, who went on to score 15,921 Test runs and 100 international centuries"
Apr-10,1916,Golf,The Professional Golfers Association of America (PGA) is founded in New York City
Apr-10,1934,Ice Hockey,"Stanley Cup Final, Chicago Blackhawks beat Detroit Red Wings, (3-1)"
Apr-10,1993,Ice Hockey,Ottawa Senators win 1st road game (Islanders) after 38 straight loses
Apr-11,1962,Baseball,New York Mets make a losing debut
Apr-11,1983,Soccer,"Birthday of Uruguay striker Luis Suárez, winner of the Premier League golden boot and European Golden Shoe in 2014, who scored 195 goals for Liverpool in all competitions"
Apr-12,1938,Ice Hockey,"Stanley Cup Final, Chicago Black Hawks become the only team to win ther Stanley Cup with regular season losing record, defeating Toronto Maple Leafs (3-1)"
Apr-12,1941,Ice Hockey,"Stanley Cup Final, Boston Bruins sweep Detroit Red Wings (4-0)"
Apr-12,1969,AFL,Alex Jesaulenko kicks a VFL record 12 points in a game (kicked 6 goals)
Apr-12,2004,Cricket,"Brian Lara becomes the first (and only) player to score 400 in aTest Match innings, against England in Antigua"
Apr-12,2019,Rugby League,"Melbourne Storm captain Cameron Smith becomes highest point scorer in Australian Rugby League history, surpassing  Hazem El Masri, 2,418"
Apr-13,1927,Ice Hockey,"Stanley Cup Final, Ottawa Senators beat Boston Bruins, (2-0-2)"
Apr-13,1940,Ice Hockey,"Stanley Cup Final,  New York Rangers beat Toronto Maple Leafs, (4-2)"
Apr-13,1944,Ice Hockey,"Stanley Cup Final, Montreal Canadiens sweep Chicago Blackhawks (4-0)"
Apr-13,1953,Baseball,"1st game of Milwaukee Braves, they beat Cincinnati Reds 2-0"
Apr-13,1954,Baseball,"Baltimore Orioles 1st game, loses to Tigers in Detroit 3-0"
Apr-13,1976,Basketball,"1st NBA playoff game for Cleveland Cavliers, they lose 100-95 to Washington"
Apr-13,1980,Olympics,US and its allies boycott the Summer Olympics in Moscow in protest against Russia's invasion of Afghanistan
Apr-13,1997,Golf,"Tiger Woods wins his first major, winning by a record 12 strokes and the lower score in Masters history"
Apr-13,1997,Golf,"21-year-old Tiger Woods wins the Masters Tournament by a record 12 strokes, becoming the youngest Masters champion in history and the first person of colour to win the tournament"
Apr-13,2013,Horse Racing,"Black Caviar retires from racing, winning the TJ Smith Stakes at Randwick, retiring with 25 wins from 25 races"
Apr-13,2019,Basketball,"Gregg Popovich surpasses Lenny Wilkens to became the all-time winningest coach in NBA history with his 1,413th"
Apr-14,1928,Ice Hockey,"Stanley Cup Final, New York Rangers beat Montreal Maroons (3-2)"
Apr-14,1948,Ice Hockey,"Stanley Cup Final, Toronto Maple Leafs go back-to-back with a sweep over Detroit Red Wings (4-0)"
Apr-14,1955,Ice Hockey,"Stanley Cup Final,  Detroit Red Wings win back-to-back titles; beat Montreal Canadiens (4-3)"
Apr-14,1960,Ice Hockey,"Stanley Cup Final: Montreal Canadiens sweep Toronto Maple Leafs, (4-0)"
Apr-14,1968,Basketball,"First NBA game at New York's iconic Madison Square Garden; NY Knicks beat San Diego Rockets, 114-102"
Apr-14,1969,Baseball,"First regular-season MLB game played outside the United States; Montreal Expos beat St. Louis Cardinals, 8-7 at Parc Jarry, Montreal"
Apr-14,1969,NFL,"Birthday of NFL legend Jerry Rice, the San Francisco 49ers wide receiver who holds virtually every significant NFL receiving record including 1,549 receptions, 22,895 yards, and 197 touchdowns"
Apr-15,1896,Olympics,"1st Modern Summer Olympic Games close at Panathenaic Stadium in Athens, Greece"
Apr-15,1937,Ice Hockey,"Stanley Cup Final,  Detroit Red Wings beat New York Rangers, (3-2)"
Apr-15,1947,Baseball,Jackie Robinson ibecomess 1st African American man to play in the MLB
Apr-15,1952,Ice Hockey,"Stanley Cup Final, Detroit Red Wings sweep Montreal Canadiens (4-0)"
Apr-15,1989,Soccer,"Hillsborough disaster: 96 people are crushed to death and 766 are injured at Hillsborough Football Stadium in Sheffield, England, during an FA Cup semi-final between Liverpool and Nottingham Forest"
Apr-15,1997,Baseball,Major League Baseball honors Jackie Robinson by retiring #42 for all teams
Apr-16,1929,Baseball,Cleveland Indians become the first MLB team to permanently feature numbers on the backs of their uniforms
Apr-16,1939,Ice Hockey,"Stanley Cup Final, Boston Bruins beat Toronto Maple Leafs, (4-1)"
Apr-16,1949,AFL,"John Coleman kicks 12 goals in his VFL debut, still the only player to kick 10 or more goals on debut"
Apr-16,1949,Ice Hockey,"Stanley Cup Final, 3-peat for Toronto Maple Leafs as they sweep  Detroit Red Wings (4-0)"
Apr-16,1953,Ice Hockey,"Stanley Cup Final,  Montreal Canadiens beat Boston Bruins )4-1)"
Apr-16,1954,Ice Hockey,"Stanley Cup Final, Detroit Red Wings beat Montreal Canadiens (4-3)"
Apr-16,1957,Ice Hockey,"Stanley Cup Final,  Montreal Canadiens beat Boston Bruins (4-1)"
Apr-16,1961,Ice Hockey,"Stanley Cup Final, Chicago Blackhawks beat Detroit Red Wings (4-2)"
Apr-16,1973,Cricket,"Birthday of Shane Warne, one of cricket's greatest ever bowlers, who took 708 Test wickets and revolutionised leg-spin bowling"
Apr-17,1933,Football,Chicago Bears win their 1st NFL Game beating NY Giants 23-21
Apr-17,2015,Cricket,James Anderson becomes the highest wicket-taking bowler in England's test cricket history
Apr-18,1809,Horse Racing,"First running of the 2,000 guineas horse race at Newmarket, England won by Wizard, ridden by Bill Clift"
Apr-18,1942,Ice Hockey,"Stanley Cup Final, Toronto Maple Leafs beat Detroit Red Wings (4-3) overcoming a 3-0 deficit"
Apr-18,1950,Baseball,Sam Jethroe is 1st African American to play for Boston Braves
Apr-18,1959,Ice Hockey,"Stanley Cup Final,  Montreal Canadiens' 4th straight title; beating Toronto Maple Leafs (4-1)"
Apr-18,1963,Ice Hockey,"Stanley Cup Final, Toronto Maple Leafs go back-to-back beating Detroit Red Wings (4-1)"
Apr-18,1965,Ice Hockey,"Birthday of Mario Lemieux, Pittsburgh Penguins legend who overcame cancer to lead his team to back-to-back Stanley Cup championships and score 690 career NHL goals"
Apr-18,1992,Cricket,Start of South Africa's 1st Test Cricket since 1970 (v WI Bridgetown)
Apr-18,2009,Horse Racing,Black Caviar wins her first race
Apr-19,1947,Ice Hockey,"Stanley Cup Final, Toronto Maple Leafs beat Montreal Canadiens (4-2)"
Apr-19,1956,Baseball,"1st MLB baseball game in New Jersey - Brooklyn Dodgers beat Philadelphia Phillies, 5-4"
Apr-19,1987,Cricket,Brendon Kuruppu scores 201* on Test Cricket debut (Sri Lanka v NZ)
Apr-19,1987,Basketball,LA Clippers end season with a terrible 12-70 record
Apr-19,2021,Ice Hockey,San Jose Sharks forward Patrick Marleau breaks Gordie Howe's NHL record for most games played
Apr-20,1912,Baseball,"1912 Fenway Park in Boston, Massachusetts officially opens, Red Sox beat visitibg  New York Highlanders 7-6 in 11 innings"
Apr-20,1916,Baseball,Chicago Cubs play their 1st game at Weeghman Park (now Wrigley Field) and beat the Cincinnati Reds 7-6
Apr-20,1958,Ice Hockey,"Stanley Cup Final,  Montreal Canadiens' complete 3-peat, beating Boston Bruins (4-2)"
Apr-20,1996,Basketball,Chicago Bulls win record 72 games in a season
Apr-20,2008,Car Racing,2008 Danica Patrick driving for Andretti Green Racing wins the Indy Japan 300 at Twin Ring Motegi; first female driver in history to win an IndyCar Series race
Apr-21,1951,Ice Hockey,"Stanley Cup Final,  Toronto Maple Leafs beat Montreal Canadiens (4-1)"
Apr-21,1995,Basketball,"Boston Celtics final regular season game at Boston Garden, NY Knicks win 98-92"
Apr-21,2003,Basketball,"LeBron James is selected by the Cleveland Cavaliers as the first overall pick in the 2003 NBA Draft, beginning one of the most storied careers in basketball history"
Apr-22,1903,Baseball,"NY Highlanders (Yankees) play their first MLB game, losing 3-1 before 11,950 spectators against the Washington Senators"
Apr-22,1915,Baseball,NY Yankees don pinstripes & hat-in-the-ring logo for 1st time
Apr-22,1945,Ice Hockey,"Stanley Cup Final, Toronto Maple Leafs beat Detroit Red Wings (4-3) overcoming a 3-0 deficit"
Apr-22,1954,Basketball,NBA adopts 24-second shot clock and six-team foul rule
Apr-22,1962,Ice Hockey,"Stanley Cup Final,  Toronto Maple Leafs beat Chicago Blackhawks (4-2)"
Apr-23,1903,Baseball,"NY Highlanders (Yankees) win their first game; beat Washington Senators, 7-2 at American League Park"
Apr-23,1950,Baseball,"1st Major League Baseball day game completed under lights (Phillies 6, Braves 5)"
Apr-23,1950,Ice Hockey,"Stanley Cup Final,  Detroit Red Wings beat NY Rangers (4-3)"
Apr-23,1989,Basketball,"Kareem Abdul-Jabbar scores 10 points in his last game as a Laker in a 121-117 win over Seattle SuperSonics at the LA Forum, finishing one 38,387 points"
Apr-23,2019,Soccer,Southampton striker Shane Long scores fastest goal in English Premier League history when he nets after 7.69 seconds in 1-1 draw at Watford
Apr-24,1902,Soccer,Newton Heath LYR Football Club change their name to Manchester United
Apr-24,1962,AFL,"Birthday of VFL/AFL icon Wayne Carey, considered by many the greatest AFL player of all time, a dominant North Melbourne forward who won two premierships and three All-Australian captaincies"
Apr-24,1973,Cricket,"Sachin Tendulkar is born in Bombay, India"
Apr-25,1964,Ice Hockey,"Stanley Cup Final, Toronto Maple Leafs complete a 3 peat beating Detroit Red Wings (4-3)"
Apr-26,1941,Baseball,A tradition begins with the first organ at a baseball stadium (Chicago Cubs)
Apr-26,2017,Baseball,"Gift Ngoepe becomes first Black African to play in Major League Baseball, for the Pittsburgh Pirates"
Apr-27,1908,Olympics,IV Summer Olympic Games open in London
Apr-30,1938,Soccer,The first televised FA Cup Final takes place between Huddersfield Town and Preston North End
May-01,1920,Baseball,"Baseball's longest professional game is played between the Brooklyn Robins and Boston Braves, lasting 26 innings to a 1-1 tie before darkness ends play after 3 hours and 50 minutes"
May-01,1965,Ice Hockey,"Stanley Cup Final,  Montreal Canadiens beat Chicago Blackhawks (4-3)"
May-01,1991,Cricket,West Indian batsman Gordon Greenidge plays his last Test cricket innings
May-01,1994,Car Racing,Ayrton Senna dies after a crash in the San Marino Grand Prix
May-01,1995,Cricket,Steve Waugh scores career best 200
May-02,1908,AFL,Richmond & University play their first ever VFL games
May-02,1925,AFL,"Hawthorn, Footscray (Western Bulldogs) & North Melbourne play their first VFL games"
May-02,1970,Horse Racing,Diane Crump becomes the first female jockey to ride in the Kentucky Derby
May-02,2016,Soccer,"Leicester City wins the English Premier League title after starting the season at 5,000-1 odds"
May-03,1952,Horse Racing,Eddie Arcaro aboard Hill Gail wins his record fifth Kentucky Derby
May-03,1992,AFL,Geelong kick A VFL/AFL record score of 37.17.239 against Brisbane Bears
May-04,1969,Ice Hockey,"Stanley Cup Final, Montreal Canadiens sweep St Louis Blues (4-0_"
May-04,2019,Horse Racing,Kentucky Derby: stewards disqualify first-across-the-line Maximum Security for interference; longshot Country House declared winner; first DQ in race history for race intereference
May-05,1900,AFL,"After going winless for the first 3 VFL seasons, St Kilda win their first game in Rd 1 1900, beating Melbourne"
May-05,1966,Ice Hockey,"Stanley Cup Final,  Montreal Canadiens earn back-to-back titles; beating Detroit Red Wings (4-2)"
May-05,1969,Basketball,"In his final game, Bill Russell wins a record 11th NBA title as the Celtics beat the Lakers"
May-05,1995,Basketball,"Last basketball game at Boston Garden; Celtics eliminated from playoffs by Orlando Magic, 95-92"
May-06,1954,Athletics,"Roger Bannister becomes the first person to run a mile in under four minutes, clocking 3:59.4 at Iffley Road track in Oxford, achieving what was considered an impossible feat of human endurance"
May-07,1988,Ice Hockey,"Wayne Gretzky scores his 1,000th career point in the NHL playoffs, the fastest player ever to reach the milestone, during the Edmonton Oilers' run to their fourth Stanley Cup title"
May-07,1994,Basketball,Denver Nuggets become NBA's 1st #8 seed to beat a #1 seed (Seattle)
May-08,1897,AFL,"The first games of VFL football are played, Carlton, Collingwood,Essendon, Fitzroy, Geelong, Melbourne, South Melbourne & St Kilda play in the inaugural VFL season"
May-08,1984,Olympics,The Soviet Union announces it will not participate in Los Angeles Summer Olympics in retaliation for the American boycott of the 1980 Moscow Olympics
May-08,1984,Basketball,"Birthday of NBA legend Dirk Nowitzki, who played all 21 seasons with the Dallas Mavericks, won the 2011 NBA Championship and MVP, and is the greatest European player in NBA history"
May-09,2015,AFL,Dustin Fletcher becomes just the 2nd player in VFL/AFL history to take the field after their 40th birthday
May-09,2018,Soccer,"2018 Manchester City smashes EPL records in 3-1 win over Brighton - most goals (105), most points (97) and most wins (31)"
May-10,1973,Ice Hockey,"Stanley Cup Final, Montreal Canadiens beat Chicago Blackhawks (4-2)"
May-11,1965,Cricket,West Indies becomes 1st holders of the Frank Worrell Cricket Trophy
May-11,1968,Ice Hockey,"Stanley Cup Final,  Montreal Canadiens sweep St Louis Blues (4-0)"
May-11,1972,Ice Hockey,"Stanley Cup Final,  Boston Bruins beat NY Rangers (4-2)"
May-11,1984,Soccer,Johan Cruijff retires from soccer
May-12,1975,Rugby,"Birthday of Jonah Lomu in Auckland, New Zealand; the devastating All Blacks winger becomes the first global superstar of rugby union, scoring 37 tries in 63 Tests and forever changing how the game was played"
May-13,2007,Soccer,"At 16 years, 65 days Matthew Briggs debuts for Fulham in a 3-1 defeat at Middlesbrough; youngest player to appear in an English Premier League match"
May-14,1900,Olympics,"II Summer Olympics opened in Paris, France"
May-14,1961,AFL,"Birthday of AFL champion Michael Tuck, who played a record 426 VFL/AFL games for Hawthorn and won seven premierships"
May-14,1977,Ice Hockey,"Stanley Cup Final, Montreal Canadiens sweep Boston Bruins (4-0)"
May-15,1971,AFL,John Greening becomes the first VFL player to record 50 disposals in a single game
May-16,1982,Ice Hockey,"Stanley Cup Final, NY Islanders; sweep Vancouver Canucks (4-0)"
May-17,1875,Horse Racing,1st ever Kentucky Derby: Oliver Lewis wins aboard Aristides
May-17,1956,NFL,"Birthday of NFL running back Eric Dickerson, who rushed for a record 2,105 yards in a single season in 1984 with the Los Angeles Rams, a record that still stands"
May-17,1983,Ice Hockey,"Stanley Cup Final,  4 consecutive titles for NY Islanders; sweep Edmonton Oilers (4-0_"
May-18,1996,AFL,"Fitzroy win their last ever AFL game, merging with Brisbane Bears at the end of the season to create the Brisbane LIons"
May-19,1974,Ice Hockey,"Stanley Cup Final, Philadelphia Flyers beat Boston Bruins (4-2)"
May-19,2024,Soccer,Manchester City become the first team to win the English Premier League title for 4 consecutive seasons
May-21,1904,Soccer,FIFA is founded in Paris
May-21,1979,Ice Hockey,"Stanley Cup Final,  4 consecutive titles for Montreal Canadiens; beating NY Rangers (4-1)"
May-21,1981,Ice Hockey,"Stanley Cup Final,  NY Islanders win back-to-back titles; beat Minnesota North Stars (4-1)"
May-22,1955,Car Racing,1955 Louis Chiron becomes the oldest man to drive in the Grand Prix (aged 55) finishing 6th in the Monaco Grand Prix
May-23,1873,Horse Racing,"1st ever running of the Preakness Stakes: Survivor with George Barbee abaord, the winning horse"
May-23,1979,Cricket,"Wisden release the 1st edition of ""Wisden Cricket Monthly"""
May-23,1984,Soccer,"Birthday of Spanish football icon David Villa, Spain's all-time leading scorer with 59 international goals who was part of Spain's historic treble of Euro 2008, World Cup 2010, and Euro 2012"
May-24,1935,Baseball,"First Major League night baseball game, Reds beat Philadelphia 2-1 in Cincinnati"
May-24,1980,Ice Hockey,"Stanley Cup Final, In their first Finals appearance, NY Islanders beat Philadelphia Flyers (4-2)"
May-24,1986,Ice Hockey,"Stanley Cup Final,  Montreal Canadiens beat Calgary Flames (4-1)"
May-25,1868,Cricket,Australian Aboriginal Cricket tour of England begins v Surrey Gentlemen
May-25,1978,Ice Hockey,"Stanley Cup Final, Montreal Canadiens go back to back beating Boston Bruins (4-2)"
May-25,1989,Ice Hockey,"Stanley Cup Final, Calgary Flames win their first Stanley Cup beating Montreal Canadiens (4-2)"
May-25,1991,Ice Hockey,"Stanley Cup Final, Pittsburgh Penguins beat Minnesota North Stars (4-2)"
May-26,1928,AFL,"Fitzroy record the most innacurate kicking in VFL history, kicking 2.27.39 in losing to Geeong by 83 points, ironically Geelong have less scoring shots, kicking  19.8.122"
May-26,1959,Cricket,"Birthday of England's greatest all-rounder Ian Botham, who scored 5,200 Test runs and took 383 wickets in a remarkable career"
May-26,1988,Ice Hockey,"Stanley Cup Final, Edmonton Oilers sweep Boston Bruins (4-0)"
May-27,1975,Ice Hockey,"Stanley Cup Final,Philadelphia Flyers win back-to-back titles; beating Buffalo Sabres (4-2)"
May-28,1900,Olympics,"II Summer Olympics closes in Paris, France"
May-28,1912,Cricket,"Australian cricket spin bowler Jimmy Matthews takes 2 hat-tricks on same day in Triangular Tournament v South Africa at Old Trafford (3/16, 3/38); only player to achieve the feat"
May-28,1946,Baseball,"First night game at Yankee Stadium (Senators 2, Yankees 1)"
May-28,1981,Tennis,"Birthday of Rafael Nadal in Manacor, Spain; he goes on to win a record 14 French Open titles and 22 Grand Slam singles titles before retiring in 2024"
May-29,1954,Athletics,"British runner Diane Leather becomes first woman to run the mile in under 5 minutes; 4:59.6 at Alexander Sports Ground in Birmingham, England"
May-31,1902,Cricket,"1902 Australia Cricket all out 36 v England, Edgbaston, their lowest ever"
May-31,1987,Ice Hockey,"Stanley Cup Final,  Edmonton Oilers beat Philadelphia Flyers, 4-3"
Jun-01,1878,Soccer,Everton Football Club is founded 
Jun-01,1939,Baseball,First night MLB game takes place at Philadelphia's Shribe Park; Phillies lose 5-2 to Pittsburgh Pirates
Jun-01,1968,Horse Racing,100th Belmont Stakes: Gus Gustines wins aboard Stage Door Johnny 
Jun-03,1851,Baseball,"First baseball uniforms are worn as the NY Knickerbockers don straw hats, white shirts, and blue long trousers"
Jun-03,1892,Soccer,Liverpool Football Club is founded
Jun-03,1917,Soccer,Imre Schlosser becomes the first player to score 50 International goals
Jun-04,1964,Cricket,Geoff Boycott makes Test debut  v Australia at Trent Bridge
Jun-04,1984,Basketball,Boston Celtics defeat the Los Angeles Lakers 111-102 in Game 7 to win the NBA Championship; Larry Bird wins the Finals MVP after a dramatic seven-game series that renewed one of sport's greatest rivalries
Jun-04,1993,Cricket,"Shane Warne delivers cricket's ""Ball of the Century"" - bowling England batsman Mike Gatting with his first ball of an Ashes series"
Jun-04,2008,Ice Hockey,"Stanley Cup Final, Detroit Red Wings defeat Pittsburgh Penguins, 4-2"
Jun-05,1996,AFL,"Birthday of AFL superstar Dustin Martin, who became the first player to win the Brownlow Medal, Norm Smith Medal, and premiership in the same year (2017)"
Jun-06,1999,Football,"Tony Lockett breaks Gordon Coventry's VFL/AFL career goals record with 1,300th goal"
Jun-06,2007,Ice Hockey,"Stanley Cup Final, Anaheim Ducks defeat Ottawa Senators, 4-1"
Jun-07,1975,Cricket,Sri Lanka cricket's 1st ODI; West Indies win by 9 wickets in World Cup match in Manchester
Jun-07,1997,Ice Hockey,"Stanley Cup Final,  Detroit Red Wings sweep Philadelphia Flyers, 4-0"
Jun-07,2004,Ice Hockey,"Stanley Cup Final,  Tampa Bay Lightning beat Calgary Flames, 4-3"
Jun-07,2018,Ice Hockey,"Stanley Cup Final, Washington Capitals beat Las Vegas Golden Knights, 4-1"
Jun-08,1961,Cricket,Test cricket debut of future Australian captain Bill Lawry
Jun-08,1966,Football,NFL and AFL announce merger plans to form one league with two conferences (NFC and AFC) starting in 1970
Jun-08,1986,Basketball,Boston Celtics defeat the Houston Rockets 114-97 in Game 6 to win the NBA Championship; Larry Bird wins his second Finals MVP as Boston claim their 16th title
Jun-08,2018,Basketball,Golden State Warriors sweep the Cleveland Cavaliers 4-0 to win back-to-back NBA Championships; Kevin Durant wins his second consecutive Finals MVP
Jun-09,1945,Ice Hockey,"Birthday of ice hockey legend Phil Esposito, who set scoring records with the Boston Bruins and was the first player to score 100 points in a season (1968-69), winning the Hart Trophy twice"
Jun-09,1985,Basketball,"Los Angeles Lakers defeat the Boston Celtics 111-100 in Game 6 to win the NBA Championship; Kareem Abdul-Jabbar wins the Finals MVP aged 38, the oldest player ever to win the award"
Jun-09,1993,Ice Hockey,"Stanley Cup Final, Montreal Canadiens beat LA Kings, 4-1 "
Jun-09,2001,Ice Hockey,"Stanley Cup Final, Colorado Avalanche beat defending champion New Jersey Devils, 4-3"
Jun-09,2003,Ice Hockey,"Stanley Cup Final, New Jersey Devils beat Mighty Ducks of Anaheim, 4-3"
Jun-09,2010,Ice Hockey,"Stanley Cup Final, Chicago Blackhawks beat Philadelphia Flyers, 4-2"
Jun-09,2018,Horse Racing,150th Belmont Stakes: Justify wins with Mike Smith aboard to become 13th Triple Crown winner
Jun-10,1934,Soccer,"FIFA World Cup Final, Italy beats Czechoslovakia, 2-1"
Jun-10,1968,Rugby,Rugby Union World Cup: Australia beats France 20-2
Jun-10,1996,Ice Hockey,"Stanley Cup Final, Colorado Avalanche defeat Florida Panthers in 4 game series sweep"
Jun-10,2000,Ice Hockey,"Stanley Cup Final, New Jersey Devils defeat Dallas Stars, 4-2"
Jun-11,1997,Basketball,"Michael Jordan scores 38 points including the famous 'Flu Game' in Game 5 of the NBA Finals against the Utah Jazz, propelling Chicago Bulls to a 90-88 victory despite battling illness"
Jun-11,2011,Ice Hockey,"Stanley Cup Final, Pittsburgh Penguins defeat Nashville Predators, 4-2"
Jun-11,2012,Ice Hockey,"Stanley Cup Final, LA Kings defeat New Jersey Devils, 4-2"
Jun-12,1991,Basketball,"Chicago Bulls defeat the Los Angeles Lakers 108-101 in Game 5 to win their first NBA Championship; Michael Jordan wins the first of his six Finals MVP awards, beginning the Bulls dynasty"
Jun-12,2002,Basketball,Los Angeles Lakers sweep the New Jersey Nets 4-0 to win three consecutive NBA Championships; Shaquille O'Neal wins his third consecutive Finals MVP
Jun-12,2009,Ice Hockey,"Stanley Cup Final, Pittsburgh Penguins beat Detroit Red Wings, 4-3"
Jun-12,2011,Basketball,"Dallas Mavericks defeat the Miami Heat 105-95 in Game 6 to win the NBA Championship; Dirk Nowitzki wins the Finals MVP, becoming the first European-born player to lead a team to the title"
Jun-12,2016,Ice Hockey,"Stanley Cup Final, Pittsburgh Penguins defeat San Jose Sharks,4-2"
Jun-12,2017,Basketball,Golden State Warriors defeat the Cleveland Cavaliers 129-120 in Game 5 to win the NBA Championship; Kevin Durant wins the Finals MVP in his first season with the Warriors
Jun-12,2019,Ice Hockey,"Stanley Cup Final, St Louis Blues beat Boston Bruins, 4-3"
Jun-12,2021,Soccer,Christian Eriksen suffers an on-field cardiac arrest during Euro 2020 game with Finland in Copenhagen; revived with a defibrillator
Jun-12,2023,Basketball,"Denver Nuggets defeat the Miami Heat 94-89 in Game 5 to win the NBA Championship, the first in franchise history; Nikola Jokić wins the Finals MVP, the first player born in Serbia to receive the award"
Jun-13,1989,Basketball,Detroit Pistons sweep the Los Angeles Lakers 4-0 to win the NBA Championship; Joe Dumars wins the Finals MVP as the 'Bad Boys' Pistons claim their first title
Jun-13,1997,Basketball,"Chicago Bulls defeat the Utah Jazz 90-86 in Game 6 to win the NBA Championship; Michael Jordan wins his fifth Finals MVP, famous for his iconic 38-point 'Flu Game' performance in Game 5"
Jun-13,2015,Ice Hockey,"Stanley Cup Final, LA Kings beat New York Rangers, 4-1"
Jun-13,2019,Basketball,"Toronto Raptors defeat the Golden State Warriors 114-110 in Game 6 to win the NBA Championship, the first title for a non-American franchise; Kawhi Leonard wins his second Finals MVP"
Jun-13,2023,Ice Hockey,"Stanley Cup Final, Vegas Golden Knights beat Florida Panthers 4-1 series win;"
Jun-14,1987,Basketball,Los Angeles Lakers defeat the Boston Celtics 106-93 in Game 6 to win the NBA Championship; Magic Johnson wins the Finals MVP in what proves to be the last classic Lakers-Celtics Finals
Jun-14,1990,Basketball,Detroit Pistons defeat the Portland Trail Blazers 92-90 in Game 5 to win back-to-back NBA Championships; Isiah Thomas wins the Finals MVP
Jun-14,1992,Basketball,Chicago Bulls defeat the Portland Trail Blazers 97-93 in Game 6 to win back-to-back NBA Championships; Michael Jordan wins his second consecutive Finals MVP
Jun-14,1994,Ice Hockey,"Stanley Cup Final, New York Rangers beat Vancouver Canucks, 4-3"
Jun-14,1995,Basketball,"Houston Rockets sweep the Orlando Magic 4-0 to win back-to-back NBA Championships; Hakeem Olajuwon wins his second consecutive Finals MVP, cementing his status as one of the all-time greats"
Jun-14,1998,Basketball,"Chicago Bulls defeat the Utah Jazz 87-86 in Game 6 on Michael Jordan's last-second jumper to win the NBA Championship; Jordan wins his sixth and final Finals MVP, completing his second three-peat"
Jun-14,2007,Basketball,"San Antonio Spurs sweep the Cleveland Cavaliers 4-0 to win the NBA Championship; Tony Parker wins the Finals MVP, the first European-born player to receive the award"
Jun-14,2009,Basketball,Los Angeles Lakers defeat the Orlando Magic 99-86 in Game 5 to win the NBA Championship; Kobe Bryant wins the Finals MVP in his first title without Shaquille O'Neal
Jun-15,2001,Basketball,Los Angeles Lakers defeat the Philadelphia 76ers in five games to win back-to-back NBA Championships; Shaquille O'Neal wins his second consecutive Finals MVP
Jun-15,2003,Basketball,San Antonio Spurs defeat the New Jersey Nets 88-77 in Game 6 to win the NBA Championship; Tim Duncan wins his second Finals MVP
Jun-15,2004,Basketball,Detroit Pistons upset the Los Angeles Lakers 100-87 in Game 5 to win the NBA Championship; Chauncey Billups wins the Finals MVP in one of the great team upsets in NBA history
Jun-15,2011,Ice Hockey,"Stanley Cup Final, Boston Bruins defeat Vancouver Canucks, 4-3"
Jun-15,2014,Basketball,"San Antonio Spurs defeat the Miami Heat 104-87 in Game 5 to win the NBA Championship; Kawhi Leonard wins the Finals MVP in a dominant team performance, ending Miami's two-year reign"
Jun-15,2016,Ice Hockey,"Stanley Cup Final, Chicago Blackhawks defeat Tampa Bay Lightning, 4-2 series victory"
Jun-15,2018,Soccer,World Cup: Portugal 3. Spain 3 - Cristiano Renaldo scores hat-trick - 4th player to score in 4 different World Cups
Jun-16,1996,Basketball,"Chicago Bulls defeat the Seattle SuperSonics 87-75 in Game 6 to win the NBA Championship, having posted a then-record 72 regular season wins; Michael Jordan wins his fourth Finals MVP"
Jun-16,1998,Ice Hockey,"Stanley Cup Final,Detroit Red Wings go back-to-back, defeating debutant finalists Washington Capitals"
Jun-16,2008,Golf,"Tiger Woods wins the US Open at Torrey Pines in a dramatic 19-hole playoff despite playing the entire tournament on a broken leg and torn ACL, in what many consider the greatest major championship performance ever"
Jun-16,2015,Basketball,"Golden State Warriors defeat the Cleveland Cavaliers 105-97 in Game 6 to win the NBA Championship, their first title in 40 years; Andre Iguodala wins the Finals MVP, the first player in Finals history to win without starting all season"
Jun-16,2018,Soccer,"World Cup: Video Assistant Referee (VAR) technology is used for the first time, awarding France a penalty in 2-1 win over Australia in Kazan"
Jun-16,2022,Basketball,"Golden State Warriors defeat the Boston Celtics 103-90 in Game 6 to win the NBA Championship; Stephen Curry wins his first Finals MVP, having been the only member of the Warriors dynasty not to previously win the award"
Jun-17,1962,Soccer,"FIFA World Cup Final, Brazil beat Czechoslovakia, 3-1"
Jun-17,1980,NFL,"Birthday of Peyton Manning, who won two Super Bowls with the Indianapolis Colts and Denver Broncos, set a then-record 55 touchdown passes in 2013, and is considered one of the greatest quarterbacks ever"
Jun-17,2008,Basketball,"Boston Celtics defeat the Los Angeles Lakers 131-92 in Game 6 to win the NBA Championship, their first title in 22 years; Paul Pierce wins the Finals MVP"
Jun-17,2010,Basketball,Los Angeles Lakers defeat the Boston Celtics 83-79 in Game 7 to win back-to-back NBA Championships; Kobe Bryant wins his second consecutive Finals MVP
Jun-17,2024,Basketball,"Boston Celtics defeat the Dallas Mavericks 106-88 in Game 5 to win the NBA Championship, their 18th title and first in 16 years; Jaylen Brown wins the Finals MVP"
Jun-17,2025,Ice Hockey,"Stanley Cup Final, Florida Panthers win their second consecutive title, once again defeating the Edmonton Oilers, 5-1"
Jun-19,1867,Horse Racing,"1st ever running of the Belmont Stakes, Ruthless wins with Gilbert Patrick aboard"
Jun-19,1938,Soccer,"FIFA World Cup Final: Italy beats Hungary, 4-1"
Jun-19,1983,Soccer,"Birthday of Manchester United legend Dimitar Berbatov, known for his exquisite technique and touch, who won the Premier League Golden Boot in 2011 with 20 goals"
Jun-19,2000,Basketball,Los Angeles Lakers defeat the Indiana Pacers 116-111 in Game 6 to win the NBA Championship; Shaquille O'Neal wins the first of three consecutive Finals MVP awards in a dominant series
Jun-19,2006,Ice Hockey,"Stanley Cup Final, Carolina Hurricanes beat Edmonton Oilers, 3-1 for a 4-3 series victory"
Jun-19,2016,Basketball,"Cleveland Cavaliers defeat the Golden State Warriors 93-89 in Game 7 to win the NBA Championship; LeBron James wins the Finals MVP, delivering on his promise to bring a title to Cleveland with a famous chase-down block in the final minutes"
Jun-20,1989,Rugby,Rugby Union World Cup: New Zealand All Blacks beat France 29-9
Jun-20,1993,Basketball,Chicago Bulls defeat the Phoenix Suns 99-98 in Game 6 to win a third consecutive NBA Championship; Michael Jordan wins his third consecutive Finals MVP before retiring for the first time
Jun-20,2006,Basketball,"Miami Heat defeat the Dallas Mavericks 95-92 in Game 6 to win the NBA Championship after trailing 2-0; Dwyane Wade wins the Finals MVP, scoring 34 points in the clinching game"
Jun-20,2013,Basketball,Miami Heat defeat the San Antonio Spurs 95-88 in Game 7 to win back-to-back NBA Championships; LeBron James wins his second consecutive Finals MVP in a series remembered for Ray Allen's iconic corner three in Game 6
Jun-21,1961,Baseball,"Roger Maris hits his 27th home run, surpassing Babe Ruth's pace for the 60-home run season record, as the New York Yankees slugger chases one of baseball's most sacred records"
Jun-21,1988,Basketball,Los Angeles Lakers defeat the Detroit Pistons 108-105 in Game 7 to win back-to-back NBA Championships; James Worthy wins the Finals MVP with a triple-double in the deciding game
Jun-21,2012,Basketball,Miami Heat defeat the Oklahoma City Thunder 121-106 in Game 5 to win the NBA Championship; LeBron James wins his first Finals MVP and first championship after years of pressure
Jun-22,1986,Soccer,"Argentina's Diego Maradona scores the ""hand of god"" goal,  as he scores a double against England in the FIFA World Cup quarter finals"
Jun-22,1994,Basketball,Houston Rockets defeat the New York Knicks 90-84 in Game 7 to win the NBA Championship; Hakeem Olajuwon wins the Finals MVP in the first Finals without Michael Jordan since 1984
Jun-22,1996,Cricket,Saurav Ganguly scores 131 at Lord's in his Test cricket debut
Jun-23,1894,Olympics,"The International Olympic Committee is founded in Paris by Baron Pierre de Coubertin, beginning the modern Olympic movement that leads to the first Summer Games being held in Athens in 1896"
Jun-23,2005,Basketball,San Antonio Spurs defeat the Detroit Pistons 81-74 in Game 7 to win the NBA Championship; Tim Duncan wins his third Finals MVP in a hard-fought series
Jun-24,1969,Cricket,"Birthday of Australian wicketkeeper-batsman Ian Healy, who took a then-record 395 Test dismissals behind the stumps"
Jun-24,1980,Horse Racing,"Affirmed wins $500,000 Hollywood Cup, becomes the 1st horse to win $2 million"
Jun-24,1995,Ice Hockey,"Stanley Cup Final, New Jersey Devils beat Detroit Red Wings, 5-2 for a 4-0 series sweep"
Jun-24,2013,Ice Hockey,"Stanley Cup Final, Chicago Blackhawks defeat Boston Bruins, 3-2 for 4-2 series victory"
Jun-24,2024,Ice Hockey,"Stanley Cup Final, Florida Panthers win their first title defeating the Edmonton Oilers 2-1 in Game 7"
Jun-25,1957,Rugby,Rugby Union World Cup: New Zealand beats Great Britain 29-21
Jun-25,1977,Rugby,Rugby Union World Cup: Australia beats Great Britain 13-12
Jun-25,1978,Soccer,"FIFA World Cup Final: Argentina beats the Netherlands, 3-1 after extra time"
Jun-25,1994,Soccer,"1,500th goal in FIFA World Cup history scored by Caceres of Argentina"
Jun-25,1999,Basketball,San Antonio Spurs defeat the New York Knicks 78-77 in Game 5 to win the NBA Championship; Tim Duncan wins the first of his three Finals MVP awards in a lockout-shortened season
Jun-26,1937,Cricket,Len Hutton debuts v New Zealand in 1st Tests at Lord's; scores 0 & 1
Jun-26,1972,Cricket,Australian bowler Bob Massie takes 16 wickets (8-84 & 8-53) on Test cricket debut in 2nd Test vs England at Lord's
Jun-26,2022,Ice Hockey,"Stanley Cup Final, Colorado Avalanche beats two-time defending champions Tampa Bay Lightning, 2-1 for a 4-2 series win"
Jun-27,1930,Cricket,"Don Bradman scores first Test double century, making 254 against England at Lords"
Jun-29,1920,Soccer,Real Madrid receives royal status from King Alfonso XIII
Jun-29,1962,Baseball,"Frank Howard hits the 5,000th Dodger home run"
Jun-29,1986,Soccer,"FIFA World Cup Final, Argentina beats West Germany, 3-2"
Jul-01,1904,Olympics,"III Summer Olympics opened in St Louis, United States"
Jul-01,1963,Basketball,"Birthday of Charles Barkley, the Philadelphia 76ers and Phoenix Suns power forward who won the 1993 NBA MVP award and is considered one of the greatest rebounders in NBA history"
Jul-01,1998,Basketball,NBA commences a player lockout after no agreement with players about salary issues - lasts 204 days with the season shortened by 50 games
Jul-03,2018,Cricket,"Aaron Finch breaks his own T20 International record smashing 172 from 76 balls vs Zimbabwe in Harare, opening stand with D'Arcy Short (223) also a record"
Jul-04,1954,Soccer,"FIFA World Cup Final, West Germany beats Hungary, 3-2"
Jul-05,1924,Olympics,"VIII Summer Olympic Games open in Paris France, Paris becomes the first city to hold the Olympics twice"
Jul-06,1912,Olympics,"V Summer Olympic Games officially open Stockholm, Sweden"
Jul-06,1933,Baseball,The first Major League Baseball All-Star Game is played at Comiskey Park in Chicago; Babe Ruth hits a home run as the American League defeats the National League 4-2
Jul-06,1970,AFL,"Birthday of AFL great Matthew Lloyd, who kicked 926 goals for Essendon and won three consecutive Coleman Medals from 1999 to 2001"
Jul-06,2003,Tennis,Martina Navratilova claims her 20th all-time Wimbledon title
Jul-07,2021,Ice Hockey,"Stanley Cup: Tampa Bay Lightning beat Montreal Canadiens, 1-0 in Game 5; to retain title"
Jul-08,1990,Soccer,"FIFA World Cup Final, West Germany beat Argentina 1-0"
Jul-09,1932,Football,Washington Redskins (then Boston Braves) formed
Jul-09,1991,Olympics,South Africa re-admitted to Olympics
Jul-09,1994,Baseball,"Matt Nokes scores 11,000th home run in New York Yankees history"
Jul-09,2006,Soccer,"FIFA World Cup, Italy beats France, 5-3 on penalties; 1-1 after extra time"
Jul-10,1884,Cricket,"First day of Test Cricket at Old Trafford, Manchester (1st Test, England v Australia) is washed out"
Jul-10,1997,Baseball,"1997 Hideki Irabu makes MLB debut as a NY Yankee, beats Tigers 10-3"
Jul-11,1930,Cricket,"Don Bradman scores first Test triple century, making 334 against England at Headingley, the most runs by an Australian and stands until 1998 when Mark Taylor scores 334"
Jul-11,1982,Soccer,Italy beats West Germany 3-1 iIn the FIFA World Cup final
Jul-11,2010,Football,"Spain with their first ever  FIFA World Cup Final, beating the Netherlands, 1-0"
Jul-13,1930,Soccer,First ever football World Cup competition begins in Uruguay
Jul-13,1930,Soccer,France's Lucien Laurent scores the first goal in the FIFA World Cup
Jul-14,1951,Horse Racing,"In his last race start, Citation wins the Hollywood Gold Cup by four lengths to become American racing's first millionaire horse"
Jul-15,1938,Cricket,Arthur Fagg becomes the first batsman in first-class cricket history to score double centuries in both innings of a match
Jul-15,2002,AFL,"Tony Lockett retires from AFL football, kicking the most goals in VFL/AFL history (1360)"
Jul-16,1920,Tennis,"USA wins the Davis Cup, beating Australasia in Auckland (5-0)"
Jul-16,1950,Soccer,"Uruguay defeats Brazil 2-1 at the  EstÃ¡dio do MaracanÃ£, Rio de Janeiro, Brazil ton win the FIFA World Cup"
Jul-17,1976,Olympics,"XXI Olympic games open in Montreal, Canada"
Jul-17,1994,Soccer,Brazil beats Italy 3-2 on penalties to win the World Cup
Jul-17,2018,Basketball,Australian basketball center Liz Cambage scores 53 points as the Dallas Wings beat the NY Liberty 104-87 to set new WNBA single game scoring record
Jul-18,1959,Golf,William 'Bill' Wright becomes the 1st African American to win a major golf tournament (U.S. Amateur Public Links Championships)
Jul-18,1988,Ice Hockey,"Edmonton Oilers trade Wayne Gretzky to the Los Angeles Kings in what becomes known as 'The Trade', one of the most shocking and consequential deals in NHL history"
Jul-18,1994,Football,NY Jets sign USA soccer goalkeeper Tony Miola as a place kicker
Jul-19,1903,Cycling,1903 1st Tour de France: French rider Maurice Garin wins inaugural event
Jul-19,1952,Olympics,"XV Summer Olympic Games open at the Helsingin Olympiastadion, Helsinki, Finland"
Jul-19,1980,Olympics,"XXII Summer Olympic Games open in Moscow, Russia;  66 nations boycott event because of Soviet-Afghan war"
Jul-19,1996,Olympics,"XXVI Summer Olympic Games open in Atlanta, Georgia"
Jul-19,1996,Olympics,Muhammad Ali lights the flame at the Atlanta Olympics opening ceremony
Jul-20,1952,Olympics,Emile Zatopek runs Olympic Record 10K (29:17.0)
Jul-20,2021,Basketball,"Milwaukee Bucks defeat the Phoenix Suns 105-98 in Game 6 to win the NBA Championship, their first title in 50 years; Giannis Antetokounmpo wins the Finals MVP, scoring 50 points in the clinching game"
Jul-21,1884,Cricket,"1884 First Test cricket match is played at Lord's, England defeating Australia"
Jul-21,1970,Soccer,"Brazil wins FIFA World Cup, beating Italy 4-1, Pele becomes the only player to win 3 World Cups"
Jul-22,1912,Olympics,"V Summer Olympic Games close at Stockholm Olympiastadion, Sweden"
Jul-22,2012,Cricket,Hashim Amla smashes 311 not out in South Africa's Test win over England at The Oval; first South African to score a triple-century in Test cricket
Jul-22,2016,AFL,Brent Harvey equals Michael Tuck's VFL/AFL games record (426)
Jul-23,1904,Olympics,"III Summer Olympics closes in St Louis, United States"
Jul-23,2021,Olympics,"XXXII Summer Olympic Games officially open at the Olympic Stadium, Tokyo, Japan"
Jul-24,1952,Olympics,"Emile Zatopek runs Olympic record in the 5,000 meters (14:06.6)"
Jul-24,1980,Soccer,"Birthday of French football icon Thierry Henry, Arsenal's all-time leading scorer with 228 goals, who won the World Cup in 1998 and European Championship in 2000"
Jul-25,1914,AFL,Geelong's Bill Eason becomes the first VFL player to play 200 games
Jul-25,1972,Cricket,"Birthday of South African captain Hansie Cronje, a gifted batsman and tactician whose career was tragically cut short by a match-fixing scandal"
Jul-25,1992,Olympics,"XXV Summer Olympic Games open in Barcelona, Spain"
Jul-25,2012,Olympics,"USA's men's basketball team sees its 25-game Olympic winning streak end, defeated 83-76 by France in a first-round match in Tokyo"
Jul-26,1957,Baseball,Mickey Mantle hits career home run number 200
Jul-26,2019,Cricket,Australian cricket captain Meg Lanning records a T20 International world record individual score of 133 off 63 balls
Jul-26,2024,Olympics,"XXXIII Summer Olympic Games officially open along the River Seine and at Jardins du Trocadro, in front of the Eiffel Tower, Paris"
Jul-27,1924,Olympics,"VIII Summer Olympic Games close at the Stade Olympique Yves-du-Manoir in Paris, France"
Jul-27,1937,Tennis,"USA wins the Davis Cup, beating Great Britain in Wimbledon (4-1)"
Jul-27,1956,Cricket,Jim Laker takes 9-37 in Australia's first innings in the fourth Test at Manchester; best return ever in Test cricket; bettered in the 2nd innings with 10-53
Jul-27,2012,Olympics,"XXX Summer Olympic Games open London, England, London becomes the first city to host the 3 Olympics three times"
Jul-28,1928,Olympics,"IX Summer Olympic Games open in Amsterdam, Netherlands"
Jul-28,1979,AFL,Fitzroy beat Melbourne by a VFL record margin of 190 points
Jul-28,1984,Olympics,XXIII modern Olympic Games open in Los Angeles
Jul-29,1928,Tennis,"France wins the Davis Cup, beating USA in Paris (4-1)"
Jul-29,1948,Olympics,"XIV Olympic Games open in London, England"
Jul-29,1950,Soccer,"Brazil win their first FIFA World Cup, beating Sweden 5-2, at the age of 17 years and 249 days old, Pele becomes the youngest winner ever"
Jul-30,1930,Soccer,"First FIFA World Cup Final, Estadio Centenario, Montevideo, Uruguay: Uruguay beats Argentina 4-2"
Jul-30,1932,Olympics,"X Summer Olympic Games open in Los Angeles, California"
Jul-30,1966,Soccer,"FIFA World Cup Final, Wembley Stadium, London: Striker Geoff Hurst scores a hat trick as England beats West Germany 4-2 after extra time"
Jul-31,1937,AFL,Collingwood's Gordon Conventry becomes the first VFL player to play 300 games
Jul-31,1956,Cricket,Jim Laker takes 10-53 in Australia's second innings; match figures 19-90 in the fourth Test at Old Trafford
Aug-01,1936,Olympics,"XI Summer Olympic Games open in Berlin, Germany"
Aug-01,1976,Olympics,"XXI Summer Olympic Games close at the Olympic Stadium in Montreal, Canada"
Aug-02,1902,AFL,Collingwood's Charlie Pannam becomes the first VFL player to reach the 100 game milestone
Aug-03,1952,Olympics,"XV Summer Olympic Games close at the Helsingin Olympiastadion, Helsinki, Finland"
Aug-03,1980,Olympics,"XXII Summer Olympic Games close at the Grand Arena of the Central Lenin Stadium in Moscow, Russia"
Aug-03,2013,NFL,Ray Lewis is inducted into the Pro Football Hall of Fame; the Baltimore Ravens linebacker is widely considered the greatest defensive player in NFL history
Aug-04,1996,Olympics,"XXVI Summer Olympic Games close at Centennial Olympic Stadium in Atlanta, Georgia"
Aug-05,2016,Olympics,"XXXI Summer Olympic Games officially open in Maracana Stadium, Rio de Janeiro, Brazil"
Aug-06,1983,Football,First NFL exhibition game in Europe: Minnesota Vikings beat St. Louis Cardinals 28-10 at London's Wembley Stadium
Aug-06,1983,AFL,"Kevin Bartlett becomes the first playeer tom play 400 VFL/AFL games, finishes his carrer with 403 games"
Aug-06,1995,Baseball,"Cleveland's major league sports franchises, NFL Browns and MLB Indians, play in Cleveland for the first time; both lose"
Aug-06,2006,Baseball,"For an MLB record 11th time in his career, Padres closer Trevor Hoffman records 30 or more saves in a season, surpassing the record set by Lee Smith, baseball's all-time saves leader"
Aug-07,1987,Cricket,"Javed Miandad becomes the first to score 6,000 Test runs for Pakistan"
Aug-07,2021,Olympics,Indian javelin thrower Neeraj Chopra makes history by winning his country's first-ever Olympic track and field gold with a throw of 87.58 m in Tokyo
Aug-08,1981,Tennis,"Birthday of Roger Federer in Basel, Switzerland; he goes on to become a 20-time Grand Slam champion and one of the most beloved athletes in sporting history before retiring in 2022"
Aug-08,1984,Olympics,Nawal El Moutawakel of Morocco becomes the first female Olympic champion from a Muslim nation and the first from her country in the 400 m hurdles
Aug-08,2008,Olympics,"XXIX Summer Olympic Games open in Beijing, China"
Aug-08,2021,Olympics,"XXXII Summer Olympic Games close at the Japan National Stadium, Tokyo"
Aug-09,1936,Olympics,"Jesse Owens wins his fourth gold medal in Berlin, becoming the first American track and field athlete to achieve the feat"
Aug-09,1975,Football,First NFL game in Louisiana Superdome; Houston defeats Saints 13-7
Aug-09,1992,Olympics,"XXV Summer Olympic Games close at Estadi Olmpic de Montjuc Barcelona, Spain"
Aug-09,2008,Olympics,"Michael Phelps wins his 9th Olympic gold medal at the Beijing Games, breaking the all-time record held by Finnish athlete Paavo Nurmi and Carl Lewis for most Olympic gold medals"
Aug-10,1984,Olympics,"Mary Decker and Zola Budd colllide during 3000 m at the Los Angeles Olympics; Decker falls, Budd finishes 7th"
Aug-10,1997,AFL,"Birthday of Brisbane Lions champion Jonathan Brown, who kicked 675 goals and was a three-time All-Australian captain renowned for his fierce competitiveness and big-game performances"
Aug-11,1884,Cricket,First double-century stand in Test cricket; Percy McDonnell (103) and Billy Murdoch (211) for Australia in drawn third Test vs. England in London
Aug-11,1951,Baseball,First televised baseball game in color airs on WCBS in New York City; Boston Braves beat Brooklyn Dodgers 8-1
Aug-11,2024,Olympics,"XXXIII Summer Olympic Games officially close at the Stade de France, Paris"
Aug-12,1928,Olympics,"IX Summer Olympic Games close at Olympisch Stadion in Amsterdam, Netherlands"
Aug-12,1984,Olympics,XXIII Summer Olympic Games close at the Los Angeles Memorial Coliseum
Aug-12,2012,Olympics,"XXX Summer Olympic Games close at Olympic Stadium at Queen Elizabeth Olympic Park, London, England"
Aug-13,1919,Horse Racing,Man o' War's only defeat in a 21-start career; Upset wins the Sanford Memorial Stakes at Saratoga Race Course
Aug-13,2004,Olympics,"XXVII Olympic Games open in Athens, Greece"
Aug-13,2010,Horse Racing,Frankel wins his maiden at Newmarket
Aug-13,2016,Olympics,"Michael Phelps ends his career at the Rio Olympics as part of the winning 4 x 100 m medley relay, his record 23rd gold medal"
Aug-14,1920,Olympics,"VII Summer Olympic Games open in Antwerp, Belgium"
Aug-14,1932,Olympics,X Summer Olympic Games close at the Los Angeles Memorial Coliseum
Aug-14,1948,Olympics,"XIV Olympic Games close at Wembley Stadium, London"
Aug-16,1936,Olympics,"XI Summer Olympic Games close at Olympiastadion in Berlin, Germany"
Aug-16,2001,Soccer,"Highest score in World Cup soccer match (Australia-31, American Samoa-0), Archie Thompson scores a record 13 goals"
Aug-16,2008,Olympics,"Usain Bolt wins the 100m sprint at the Beijing Olympics, running the 100m in a world record 9.96 seconds"
Aug-16,2009,Athletics,Usain Bolt beats Tyson Gay to win the 100 m in a world record time of 9.58 seconds at the World Athletics Championships in Berlin
Aug-17,1929,AFL,Gordon Coventry becomes the first player to kick 100 goals in a VFL season
Aug-17,2025,AFL,Harry Sheezel equals Tom Mitchells VFL/AFL disposals record (54)
Aug-18,1964,Olympics,South Africa is banned from the Olympic Games because of apartheid policies
Aug-18,2018,Horse Racing,"Winx wins her Australasian record 26th consecutive race, the renamed Winx Stakes at Royal Randwick in Sydney, achieving her 19th Group One win"
Aug-20,1938,Cricket,Len Hutton scores an English record of 364 runs in a Test March against Australia at The Oval
Aug-21,1920,AFL,"Vic Cumberland retires as the oldest VFL player ever, retiring at the age of 43 years and 50 days"
Aug-21,2009,Athletics,"Usain Bolt shatters his own world record in the 100m at the World Athletics Championships in Berlin, running 9.58 seconds; he also sets the 200m world record (19.19) at the same championships"
Aug-21,2016,Olympics,"XXXI Summer Olympic Games close at the Estadio Maracana, Rio de Janeiro, Brazil"
Aug-22,2008,Olympics,"Steve Hooker wins the men's pole vault with 5.96 m at the Beijing Olympics, Australia's first gold medal in men's athletics since 1968"
Aug-23,1978,Basketball,"Birthday of Kobe Bryant in Philadelphia; he goes on to win five NBA championships with the LA Lakers, score 33,643 career points, and earn the nickname 'Black Mamba' before his passing in 2020"
Aug-24,1930,Golf,"Bobby Jones completes the Grand Slam, winning all four major championships in a single year (US Amateur, British Amateur, US Open, and The Open Championship), a feat that has never been repeated"
Aug-24,2008,Olympics,XXIX Summer Olympic Games close at the Beijing National Stadium
Aug-25,1804,Horse Racing,"Alicia Thornton becomes the first female jockey in England, riding at Knavesmire in Yorkshire"
Aug-25,1960,Olympics,"XVII Summer Olympic Games open at Stadio Olimpico in Rome, Italy"
Aug-25,1960,Olympics,Cassius Clay (Muhammad Ali) wins Olympic gold in the light-heavyweight boxing
Aug-25,1990,AFL,Michael Tuck equals Kevin Bartlett on 403 VFL/AFL games
Aug-25,2004,Olympics,Gal Fridman becomes Israel's first Olympic gold medalist when he wins the men's Mistral One Design windsurfing event at the Athens Games
Aug-25,2020,Cricket,England's James Anderson becomes the first fast bowler to reach 600 wickets in Test cricket 
Aug-26,1950,Tennis,"Australia wins the Davis Cup, beating USA at Forest Hills (4-1)"
Aug-26,1955,Tennis,First color telecast by NBC of a tennis match (Davis Cup)
Aug-26,1972,Olympics,"XX Summer Olympic Games open in Munich, West Germany"
Aug-27,1908,Cricket,"Donald Bradman born in Cootamundra, NSW"
Aug-27,2000,Cricket,"Sachin Tendulkar becomes the first player to score 10,000 runs in One Day International cricket, reaching the milestone during a match against South Africa"
Aug-27,2004,Olympics,Australia wins its first-ever Olympic men's field hockey gold medal with a 2-1 win after extra time against the Netherlands in Athens
Aug-27,2018,Tennis,"Simona Halep becomes the first top-seeded woman to lose in the first round of the U.S. Open, losing to Kaia Kanepi 6-2, 6-4"
Aug-28,1949,Tennis,"USA wins the Davis Cup, defeating  Australia at Forest Hils (4-1)"
Aug-28,1992,Cricket,Test cricket debut of Muttiah Muralitharan against Australia in Colombo
Aug-28,1995,Cricket,Richie Richardson plays his last Test match
Aug-29,1914,AFL,"University play their last VFL game, also finish the season without a win"
Aug-29,1981,AFL,South Melbourne play their last game as South Melbourne before relocating to Sydney
Aug-29,2004,Olympics,"XXVIII Summer Olympic Games close at the Olympic Stadium in Athens, Greece"
Aug-30,1947,AFL,Fred Fanning kicks an AFL record 18 goals in a game
Aug-30,1984,Soccer,"Birthday of Spanish midfielder Andrés Iniesta, the hero of the 2010 World Cup final with his extra-time winning goal, regarded as one of the greatest midfielders of all time"
Aug-31,1931,Soccer,"PSV forms in Eindhoven, Netherlands"
Aug-31,1959,Tennis,"Australia wins the Davis Cup, beating USA in New York (3-2)"
Aug-31,1970,Tennis,"USA wins the Davis Cup, beating Germany in Cleveland (5-0)"
Sep-01,1947,Tennis,"USA wins the Davis Cup,  beating Australia in Forest Hills(4-1)"
Sep-02,1972,Olympics,"For the first time since the advent of the Modern Olympics in 1896, a non-American wins the pole vault gold medal; East German Wolfgang Nordwig clears 5.5m"
Sep-02,1989,AFL,"Trevor Barker retires from football, retiring with the unwanted VFL record of 230 games withoit playing in a final"
Sep-03,1995,Football,Carolina Panthers lose their debut NFL game in overtime 23-20 to the Atlanta Falcons
Sep-03,1995,Football,Jacksonville Jaguars fall to the Houston Oilers 10-3 in yhe Jaguars first game
Sep-04,1920,Horse Racing,"Man o' War wins the Lawrence Realization Stakes at Belmont Park by 100 lengths, the largest winning margin in modern thoroughbred racing history"
Sep-04,2002,Basketball,"Argentina pulls off one of the biggest upsets in basketball history, beating the US 87-80 in the second round of the World Championships; first US loss in 59 games since sending NBA players to international competition in 1992"
Sep-04,2013,Cricket,"Sachin Tendulkar announces his retirement from all forms of cricket after a record 24-year international career, becoming the sport's all-time leading run-scorer"
Sep-05,1922,Tennis,"USA wins the Davis Cup, beating Australasia in New York (4-1)"
Sep-05,1948,Tennis,"USA win the Davis Cup, beating Australia in Forest Hills (5-0)"
Sep-05,1969,Soccer,"Birthday of Dutch defender Clarence Seedorf, the only player to win the UEFA Champions League with three different clubs: Ajax (1995), Real Madrid (1998) and AC Milan (2003, 2007)"
Sep-05,1973,Cricket,West Indies lose by one wicket to England in the first one-day cricket international
Sep-05,2020,Horse Racing,Authentic wins Kentucky Derby to give trainer Bob Baffert his record-tying 6th Derby win
Sep-08,1998,Baseball,"Mark McGwire hits his 62nd home run of the season, breaking Roger Maris's single-season record that had stood for 37 years, in a game against the Chicago Cubs at Busch Stadium"
Sep-08,2022,Surfing,"Stephanie Gilmore wins her eighth world surfing title, becoming the most successful women's champion in history"
Sep-09,1971,Ice Hockey,Gordie Howe retires for the first time after 25 seasons with the Detroit Red Wings
Sep-09,1979,Car Racing,"South African wins the F1 Cxhampionship, becoming the first South African champion"
Sep-09,2023,Soccer,"Neymar scores his 78th goal for Brazil, surpassing Pele's record of 77, which had stood for 61 years"
Sep-10,1990,Tennis,"For the first time since 1968, all eight Grand Slam tennis champions are different people"
Sep-10,2016,AFL,"Brent Harvey finishes his AFL career, playing 432 games"
Sep-11,1926,Tennis,"USA wins the Davis Cup, beating France in Philadelphia (4-1)"
Sep-11,1960,Olympics,"XVII Summer Olympic Games close at Stadio Olimpico in Rome, Italy"
Sep-11,1972,Olympics,"XX Summer Olympic Games close at the Olympiastadion in Munich, West Germany"
Sep-11,1985,Cricket,"Sri Lanka achieves its first Test cricket victory, defeating India by 149 runs"
Sep-12,1920,Olympics,"VII Summer Olympic Games close at the Olympisch Stadion in Antwerp, Belgium"
Sep-12,1925,Tennis,"USA wins the Davis Cup, beating France in Philadelphia (5-0)"
Sep-12,1931,Rugby,"Inaugural Bledisloe Cup rugby match played between Australia and New Zealand at Eden Park, Auckland - NZ win 20-13"
Sep-12,1976,Football,Seattle Seahawks play their first regular-season game
Sep-12,1988,Basketball,"Birthday of NBA superstar James Harden, one of the most prolific scorers in NBA history who won the 2018 MVP award and led the Houston Rockets to numerous playoff appearances"
Sep-13,1924,Tennis,"USA win sthe Davis Cup, beating Australia in Philadelphia (5-0)"
Sep-15,1956,AFL,"For the first time in VFL history, the crowd exceeds 100,000 , 115,902 watching Melbourne beat Collingwood in the VFL Grand Final"
Sep-15,2000,Olympics,"XXVII Olympic Games opens at Sydney, Australia"
Sep-16,1869,Golf,Golf's first recorded hole-in-one is scored by Tom Morris at Prestwick's 8th hole in Scotland
Sep-17,1950,Football,San Francisco 49ers (formerly AAFC) play their first NFL game and lose 21-17
Sep-17,1961,Football,Minnesota Vikings' first NFL game; beat Chicago Bears 37-13
Sep-17,1988,Olympics,"XXIV Olympic games open at Seoul, South Korea"
Sep-18,1972,Ice Hockey,"Paul Henderson scores the winning goal with 34 seconds remaining in Game 8 to give Canada a 6-5 victory over the Soviet Union in the Summit Series, one of the most iconic moments in hockey history"
Sep-19,1986,Cricket,"Australian cricketer Dean Jones scores 210 v India at Madras, the terst would later finish in a tie"
Sep-20,1922,Football,Pittsburgh Steelers (as Pirates) play first NFL game and lose 23-2
Sep-20,1998,Tennis,"17-year-old Martina Hingis becomes the youngest world number one in women's tennis history, a record that still stands today"
Sep-21,1980,Football,LA Ram Johnnie Johnson scores a 99 yard interception
Sep-21,1980,Golf,"Birthday of Rory McIlroy in Holywood, Northern Ireland; he goes on to win four major championships and spend over 100 weeks as world number one before completing the career Grand Slam at the 2025 Masters"
Sep-21,2008,Baseball,Final home game is played at the original Yankee Stadium against the Baltimore Orioles
Sep-22,1986,Cricket,"India vs. Australia Test Cricket at Madras finishes in a tie, the second in Test Cricket history"
Sep-22,2025,Soccer,Ousmane Dembl (PSG/France) wins Ballon d'Or
Sep-24,1776,Horse Racing,First St Leger horse race held at Doncaster won by Allabaculia
Sep-24,1977,AFL,"Collingwood 10.16 (76) draw with North Melbourne 9.22 (76) in the VFL Grand Final, only the second drawn Grand Final in VFL history; the replay is held the following Saturday"
Sep-24,1983,AFL,Hawthorn defeat Carlton 122-80 in the VFL Grand Final to win the premiership; Robert DiPierdomenico wins the Norm Smith Medal for best on ground in the first year the award was presented to a player other than the 1982 inaugural winner
Sep-24,1988,Athletics,Carl Lewis runs a world record 100 m in 9.92 seconds
Sep-24,1994,AFL,West Coast Eagles defeat Geelong 136-122 in the AFL Grand Final to win their second premiership; Glen Jakovich wins the Norm Smith Medal
Sep-24,2022,AFL,Joel Selwood retires from AFL with an VFL/AFL record 40 finals games
Sep-24,2022,AFL,"Geelong defeat Sydney Swans 133-52 in the AFL Grand Final by 81 points, the second-largest margin in Grand Final history; Isaac Smith wins the Norm Smith Medal aged 33"
Sep-25,1971,AFL,"Peter Hudson equals Bob Pratt's record of 150 goals in a VFL season, famously kicks into the man on the mark(Barry Lawrence) when trying kick his 151st"
Sep-25,1982,AFL,"Maurice Rioli wins the first ever Norm Smith medal, awarded for best on ground in the VFL Grand Final"
Sep-25,1982,Car Racing,Keke Rosberg becomes the first Finn to win the Formula 1 World Drivers' Championship
Sep-25,1993,AFL,Essendon defeat Carlton 119-111 in the AFL Grand Final to win the premiership; Michael Tuck plays his final AFL game as Hawthorn fall in the preliminary final; James Hird wins the Norm Smith Medal
Sep-25,1999,Athletics,"Hicham El Guerrouj of Morocco runs the mile in 3:43.13 at the Golden Gala in Rome, setting the world record that still stands today, crowning one of the greatest middle-distance careers in athletics history"
Sep-25,1999,AFL,"North Melbourne defeat Carlton 115-80 in the AFL Grand Final to win the premiership; Andrew McLeod wins his second consecutive Norm Smith Medal, the first player to win back-to-back Norm Smith Medals"
Sep-25,2004,AFL,Port Adelaide defeat Brisbane Lions 119-73 in the AFL Grand Final to end Brisbane's three-peat bid and win the Power's first premiership; Brendon Lade wins the Norm Smith Medal
Sep-25,2010,AFL,"Collingwood and St Kilda draw 16.12 (108) to 16.12 (108) in the AFL Grand Final, only the third drawn Grand Final in VFL/AFL history and the first in the AFL era; the replay is held the following Saturday"
Sep-25,2021,AFL,"Melbourne defeat Western Bulldogs 140-66 in the AFL Grand Final to win the premiership, ending a 57-year drought; Christian Petracca wins the Norm Smith Medal in a dominant individual display"
Sep-26,1970,AFL,"A VFL record crowd of 121,696 watch Carlton defeat Collingwood in the Grand Final"
Sep-26,1983,Yachting," Australia II wins the America's Cup yacht race, becoming the first non-US winner in 132 years"
Sep-26,1987,AFL,Carlton defeat Hawthorn 96-80 in the VFL Grand Final to win the premiership; Mike Fitzpatrick wins the Norm Smith Medal
Sep-26,1998,AFL,Adelaide Crows defeat North Melbourne 115-92 in the AFL Grand Final to win back-to-back premierships; Andrew McLeod wins the Norm Smith Medal in a brilliant individual display
Sep-27,1986,AFL,Hawthorn defeat Carlton 113-83 in the VFL Grand Final to win the premiership; Jason Dunstall wins the Norm Smith Medal for best on ground
Sep-27,1992,AFL,"West Coast Eagles defeat Geelong 134-103 in the AFL Grand Final to win the premiership, becoming the first West Australian team to claim the VFL/AFL title; Peter Sumich wins the Norm Smith Medal"
Sep-27,1997,AFL,Adelaide Crows defeat St Kilda 130-98 in the AFL Grand Final to win their first ever premiership; Mark Bickley wins the Norm Smith Medal in a historic day for South Australian football
Sep-27,2003,AFL,"Brisbane Lions defeat Collingwood 124-80 in the AFL Grand Final to win three consecutive premierships, the last AFL club to achieve a three-peat; Luke Power wins the Norm Smith Medal"
Sep-27,2008,AFL,Hawthorn defeat Geelong 115-89 in the AFL Grand Final to upset the reigning two-time premiers; Luke Hodge wins the first of his two Norm Smith Medals
Sep-27,2014,AFL,Hawthorn defeat Sydney Swans 114-90 in the AFL Grand Final to win back-to-back premierships; Luke Hodge wins his second Norm Smith Medal
Sep-28,1964,Tennis,Australia wins the Davis Cup beating the USA in Cleveland (3-2)
Sep-28,1980,Car Racing,Australian Alan Jones clinches his first Formula 1 World Drivers' Championship
Sep-28,1985,AFL,Essendon defeat Hawthorn 133-74 in the VFL Grand Final to win back-to-back premierships; Gary Foulds wins the Norm Smith Medal for best on ground
Sep-28,1988,Olympics,Ukrainian pole vaulter Sergey Bubka wins his only Olympic gold medal with a vault of 5.90 m at the Seoul Games
Sep-28,1991,AFL,"Michael Tuck retires from football, finishing on 426 VFL/AFL games"
Sep-28,1991,AFL,"Hawthorn win the VFL premiership defeating West Coast Eagles 20.19 (139) to 17.12 (114), with Jason Dunstall kicking 9 goals in a brilliant individual performance"
Sep-28,1996,Horse Racing,"Frankie Dettori rides all 7 winners on the card at Ascot Racecourse, Berkshire, England"
Sep-28,1996,AFL,North Melbourne defeat Sydney Swans 111-104 in the AFL Grand Final to win the premiership; Wayne Carey wins the Norm Smith Medal with a matchwinning performance
Sep-28,2002,AFL,Brisbane Lions defeat Collingwood 149-105 in the AFL Grand Final to win back-to-back premierships; Michael Voss wins the Norm Smith Medal
Sep-28,2013,AFL,Hawthorn defeat Fremantle 108-84 in the AFL Grand Final to win the premiership; Jordan Lewis wins the Norm Smith Medal in a dominant Hawthorn display
Sep-28,2019,AFL,"Richmond defeat GWS Giants 114-105 in the AFL Grand Final to win their second premiership in three years; Dustin Martin wins the Norm Smith Medal for the second time, the first player to win the award on two separate occasions"
Sep-28,2020,Ice Hockey,Tampa Bay Lightning claim Stabley Cup  with a 2-0 game 6 win over Dallas Stars; win series 4-2
Sep-28,2024,AFL,"Sydney Swans defeat Brisbane Lions 80-76 in the AFL Grand Final in a one-point thriller to claim the premiership, one of the closest Grand Finals in history; Isaac Heeney wins the Norm Smith Medal"
Sep-29,1984,AFL,Essendon defeat Hawthorn 99-76 in the VFL Grand Final to win the premiership; Simon Madden wins the Norm Smith Medal for best on ground
Sep-29,1988,Olympics,Ben Johnson's gold medal from the 100m at the Seoul Olympics is stripped after he tests positive for stanozolol; Carl Lewis is awarded gold in what becomes one of sport's most notorious doping scandals
Sep-29,1990,AFL,"Collingwood defeat Essendon 113-85 in the AFL Grand Final to win the premiership, their first since 1958; Tony Shaw wins the Norm Smith Medal as the Magpies end their 32-year premiership drought"
Sep-29,2001,AFL,Brisbane Lions defeat Essendon 126-109 in the AFL Grand Final to win the premiership; Jason Akermanis wins the Norm Smith Medal in a stunning individual display
Sep-29,2002,Football,Seattle running back Shaun Alexander sets an NFL record for most touchdowns in a half with 5 in the 1st half of a 48-23 win against the Minnesota Vikings at Seahawks Stadium
Sep-29,2007,AFL,Geelong defeat Port Adelaide 163-44 in the AFL Grand Final by a record 119 points in the most one-sided Grand Final in history; Cameron Mooney wins the Norm Smith Medal
Sep-29,2012,AFL,Sydney Swans defeat Hawthorn 103-91 in the AFL Grand Final to win the premiership; Josh Kennedy wins the Norm Smith Medal in a hard-fought victory
Sep-29,2018,AFL,West Coast Eagles defeat Collingwood 118-96 in the AFL Grand Final; Dom Sheed kicks the match-winning goal late in the final quarter; Luke Shuey wins the Norm Smith Medal
Sep-30,1947,Baseball,"The first ever televised World Series baseball game, the NY Yankees beat the Brooklyn Dodgers 5-3 in Game 1 at Yankee Stadium"
Sep-30,1989,AFL,"Hawthorn defeat Geelong 119-90 in the VFL Grand Final to win their fourth premiership in six years; John Platten wins his second Norm Smith Medal, the first player to win the award twice"
Sep-30,1995,AFL,Carlton defeat Geelong 134-83 in the AFL Grand Final to win the premiership; Greg Williams wins the Norm Smith Medal in a dominant midfield display
Sep-30,2000,AFL,Essendon defeat Melbourne 122-67 in the AFL Grand Final by 55 points to win the premiership; Matthew Lloyd wins the Norm Smith Medal
Sep-30,2006,AFL,West Coast Eagles defeat Sydney Swans 90-84 in the AFL Grand Final in a tight rematch of the previous year; Daniel Kerr wins the Norm Smith Medal as West Coast reclaim the premiership
Sep-30,2017,AFL,"Richmond defeat Adelaide Crows 116-81 in the AFL Grand Final to win the premiership and end a 37-year drought; Dustin Martin wins the Norm Smith Medal, having also won the Brownlow Medal that year — the first player to win both in the same season"
Sep-30,2023,AFL,"Collingwood defeat Brisbane Lions 110-88 in the AFL Grand Final to win the premiership, ending a 13-year drought; Bobby Hill wins the Norm Smith Medal in an electric individual performance"
Oct-01,1933,Baseball,"Babe Ruth makes his final pitching appearance in MLB, pitching all 9 innings in a season-ending 6-5 win against the Boston Red Sox at Yankee Stadium"
Oct-01,1975,Boxing,"Muhammad Ali beats Joe Frazier in the ""Thriller in Manilla"""
Oct-01,1977,AFL,"North Melbourne defeat Collingwood 21.25 (151) to 19.10 (124) in the VFL Grand Final replay to win the premiership, one week after the second drawn Grand Final in VFL history"
Oct-01,1988,AFL,Hawthorn defeat Melbourne 96-85 in the VFL Grand Final to win the premiership; John Platten wins the Norm Smith Medal
Oct-01,1995,Football,Jacksonville Jaguars celebrate their first-ever NFL regular season win with a 17-16 victory over the Houston Oilers at the Astrodome
Oct-01,2000,Olympics,"XXVII Summer Olympic Games close at Stadium Australia in Sydney, Australia"
Oct-01,2005,AFL,Sydney Swans defeat West Coast Eagles 88-84 in the AFL Grand Final in one of the great Grand Finals; Leo Barry takes a match-saving mark in the final seconds to seal a two-point victory; Leo Barry wins the Norm Smith Medal
Oct-01,2011,AFL,Geelong defeat Collingwood 118-78 in the AFL Grand Final to win the premiership; Geelong captain Cameron Ling wins the Norm Smith Medal as the Cats dominate the reigning premiers
Oct-01,2015,Baseball,"NY Yankees record the 10,000th win"
Oct-01,2016,AFL,"Western Bulldogs defeat Sydney Swans 89-67 in the AFL Grand Final to win the premiership, ending a 62-year drought; Jason Johannisen wins the Norm Smith Medal in one of the great Grand Final individual performances"
Oct-02,1948,AFL,"Melbourne 10.9 (69) draw with Essendon 7.27 (69) in the VFL Grand Final at the MCG in front of 86,198 fans, the first drawn Grand Final in VFL history; the replay is held the following Saturday"
Oct-02,1958,AFL,"Birthday of AFL legend Kevin Bartlett, who played 403 games for Richmond and kicked 778 goals, winning five premierships and the 1972 Brownlow Medal"
Oct-02,1981,Horse Racing,"Seventeen-year-old gelding Behavin Jerry, the oldest winning racehorse in modern times, sets the record for the most career starts by a thoroughbred (307)"
Oct-02,1988,Olympics,XXIV Summer Olympic Games close at the Seoul Olympic Stadium
Oct-02,1988,Soccer,"Birthday of Spain and Barcelona midfielder Sergio Busquets, considered by many the greatest defensive midfielder of his generation and a key player in Spain's golden era"
Oct-02,2005,Football,"NFL plays its first regular season game outside the United States when the Arizona Cardinals defeat the San Francisco 49ers 31-14 in Mexico City, Mexico"
Oct-02,2010,AFL,Collingwood defeat St Kilda 113-104 in the AFL Grand Final replay after another draw the week before; Dane Swan wins the Norm Smith Medal as Collingwood end their 20-year premiership drought
Oct-03,1942,Horse Racing,"Whirlaway becomes the first thoroughbred to amass more than $500,000 in lifetime earnings"
Oct-03,1997,Ice Hockey,"First NHL game outside of North America: Vancouver Canucks beat Mighty Ducks of Anaheim 3-2 in Tokyo, Japan"
Oct-03,2007,Cricket,South Africa's Mark Boucher breaks Ian Healy's record to become the wicketkeeper with the most dismissals in Test cricket (395)
Oct-03,2008,Surfing,Kelly Slater clinches his record 9th world championship
Oct-03,2009,AFL,Geelong defeat St Kilda 81-74 in the AFL Grand Final to win the premiership; Steve Johnson wins the Norm Smith Medal as Geelong claim their second premiership in three years
Oct-03,2015,AFL,"Hawthorn defeat West Coast Eagles 111-79 in the AFL Grand Final to win three consecutive premierships, only the third club to achieve the feat; Cyril Rioli wins the Norm Smith Medal"
Oct-03,2021,Baseball,"Cleveland wins its last game under the Indians name, defeating the Texas Rangers 6-0"
Oct-04,1996,Cricket,"Pakistan all-rounder Shahid Afridi breaks the record for the fastest hundred in one-day cricket history, scoring 102 against Sri Lanka in a KCA Centenary Tournament match in Nairobi, reaching 100 in 37 balls"
Oct-05,1983,Horse Racing,"Jockey Jorge Velasquez wins his 5,000th career race riding Banquet Scene to victory in the fourth race at Belmont Park"
Oct-06,1920,Baseball,"1st brothers oppose each other in World Series, Cleveland's Wheeler Johnston pinch-hits as brother Jimmy plays 3rd base for Brooklyn"
Oct-06,1993,Basketball,Michael Jordan announces retirement from the NBA
Oct-06,2016,Basketball,"Kobe Bryant's number 8 and number 24 jerseys are retired by the Los Angeles Lakers in a ceremony at the Staples Center, honouring his 20-season career and five championships"
Oct-07,1972,Ice Hockey,The first New York Islanders NHL game takes place at Nassau Coliseum; the Calgary Flames win 3-2
Oct-08,1960,Rugby,Great Britain beats Australia 10-3 to win the Rugby Union World Cup
Oct-08,1992,Ice Hockey,Ottawa Senators' first NHL game
Oct-09,1948,AFL,"Melbourne defeat Essendon 13.11 (89) to 7.8 (50) in the VFL Grand Final replay to win the premiership, drawing a crowd of 52,226 one week after the first drawn Grand Final in VFL/AFL history"
Oct-09,1970,Ice Hockey,"Bobby Orr scores his 100th career NHL goal, continuing one of the most dominant performances by a defenceman in league history; Orr won the Norris Trophy as best defenceman eight consecutive times"
Oct-09,1989,Football,"First NFL game coached by an African American (Art Shell), as his LA Raiders beat the NY Jets 14-7"
Oct-09,1991,Ice Hockey,San Jose Sharks beat Calgary 4-3 for their first NHL win
Oct-09,2003,Cricket,"Matthew Hayden scores 380, the most runs in an innings by an Australian cricketer in a Test match"
Oct-10,1956,NFL,"Birthday of NFL icon Bo Jackson, the only professional athlete to be named an All-Star in two major American sports (NFL and MLB), whose career was cut short by injury in 1991"
Oct-10,1964,Olympics,"XVIII Summer Olympic Games open at the National Stadium in Tokyo, Japan"
Oct-11,1971,Tennis,"USA wins the Davis Cup, beating Romania in Charlotte (3-2)"
Oct-11,1980,Basketball,Dallas Mavericks open debut NBA season with a 103-92 victory against San Antonio Spurs
Oct-11,2020,Basketball,"Los Angeles Lakers defeat the Miami Heat 106-93 in Game 6 to win the NBA Championship in the NBA bubble at Disney World; LeBron James wins his fourth Finals MVP, tying Michael Jordan's record"
Oct-11,2024,Cricket,England beats Pakistan by an innings & 47 runs in 1st cricket Test in Multan; first time in Test history a side conceding 500 in 1st innings has gone on to win by an innings
Oct-12,1968,Olympics,"IXX Summer Olympic Games open at Mexico City, Mexico; first Olympics in Latin America"
Oct-13,1934,AFL,Bob Pratt becomes to first player to kick 150 goals in a VFL season
Oct-13,1975,Tennis,"Birthday of Maria Sharapova, who won five Grand Slam titles and was world number one for 21 weeks, becoming one of the most recognisable athletes in the world"
Oct-13,1992,Ice Hockey,Anaheim Mighty Ducks win their 1st NHL game
Oct-14,1970,Basketball,"Cleveland Cavaliers play their firdst game, losing to Buffalo Braves 107-92"
Oct-15,1810,Horse Racing,"Australia's first official, organized horse race meeting took place at Hyde Park, Sydney"
Oct-15,1972,Tennis,"USA wins the Davis Cup,  beating Romania 3-2 in Bucharest"
Oct-15,1995,Football,"Carolina Panthers win their first game, defeating the NY Jets 26-15"
Oct-15,1998,Cricket,Mark Taylor equals Don Bradman's Australian record of 334 in a test match
Oct-16,1952,Cricket,Pakistan's first Test cricket match starts against India in Delhi
Oct-16,1968,Olympics,"After running one two in 200m final, Tommie Smith & John Carlos raise their black gloved fist to raise awareness on human rights issues"
Oct-16,1969,Cricket,"Birthday of fast bowling great Glenn McGrath, who took 563 Test wickets and is considered Australia's greatest ever pace bowler"
Oct-17,2022,Soccer,Karim Benzema (Real Madrid/France) wins Ballon d'Or
Oct-18,1930,Horse Racing,Joseph Sylvester becomes the first jockey to win seven races in one day
Oct-18,2010,Horse Racing,"Frankel wins his first G1, winning ythe Dewhurst Stakes at Newmarket"
Oct-19,1960,Basketball,"Los Angeles Lakers play their first game,losing to the Syracuse Nationals 140-123"
Oct-20,1992,Baseball,"First Baseball World Series game is played outside the United States; Toronto Blue Jays beat Atlanta Braves 3-2 in Game 3 at SkyDome in Toronto, Ontario"
Oct-20,2012,Horse Racing,"Frankel wins his last race start,  the G1 Champion Stakes, finishing with the perfect record of 14 starts for 14 wins"
Oct-22,1995,Rugby,Jonah Lomu scores four tries as the All Blacks defeat England 45-29 in the Rugby World Cup semi-final; Lomu's performance is widely considered the greatest individual World Cup display in the sport's history
Oct-22,2024,Basketball,LeBron and Bronny James become the first father-son duo in NBA history to appear in a game together
Oct-23,1940,Soccer,"Edson Arantes do Nascimento (Pele) is born in Trs Coraes, Minas Gerais, Brazil"
Oct-24,1857,Soccer,"Sheffield FC is founded in Yorkshire, England, Recognized by FIFA as the oldest existing club still playing football in the world"
Oct-24,1964,Olympics,"XVIII Summer Olympic Games close at the National Stadium, Tokyo, Japan"
Oct-24,1992,Rugby,Australia beats Great Britain 10-6 to win the Rugby Union World Cup
Oct-24,1996,Cricket,Hasan Raza makes his Test cricket debut for Pakistan at the age of 14 years and 238 days
Oct-24,2004,Soccer,"Manchester United ends Arsenal recoerd 49 game unbeaten streak, winning  2-0 at Old Trafford"
Oct-24,2020,AFL,"Richmond defeat Geelong 81-50 in the AFL Grand Final at the Gabba in Brisbane, played in Queensland for the first time due to COVID-19 restrictions; Dustin Martin wins an unprecedented third Norm Smith Medal"
Oct-25,1952,Cricket,Nazar Mohammad scores Pakistan's first ever Test cricket century 
Oct-25,1964,Football,NFL Minnesota Vikings Jim Marshall runs 66 yards in the wrong direction for a safety
Oct-26,1863,Soccer,"The FA is established in London, United Kingdom"
Oct-26,1984,Basketball,"Michael Jordan plays firsrt NBA game, Chicago winning 109-92 against the Washington Bullets"
Oct-27,1968,Olympics,XIX Summer Olympic Games close at the Estadio Olympico Universitario in Mexico City
Oct-28,1900,Olympics,II Summer Olympic Games in Paris end after five months; no opening or closing ceremonies are held
Oct-28,1922,Horse Racing,Violoncello wins the first ever running of the Cox Plate
Oct-28,2023,Rugby,South Africa beats New Zealand 12-11 to the win Rugby Union World Cup and become first to win four World Cups
Oct-28,2024,Soccer,Rodri (Manchester City/Spain) wins Ballon d'Or
Oct-29,1960,Boxing,Muhammad Ali makes pro fighting debut
Oct-30,1974,Boxing,"Muhammad Ali beats George Foreman in the ""Rumble In The Jungle"" in Kinshasa , Zaire"
Oct-30,2023,Soccer,Lionel Messi (Inter Miami/Argentina) wins his 8th Ballon d'Or
Oct-31,1908,Olympics,"IV Summer Olympic Games close at White City Stadium in London, England"
Oct-31,1988,Football,"First ever  Monday Night NFL game played, Indianapolis Colts beat Denver Broncos 55-23"
Nov-01,1897,Soccer,Italian football club Juventus F.C. is founded
Nov-01,1938,Horse Racing,Seabiscuit  beats 1937 Triple Crown winner War Admiral by 3 lengths in a match race at Pimlico
Nov-01,1983,Horse Racing,"Kiwi wins the Melbourne Cup carrying 51.5kg from New Zealand trainer Snow Lupton, becoming one of the most popular Melbourne Cup winners and inspiring a children's book and film"
Nov-01,2000,Basketball,"Pat Riley becomes only 2nd coach in NBA history to accumulate 1,000 regular season victories"
Nov-01,2005,Horse Racing,"Makybe Diva wins her 3rd Melbourne Cup, becoming the first horse to achieve the feat"
Nov-02,1954,Horse Racing,"Rising Fast becomes the first (and only) horse to win the Caulfield Cup, Cox Plate and Melbourne Cup in the one year"
Nov-02,1971,Horse Racing,"Igloo becomes the first (and only) horse to run second in the Caulfield Cup, Cox Plate and Melbourne Cup in the one year"
Nov-02,2010,Horse Racing,"Americain wins the Melbourne Cup trained by Alain de Royer-Dupre and ridden by Gerald Mosse, continuing a strong record for international stayers in the race that stops a nation"
Nov-02,2019,Rugby,"South Africa wins the Rugby Union World Cup, beating England, 32-12"
Nov-03,2015,Horse Racing,Michelle Payne aboard Prince Of Penzance becomes the first ever female jockey to win the Melbourne Cup
Nov-04,1930,Horse Racing,Phar Lap wins the Melbourne Cup
Nov-06,1999,Rugby League,"Australia wins the Rugny League World Cup,  beating  France, 35-12 at Millenium Stadium, Cardiff"
Nov-07,1861,Horse Racing,Archer wins the first ever running of the Melbourne Cup
Nov-07,1991,Basketball,"Magic Johnson announces to the world that he is HIV positive, retiring from the NBA"
Nov-07,2017,Horse Racing,"Joseph O'Brien wins the Melbourne Cup with Rekindliong and at 24, becomes the youngest trainer to win the Melbourne Cup"
Nov-07,2023,Cricket,Australian cricket all-rounder Glenn Maxwell hits 201 not out; becoming the first to score double-ton in a ODI run chase
Nov-08,2010,Horse Racing,"Black Caviar wins her first G1, winning the Patinack Classic at Flemington"
Nov-09,1963,Cricket,"Birthday of legendary Sri Lanka spin bowler Muttiah Muralitharan, who holds the world record with 800 Test wickets"
Nov-10,1984,Horse Racing,"the first ever Breeders' Cup meeting at Hollywood Park; Chief's Crown, Eillo, Lashkari, Outstandingly, Princess Rooney, Royal Heroine, Wild Again the winners"
Nov-10,1991,Cricket,"South Africa plays its first international cricket match since 1970, a one-day match against India"
Nov-11,1946,Basketball,New York Knicks play their first Basketball Association of America (BAA)
Nov-11,1946,Basketball,"Detroit Gems play their first NBL game, after a year they became the Minneapolis Lakers, then the Los Angeles Lakers"
Nov-11,1987,Soccer,Mark Hughes plays for Wales and Bayern Munich in 2 countries on same day
Nov-12,1947,Cricket,"Birthday of Australian wicketkeeper Rod Marsh, who took 355 Test dismissals and forged one of cricket's most celebrated partnerships with Dennis Lillee, helping Australia dominate the 1970s and 80s"
Nov-12,1970,Basketball,Cleveland Cavaliers notch 1st NBA victory
Nov-13,1900,Baseball,Baltimore Orioles (now NY Yankees) enter baseball's American League
Nov-13,1954,Rugby,"Great Britain wins the first ever Rugby Union World Cup, beating France, 16-12"
Nov-13,2022,Cricket,England beats Pakistan by 5 wickets to win their second T20 World Cup
Nov-14,1998,AFL,"Birthday of AFL superstar Marcus Bontempelli, who captains the Western Bulldogs and won the 2016 premiership, regarded as one of the best midfielders of his generation"
Nov-14,2021,Cricket,"Australia wins their first ever Cricket T20 World Cup, beating New Zealand by 8 wickets"
Nov-16,1981,Cricket,Dennis Lillee kicks Javed Miandad after he had waved his bat at Dennis
Nov-16,2013,Cricket,"Sachin Tendulkar plays his last Test , scoring 74 in his last innings and finishing with 15,921, the most runs in Test Match history"
Nov-16,2021,Car Racing,"Guanyu Zhou confirmed as China's first F1 driver, racing for Alfa Romeo in 2022"
Nov-17,1940,Football,Green Bay Packers become the first NFL team to travel by plane
Nov-17,2013,Tennis,"Czech Republic wins the Davis Cup, beating Serbia in Belgrade (3-2)"
Nov-17,2013,Car Racing,Jimmie Johnson wins the NASCAR Sprint Cup for the sixth time
Nov-18,2012,Tennis,"Czech Republic wins the Davis Cup, beating Spain in Prague (3-2)"
Nov-19,1978,Baseball,"""The Miracle at the Meadowlands"", Eagles Herman Edwards returns a fumble for a touchdown with 31 seconds left to give Philadelphia a 19-17 victory over the rival New York Giants"
Nov-19,1989,Soccer,"USA beats Trinidad, 1-0, qualifing for 1990 world soccer cup finals, for the first time since 1950"
Nov-20,1878,Soccer,Newton Heath LYR Football Club (Manchester United) play their first game
Nov-21,1985,Soccer,"Birthday of Brazilian forward Alexandre Pato, once considered one of football's greatest talents; he scored 50 goals for AC Milan and was widely tipped to become one of the all-time greats before injuries curtailed his career"
Nov-22,1956,Olympics,"XVI Summer Olympic Games open at the MCG in Melbourne, Australia; first to be staged in Southern Hemisphere and  first to be held outside Europe and North America"
Nov-22,1974,Cricket,"Gordon Greenidge and Viv Richards make their Test debuts, playing India at  Bangalore"
Nov-22,2008,Rugby,New Zealand wins the Rugby Union World Cup beats Australia 34-20
Nov-22,2016,Ice Hockey,Vegas Golden Knights is revealed as the Las Vegas NHL expansion team's name
Nov-23,2014,Tennis,"Davis Cup Final: Switzerland win their maiden Davis Cup, beating France in Lille (3-1)"
Nov-24,1983,Cricket,Richie Richardson makes Test debut for the West Indies vs India in Bombay
Nov-24,2018,Cricket,Australian wins the ICC Women's Cricket T20 World Cup
Nov-25,2000,Rugby League,"Australia wins the World Cup,  beating New Zealand 40-12"
Nov-25,2006,Tennis,"Roger Federer finishes the year as world number one for the fourth consecutive time, matching the record set by Jimmy Connors and John McEnroe"
Nov-25,2018,Tennis,"Croatia wins the Davis Cup, beating France in Lille (3-1)"
Nov-26,2018,Surfing,Australian surfer Stephanie Gilmore wins her record equalling 7th world title
Nov-27,1961,Ice Hockey,"Gordie Howe becomes the first to play in 1,000 NHL games"
Nov-27,1966,Football,"Highest-scoring NFL game, Washington Redskins defeat NY Giants 72-41"
Nov-27,1970,Cricket,"Test Cricket debut of Rodney Marsh v England, Brisbane"
Nov-27,1979,Cricket,"1st day-night one-day cricket international, Australia v WI at SCG"
Nov-27,2006,Soccer,Fabio Cannavaro (Real Madrid/Italy) wins Ballon d'Or
Nov-27,2014,Cricket,Phillip Hughes dies two days after being struck on the head by a bouncer
Nov-27,2014,Surfing,Stephanie Gilmore wins her 6th women's world surfing title
Nov-28,1958,Cricket,Wes Hall makes his Test debut for West Indies v India in 1st Test at Bombay; Hall's match figures 4/107
Nov-28,1975,Cricket, Test cricket debut of Michael  Holding for West Indies against Australia in Brisbane
Nov-28,2005,Soccer,Ronaldhino (Barcelona/Brazil) wins Ballon d'Or
Nov-29,1899,Soccer,FC Barcelona is founded
Nov-29,1988,Basketball,"Birthday of NBA star Paul George, five-time All-Star and two-time Olympic gold medalist who has starred for the Indiana Pacers, Oklahoma City Thunder, LA Clippers, and Philadelphia 76ers"
Nov-29,2015,Tennis,"Great Britain wins the Davis Cup, beating Belgium in Ghent (3-1)"
Nov-29,2021,Soccer,Lionel Messi (PSG/Barcelona) wins his 7th Ballon d'Or
Nov-30,1872,Soccer,"1872 First international soccer game, Scotland draws with England (0-0) in Glasgow"
Nov-30,1928,Cricket,"Don Bradman makes his test debut, scoring 18 & 1"
Nov-30,1991,Soccer,"FIFA USA winsm the Women's World Cup Final, Tianhe Stadium, Guangzhou, China: Michelle Akers scores twice as the US defeats Norway 2-1"
Nov-30,1997,Tennis,"Sweden wins the Davids Cup, sweeping the USA in Gothenburg (5-0)"
Nov-30,2003,Tennis,"Australia wins the Davis Cup, beating Spain in Melbourne (3-1)"
Nov-30,2013,Rugby League,Australia defeats New Zealand 34-2 to win the World Cup
Dec-01,1886,Soccer,Dial Square FC (Arsenal FC) is founded
Dec-01,1974,Tennis,South Africa is awarded the Davis Cup tennis title after India refuses to travel to South Africa
Dec-01,1996,Tennis,"Sweden wins the Davis Cup, beating France in Malmo (3-2)"
Dec-01,1996,Cricket,South African cricket all-rounder Lance Klusener takes 8-64 on debut
Dec-01,2002,Tennis,"Russia wins the Davis Cup, beating France in Paris (3-2)"
Dec-01,2009,Soccer,Lionel Messi (Barcelona/Argentina) wins his first Ballon d'Or
Dec-02,1977,Cricket,First day of World Series Cricket at VFL Park in Melbourne
Dec-02,1992,Cricket,"Kiwi opening batsman John Wright becomes first New Zealander to make 5,000 runs in Test cricket "
Dec-02,2001,Tennis,"France win the Davis Cup, beating Australua in Sydney( 3-2)"
Dec-02,2007,Soccer,KakÊ(Milan/Brazil) wins the Ballon d'Or
Dec-02,2008,Soccer,Cristiano Ronaldo (Manchester United/Portugal) wins Ballon d'Or
Dec-02,2019,Soccer,Lionel Messi (Barcelona/Argentina) wins his 6th Ballon d'Or
Dec-03,1977,Basketball,Golden State Warriors terminates guard Latrell Sprewell's contract for attacking coach P.J. Carlesimo
Dec-03,1995,Cricket,England cricket wicket keeper Jack Russell dismisses Clive Eksteen with his record 11th catch in 2nd Test v South Africa in Johannesburg
Dec-03,2018,Soccer,Luka Modri_ (Real Madrid?Croatia) wins Ballon d'Or
Dec-04,1964,Cricket,"Test Cricket debut of Ian Chappell, v Pakistan MCG"
Dec-04,1977,Tennis,"Australia wins the Davis Cup, beating Italy in Sydney (3-1) "
Dec-04,1977,Football,"NFL's 5,000th game, Cincinnati beats KC 27-7"
Dec-04,1994,Tennis,"Sweden wins the Davis Cup, beating Russia in Moscow (4-1)"
Dec-04,2005,Tennis,"Croatia wins the Davis Cup, beating Slovak Republic in Bratislava (3-2)"
Dec-04,2011,Tennis,"Spain wis the 100th Davis Cup, beating Argentina in Seville (3-1)"
Dec-04,2021,Cricket,New Zealand cricket spin bowler Ajaz Patel (10-119) joins Jim Laker and Anil Kumble as the only three men to take all ten wickets in a Test innings
Dec-05,1974,Football,Seattle Seahawks forms
Dec-05,1993,Tennis,Germany wins the Davis Cup beating Australia in Dusseldorf (4-1)
Dec-05,1999,Tennis,Australia wins the Davis Cup beating France in Nice (3-2)
Dec-05,2004,Tennis,"Spain win the David Cup, beating USA in Seville (3-2)"
Dec-06,1963,Cricket,Test Cricket debut of Graeme Pollock at the Gabba
Dec-06,1970,Basketball,"Cleveland Cavaliers 1st NBA home victory, beating Buffalo Braves 108-106"
Dec-06,1988,Basketball,"Milwaukee Bucks win their 1,000th NBA game"
Dec-07,2017,Soccer,"Cristiano Ronaldo (Real Madrid/Portugal) wins his 5th Ballon d'Or, equalling Lionel Messi"
Dec-08,1956,Olympics,"XVI Summer Olympic Games close at the MCG in Melbourne, Australia; start of an Olympic tradition,  athletes mingling together"
Dec-08,1978,Cricket,"The first day/night World Series Cricket Supertest at VFL Park, Melbourne"
Dec-09,1892,Soccer,English football club Newcastle United founded
Dec-09,2000,Soccer,Tottenham defender Ledley King scores fastest goal in English Premier League history when he nets after 9.82 seconds against Bradford City
Dec-11,1981,Boxing,"Muhammad Ali fights his last professional fight, retiring with a record of 56 wins and 5 loses"
Dec-12,1959,Car Racing,Jack Brabham become first Australian F1 World Drivers Championship winner
Dec-12,1961,Soccer,Omar Svori (Juventus/Italy) wins Ballon d'Or
Dec-12,1981,Soccer,"Birthday of Spanish goalkeeper Iker Casillas, considered one of the greatest goalkeepers of all time, who won the World Cup and two European Championships with Spain"
Dec-12,2002,Soccer,Ronaldo (Real Madrid/Brazil) wins 2nd Ballon d'Or
Dec-12,2016,Soccer,Cristiano Ronaldo (Real Madrid/Portugal) wins his 4th Ballon d'Or
Dec-13,1960,Soccer,Luis Surez (Barcelona/Spain) wins Ballon d'Or
Dec-13,1966,Cricket,"Clive Lloyd makes Test debut, v India Bombay, 82 & 78"
Dec-13,2004,Soccer,Andriy Shevchenko (Milan/Ukraine) wins Ballon d'Or
Dec-14,2021,Basketball,"Steph Curry makes his 2,974th three-point shot to pass Ray Allen as the NBA's greatest career 3-point shooter "
Dec-15,1959,Soccer,Alfredo Di Stfano (Real Madrid/Spain) wins 2nd Ballon d'Or
Dec-15,1995,Soccer,"The European Communities Court of Justice hands down the ""Bosman ruling"", giving EU footballers the right to a free transfer at the end of their contracts, with the provision that they are transferring from one UEFA Federation to another."
Dec-16,1958,Soccer,Raymond Kopa (Real Madrid/France) wins Ballon d'Or
Dec-16,1972,Football,"Miami Dolphins become the first undefeated NFL team, going 14-0 in the regular season and winning all three postseason games to finish 17-0"
Dec-16,1982,Cricket,"Commencement of 1st Sheffield Shield cricket game, SA v NSW"
Dec-17,1957,Soccer,Alfredo Di Stfano (Real Madrid/Spain) wins Ballon d'Or
Dec-17,1963,Soccer,Lev Yashin (Dynamo Moscow/Russia) wins Ballon d'Or
Dec-17,2022,Football,"Minnesota Vikings recover from a 33-0 deficit at halftime to beat the Indianapolis Colts 39-36 in overtime,  the biggest comeback in NFL history"
Dec-18,1956,Soccer,Stanley Matthews (Blackpool/England) wins the first ever Ballon d'Or
Dec-18,1962,Soccer,Josef Masopust (Dulka Prague/Cezchoslovakia) wins Ballon d'Or
Dec-18,1970,AFL,"Birthday of AFL champion Robert Harvey, who played 383 games for St Kilda and won the Brownlow Medal twice (1997 and 1998), the only player to win back-to-back Brownlows since 1936"
Dec-18,2001,Soccer,Michael Owen (Liverpool/Engalnd) wins Ballon d'Or
Dec-19,2000,Soccer,Luis Figo (Real Madrid/Portugal) wins Ballon d'Or
Dec-20,1994,Soccer,Hristo Stoichkov (Barcelona/Bulgaria) wins Ballon d'Or
Dec-21,1969,Football,"Vince Lombardi (Washington Redskins) coaches his last football game, finishing with a 105-35-6 career"
Dec-21,1999,Soccer,Rivaldo (Barcelona/Brazil) wins Ballon d'Or
Dec-22,1962,Basketball,"1,000,000th NBA point is scored"
Dec-22,1964,Soccer,Denis Law (Manchester United/Scotland) wins Ballon d'Or
Dec-22,1992,Soccer,Marco Van Basten (Milan/Netherlands) wins 3rd Ballon d'Or
Dec-22,1998,Soccer,Zinedine Zidane (Juventus /France) wins Ballon d'Or
Dec-22,2003,Soccer,Pavel Nedv_dÊ(Juventus/Czech Republic) wins Balllon d'Or
Dec-23,1969,Soccer,Gianni Rivera (Milan/Italy) wins Ballon d'Or
Dec-23,1997,Soccer,Ronaldo (Inter Milan/Brazil) wins his first Ballon d'Or
Dec-24,1968,Soccer,George Best (Manchester United/Northern Ireland) wins Ballon d'Or
Dec-24,1985,Soccer,Michel Platini (Juventus/France)wins his 3rd Ballon d'Or
Dec-24,1991,Soccer,"Jean-Pierre Papin (Marseille/France) wins Ballon d'Or, the first player from the French League to win the trophy"
Dec-24,1995,Soccer,"George Weah (Milan/Liberia) wins Ballon d'Or, the first time where players born outside Europe permitted to receive votes"
Dec-24,1996,Soccer,Matthias Sammer (Borussia Ddortmund/Germnay) wins Ballon d'Or
Dec-25,1886,Soccer,Dial Square FC change their name to Arsenal FC
Dec-25,1973,Soccer,Johan Cruyff (Ajax/Barcelona/Netherlands) wins 2nd Ballon d'Or
Dec-25,1977,Soccer,Allan Simonsen (Borussia Mnchengladbach/Denmark) wins the Ballon d'Or 
Dec-25,1979,Soccer,Kevin Keegan (Hamburger SV/England) wins his 2nd consecutive Ballon d'Or
Dec-25,1984,Soccer,Michel Platini (Juventus/France)wins his 2nd Ballon d'Or
Dec-25,1990,Soccer,Lothar Matthus (Inter Milan/Germnay) wins Ballon d'Or
Dec-25,2020,Football,New Orleans running back Alvin Kamara equals Ernie Nevers & Gale Sayews record of 6 touchdowns in a match 
Dec-26,1965,Soccer,Eusebio (Benfica/Portugal) wins Ballon d'Or
Dec-26,1967,Soccer,Flrin Albert (Ferencvrosi/Hungary) wins Ballon d'Or
Dec-26,1971,Soccer,Johan Cruyff (Ajax/Netherlands) wins Ballon d'Or
Dec-26,1972,Soccer,Franz Beckenbauer (Bayern Munich/West Germany) wins Ballon d'Or
Dec-26,1985,Cricket,Steve Waugh makes his Test cricket debut against India at the MCG
Dec-26,1989,Soccer,Marco Van Basten (Milan/Netherlands) wins 2nd Ballon d'Or
Dec-26,2006,Soccer,"At 40 years, 268 days, Teddy Sheringham scores for West Ham United in a 2-1 loss to Portsmouth at Upton Park, London; becoming the oldest goalscorer in EPL history"
Dec-27,1966,Soccer,Bobby Charlton (Manchester United/England) wins Ballon d'Or
Dec-27,1978,Soccer,Kevin Keegan (Hamburger SV/England) wins his 1st of 2 consecutive Ballon d'Or's
Dec-27,1983,Soccer,Michel Platini (Juventus/France)wins first of his three Ballon d'Or's
Dec-27,1985,Cricket,"Australian captain Allan Border becomes the highest run-scorer in Test history, surpassing Sunil Gavaskar's record of 9,114 runs during the Boxing Day Test in Melbourne"
Dec-27,1988,Soccer,Marco Van Basten (Milan/Netherlands) wins Ballon d'Or
Dec-28,1934,Cricket,First ever Women's cricket international begins England vs Australia in Australia
Dec-28,1976,Soccer,Franz Beckenbauer (Bayern Munich/West Germany) wins his 2nd Ballon d'Or
Dec-28,1982,Soccer,Paolo Rossi(Juventus/Italy) wins Ballon d'Or
Dec-28,1993,Soccer,Roberto Baggio (Juventus/Italy) wins Ballon d'Or
Dec-28,2021,Cricket,Scott Boland takes 6 for 7 on debut at the MCG against England
Dec-29,1906,Ice Hockey,"Stanley Cup, Montreal Arena, Westmount, Quebec: Montreal Wanderers beat New Glasgow (NS), 7-2 for 17-5 aggregate challenge series victory"
Dec-29,1970,Soccer,Gerd Mller (Bayern Munich/West Germany) wins Ballon d'Or
Dec-29,1981,Soccer,Karl-Heinz Rummenigge (Bayern Munich/Germany) wins his second consecutive Balllon d'Or
Dec-29,1987,Soccer,Ruud Gullit (Milan/Netherlands) wins Ballon d'Or
Dec-30,1975,Soccer,Oleg Blokhin (Dynamo Kyiv/Russia) wins Ballon d'Or
Dec-30,1975,Basketball,"Birthday of NBA guard Tracy McGrady, who won back-to-back NBA scoring titles in 2003 and 2004 with the Orlando Magic and Houston Rockets before injuries hampered a potentially legendary career"
Dec-30,1980,Soccer,Karl-Heinz Rummenigge (Bayern Munich/Germany) wins Balllon d'Or
Dec-30,1986,Soccer,Igor Belanov (Dynamo Kyiv/Russia) wins Ballon d'Or
Dec-30,1990,Basketball,"Scott Skiles has 30 assists against the Denver Nuggets, suprassing Kevin Porter's 29"
Dec-31,1974,Soccer,Johan Cruyff (Barcelona/Netherlands) wins 3rd Ballon d'Or
Dec-31,1976,Basketball,"1967 1st NBA game at Great Western Forum, LA Lakers beat Houston 147-118"
Dec-31,1984,Cricket,"Test Cricket debut of Mohammad Azharuddin, v England at Calcutta"
Dec-31,2002,Horse Racing,New Zealand's champion mare Sunline is retired having won 32 of her 48 starts and earning over $11 million in prize money; she was named Horse of the Year five times and is considered one of Australasia's greatest racehorses
Dec-31,2018,Basketball,James Harden scores 43 points in Rockets' 113-101 win over Memphis Grizzlies; 4th straight NBA game with 40+ points and 8th straight with 35+; joins Oscar Robertson as only player with at least 35 points & 5 assists in 8 straight games
